:020000040800F2
:10000000000008240D2100084119000849190008C2
:100010005119000859190008611900080000000072
:10002000000000000000000000000000D1DD00081A
:10003000691900080000000021E00008C1B70008AD
:100040005D2100085D2100085D2100085D21000898
:100050005D2100085D2100085D2100085D21000888
:100060005D2100085D2100085D2100087919000864
:100070008D1900085D2100085D2100085D21000840
:100080005D2100085D2100085D2100085D21000858
:100090005D2100085D2100085D2100085D21000848
:1000A0005D2100085D2100085D2100085D21000838
:1000B0005D2100085D2100085D2100085D21000828
:1000C0005D2100085D2100085D2100085D21000818
:1000D0005D210008A11900085D210008B51900087C
:1000E0005D2100085D210008000000005D2100087E
:1000F0005D2100085D2100085D2100085D210008E8
:100100005D2100085D2100085D2100085D210008D7
:100110005D2100085D2100085D210008C919000863
:100120005D2100085D2100085D2100085D210008B7
:100130005D2100085D2100085D2100085D210008A7
:1001400000000000000000000000000000000000AF
:100150005D2100085D2100085D2100085D21000887
:100160005D2100085D2100085D2100085D21000877
:100170005D2100085D2100085D21000800000000ED
:100180005D2100085D2100085D2100085D21000857
:100190005D2100085D2100085D2100085D21000847
:1001A0005D2100085D2100085D2100085D21000837
:1001B0005D2100085D2100085D2100085D21000827
:1001C0005D2100085D2100085D2100085D21000817
:1001D0005D2100085D2100085D2100085D21000807
:1001E0005D2100085D2100085D2100085D210008F7
:1001F0005D2100085D2100085D2100085D210008E7
:100200005D2100085D2100085D2100085D210008D6
:100210005D2100085D2100085D2100085D210008C6
:100220005D2100085D2100085D210008000000003C
:100230005D2100085D210008000000005D2100082C
:100240005D2100085D2100085D2100085D21000896
:100250005D2100085D2100085D2100085D21000886
:100260005D2100085D2100085D2100085D21000876
:100270005D2100085D2100085D21000800000000EC
:100280005D2100085D2100085D21000800000000DC
:08029000000000005D210008E0
:1002A00010F8012B11F8013B012A28BF9A42F7D020
:1002B000D01A70470000000000000000000000009D
:1002C00001F0FF01102A2BDB10F0070F08D010F807
:1002D000013B013A8B422DD010F0070F42B3F6D10B
:1002E000F0B441EA012141EA014122F007047FF024
:1002F00000070023F0E80256083C85EA010586EA7B
:10030000010685FA47F5A3FA87F586FA47F6A5FAB6
:1003100087F68EB9EED1F0BC01F0FF0102F00702C2
:1003200032B110F8013B013A83EA010313B1F8D16D
:100330000020704701387047002D06BF354603384E
:10034000073815F0010F07D1013015F4807F02BF87
:10035000013015F4C03F0130F0BC0138704700BFD8
:10036000034613F8012B002AFBD1181A01387047F5
:100370007BB972B90029BEBF00204FF0004106E0F2
:1003800008BF00281CBF6FF000414FF0FF3000F0A5
:1003900057B8ADF1080C6DE904CE002909DB002B3C
:1003A0001ADB1EF04FF9DDF804E0DDE9022304B0AA
:1003B0007047404261EB4101002B1BDB1EF042F90C
:1003C000DDF804E0DDE9022304B0404261EB4101C5
:1003D000524263EB43037047524263EB43031EF008
:1003E00031F9DDF804E0DDE9022304B0404261EBBD
:1003F00041017047524263EB43031EF023F9DDF8DD
:1004000004E0DDE9022304B0524263EB430370478A
:1004100053B94AB9002908BF00281CBF4FF0FF316B
:100420004FF0FF3000F00CB8ADF1080C6DE904CED0
:100430001EF008F9DDF804E0DDE9022304B070479E
:10044000704700BF10B5054C237833B9044B13B186
:100450000448AFF300800123237010BDF80400248A
:100460000000000000E9010808B5034B1BB1034977
:100470000348AFF3008008BD00000000FC04002426
:1004800000E9010880B500AF094B1B780133DAB2EF
:10049000074B1A70064B1B78142B07D9044B00220C
:1004A0001A704FF40051034805F047F800BF80BDB3
:1004B000140500240008025880B582B000AF0CF08B
:1004C00077FC03467B6006481BF0E6FFFFF7DAFF88
:1004D0003B1D0A2118460CF099FA00BFF6E700BF51
:1004E00018E9010880B485B000AF03460A46FB71E5
:1004F0001346BB804FF0FF33FB60FB79012B08D024
:10050000FB79022B05D0FB79032B02D0FB79042B5E
:1005100010D1B7F90430B43B40F6980202FB03F364
:100520001B4A82FB03121A44D211DB179B1A03F5F4
:100530006173FB60FB79052B0FD1B7F9043040F6EE
:10054000F84202FB03F3134A82FB03121A4412120D
:10055000DB17D31A03F5BE73FB60FB79062B0FD1B3
:10056000B7F9043040F6980202FB03F3084A82FB15
:1005700003121A44D211DB17D31A03F56173FB601F
:10058000FB6818461437BD465DF8047B704700BF12
:10059000B7600BB649D6B9F280B485B000AF034658
:1005A0000A46FB711346BB804FF0FF33FB60B7F97F
:1005B0000430002B01DAFB685DE0FB79012B08D0E9
:1005C000FB79022B05D0FB79032B02D0FB79042B9E
:1005D00018D1B7F90430A3F5617307EE903AB8EE7D
:1005E000E76B9FED295B86EE057B9FED296B27EE80
:1005F000067B9FED296B37EE067BFDEEC77B17EE82
:10060000903AFB60FB79052B18D1B7F90430A3F5BC
:10061000BE7307EE903AB8EEE76B9FED215B86EE76
:10062000057B9FED216B27EE067BB6EE006B37EE68
:10063000067BFDEEC77B17EE903AFB60FB79062B3D
:1006400018D1B7F90430A3F5617307EE903AB8EE0C
:10065000E76B9FED0D5B86EE057B9FED156B27EE3F
:10066000067BB6EE006B37EE067BFDEEC77B17EE22
:10067000903AFB60FB6818461437BD465DF8047B72
:10068000704700BFAFF30080000000000030A140C1
:1006900000000000008066C000000000009066407E
:1006A0000000000000F0A9400000000000E07040E1
:1006B000000000000080664090B486B000AF0446A1
:1006C000084611461A462346FB800346BB800B466C
:1006D0007B8013463B80FB883B81BB887B817B888A
:1006E000BB813B88FB813B8C3B82BB8C7B820023A4
:1006F0007B6126E07B695B0018333B4433F8101CB8
:10070000144A7B6922F81310124A7B6932F81330BD
:10071000B3F57A6F06D90F4A7B694FF4FA6122F874
:1007200013100BE00B4A7B6932F813305F2B05D8AE
:10073000084A7B694FF4FA6122F813107B69013390
:100740007B617B69052BD5DD00BF00BF1837BD4637
:1007500090BC70470000002480B596B000AF0346FF
:10076000FB80FF2387F85530FF2387F85430FE23A2
:1007700087F85330222387F85230832387F851308B
:100780002A2387F85030042387F84F30864A07F130
:10079000440392E803001860043319800023FB63CC
:1007A0000023A7F8403000237B6300233B8700230E
:1007B00087F85730FB881B0A9BB287F84E30FB88BE
:1007C00087F84D30002387F8563041E097F85630CF
:1007D000764A32F813301B0A9AB297F85630D2B2E2
:1007E00058333B4403F81C2C97F856306F4A32F8C4
:1007F000132097F85630D2B258333B4403F8242CD8
:1008000097F8563058333B4413F8142C97F8573068
:100810001344DAB297F8563058333B4413F81C3C73
:100820001344DAB297F8563058333B4413F8243C5B
:100830001344DAB297F84E301344DAB297F84D30D9
:10084000134487F8573097F85630013387F85630FD
:1008500097F85630052BB9D997F8532097F85230AE
:100860001344DAB297F851301344DAB297F85030A3
:100870001344DAB297F84F301344DAB297F857308E
:100880001344DBB2DB4387F84C3097F855303B73A9
:1008900097F854307B7397F85330BB7397F8523006
:1008A000FB7397F851303B7497F850307B7497F88E
:1008B0004F30BB7497F84430FB7497F83C303B756D
:1008C00097F834307B7597F84E30BB7597F84D30FC
:1008D000FB7597F845303B7697F83D307B7697F877
:1008E0003530BB7697F84E30FB7697F84D303B7736
:1008F00097F846307B7797F83E30BB7797F83630DD
:10090000FB7797F84E3087F8203097F84D3087F80E
:10091000213097F8473087F8223097F83F3087F832
:10092000233097F8373087F8243097F84E3087F81F
:10093000253097F84D3087F8263097F8483087F8FB
:10094000273097F8403087F8283097F8383087F804
:10095000293097F84E3087F82A3097F84D3087F8CD
:100960002B3097F8493087F82C3097F8413087F8CA
:100970002D3097F8393087F82E3097F84E3087F8B9
:100980002F3097F84D3087F8303097F84C3087F893
:10099000313007F10C032621184600F0C7F800BFDC
:1009A0005837BD4680BD00BF2CE901080000002477
:1009B00080B584B000AF0346FB710B46BB80134685
:1009C0007B80B7F90420FB7911461846FFF78AFDB2
:1009D0000346FB81B7F90E30002B06DBF9897A88D4
:1009E000FB79184600F0B4F800E000BF1037BD46B0
:1009F00080BDB0B588B002AF0446084611461A461D
:100A00002346FB800346BB800B467B8013463B801E
:100A1000B7F9063019460120FFF764FD0346FB8253
:100A2000B7F9043019460220FFF75CFD0346BB828C
:100A3000B7F9023019460320FFF754FD03467B82C5
:100A4000B7F9003019460420FFF74CFD03463B82FE
:100A5000B7F9283019460520FFF744FD0346FB810E
:100A6000B7F92C3019460620FFF73CFD0346BB8141
:100A7000F88AB98A7C8A3D8AFB89BA8901920093F7
:100A80002B462246FFF718FE3B8E1846FFF764FE02
:100A900000BF1837BD46B0BD80B584B000AF034677
:100AA000FB710023FB81FB79184600F00DF903462A
:100AB000BB81B7F90C20FB7911461846FFF76CFD96
:100AC0000346FB81B7F90E3018461037BD4680BD8E
:100AD00080B500AF022308220349044807F082FFD3
:100AE0000346184680BD00BF18050024D80700241F
:100AF00080B483B000AF00237B6007E0094A7B68C5
:100B0000134400221A707B6801337B607B68072BDB
:100B1000F4DD054B00221A7000BF0C37BD465DF8AE
:100B2000047B7047180500242005002480B582B09E
:100B300000AF78600B467B807A88FF237968034892
:100B400007F0C2FE00BF0837BD4680BDD8070024AD
:100B500080B588B000AF0346FB710B46BB801346DF
:100B60007B80FF23FB77FF23BB77FB797B77072312
:100B70003B770323FB762A23BB76BB88B3F57A6FDA
:100B800003D94FF47A63BB8004E0BB885F2B01D8A4
:100B90006023BB80BB881B0A9BB27B76BB883B76FD
:100BA0007B881B0A9BB2FB757B88BB757A7F3B7F7A
:100BB0001344DAB2FB7E1344DAB2BB7E1344DAB2DA
:100BC0007B7E1344DAB23B7E1344DAB2FB7D1344DE
:100BD000DAB2BB7D1344DBB2DB437B75FB7F3B7238
:100BE000BB7F7B727B7FBB723B7FFB72FB7E3B7369
:100BF000BB7E7B737B7EBB733B7EFB73FB7D3B7459
:100C0000BB7D7B747B7DBB7407F108030B21184609
:100C1000FFF78CFF00BF2037BD4680BD80B485B094
:100C200000AF03463960FB713B681B78FB733B6880
:100C30005B78BB733B689B787B7300233B7300231B
:100C40007B81FB7BFF2B06D1BB7BF52B03D1FA7994
:100C50007B7B9A4202D04FF0FF332FE03B68023398
:100C60001A783B6803331B781344DAB23B680433C9
:100C70001B781344DAB23B6805331B781344DAB2AD
:100C80003B6806331B781344DBB2DB433B733B68A2
:100C900007331B783A7B9A420ED13B6805331B78A9
:100CA0001B021AB23B6806331B781BB213431BB2FC
:100CB0007B81B7F90A3001E04FF0FF331846143753
:100CC000BD465DF8047B704780B588B000AF034631
:100CD000FB71FF237B77FF233B77FB79FB760423B4
:100CE000BB7602237B7638233B760223FB754FF6D7
:100CF000FF73FB83FA7EBB7E1344DAB27B7E134420
:100D0000DAB23B7E1344DAB2FB7D1344DBB2DB4341
:100D1000BB757B7F3B733B7F7B73FB7EBB73BB7E73
:100D2000FB737B7E3B743B7E7B74FB7DBB74BB7D26
:100D3000FB74FFF7DDFE07F10C0308211846FFF7EF
:100D4000F5FEFFF7C5FE0346002B06D1FB7E0649E4
:100D50001846FFF763FF0346FB83B7F91E301846BA
:100D60002037BD4680BD00BF1805002480B582B085
:100D700000AF2E4B1B781846FFF78EFE0346FB8014
:100D80002A4B1B78013B052B26D801A252F823F0F1
:100D9000A90D0008B10D0008B90D0008C10D00082B
:100DA000C90D0008D10D0008214AFB88138014E00A
:100DB0001F4AFB88538010E01D4AFB8893800CE09B
:100DC0001B4AFB88D38008E0194AFB88138104E0A2
:100DD000174AFB88538100E000BF144B1B78013396
:100DE000DAB2124B1A70114B1B78062B19D9114B22
:100DF0001B885A1C91B20F4A11801BB2C3F30E0319
:100E00001AB20B4B9A81002209490B4810F018FBCB
:100E10000346002B02D009481BF03EFB034B012286
:100E20001A7000BF0837BD4680BD00BF0D0000240A
:100E30004C0500244E0600244805002434E901082E
:100E4000B0B500AF01F0DCF9034600221C461546A0
:100E500022462B4610461946B0BD0000B0B588B0FA
:100E600000AFFFF7EDFFC7E904010023FB770DE0BA
:100E70004FF47A7013F01EFDFB7F0133FB7713F004
:100E8000F3FC0346002B01D00523FB77FB7F042BEB
:100E9000EED913F0E9FC034683F00103DBB2002B2B
:100EA00012D04FF47A7013F005FDF860FB68002B48
:100EB0000AD0FA689F210F481BF086FA0E4B0522D4
:100EC0001A6000200BF02EFD13F0D8FCC7E90001DA
:100ED000FFF7B6FFC7E90401D7E90001D7E904230A
:100EE000841A61EB0305054BC3E9004500BF2037B9
:100EF000BD46B0BD54E9010824050024380600248D
:100F000080B586B000AF3B1D184611F08DFD0F4B2C
:100F10007B600F4BBB600F4BFB600F4B3B613B1D7E
:100F2000184611F08FFD034683F00103DBB2002B5E
:100F300006D0C42109481BF047FA4FF0FF3300E008
:100F4000002318461837BD4680BD00BF89B300088E
:100F5000CDB3000805B4000871B4000878E90108B1
:100F600080B588B004AF78600023FB607B68029393
:100F7000074B0193074B0093074B084A0849012090
:100F800012F0B2F9F860FB6818461037BD4680BD14
:100F9000ADB1000851B1000831B1000805B1000839
:100FA0004407002480B500AF0A4B1B680133094A8F
:100FB0001360084B1B68642B08DD064B00221A6087
:100FC0000121642012F0A8F9034600E0002318462E
:100FD00080BD00BF5006002480B586B000AF7860A9
:100FE0007B687B617B691B78FB747B695B883B82D8
:100FF0007B699B88FB81F97CB7F91020B7F90E302B
:1010000007481BF0E1F9B7F90E20B7F91010FB7C87
:101010001846FFF7CDFC00BF1837BD4680BD00BFA6
:10102000A0E90108F0B589B004AF78607B68FB6087
:10103000FB68B3F90000FB68B3F90240FB68B3F941
:101040000450FB68B3F90660FB68B3F90830FA682E
:10105000B2F90A20F968B1F90C10029101920093DB
:1010600033462A462146FFF7C4FC00BF1437BD466D
:10107000F0BD0000B0B5B8B002AF0023C7F8D4305F
:10108000B94C07F18803184611F0FAFC254607F120
:1010900088040FCC0FC523682B600FF053FD034667
:1010A000C7F8A830B04B07F1A8046D4603F10C0255
:1010B00092E8030085E803000ECB20460FF044FDC4
:1010C000C7F8D000D7F8D030002B0CD0D7F8D020FC
:1010D0004FF48A71A5481BF077F9A54B05221A60D9
:1010E00000200BF01FFCA34B1B781A4607F1A80346
:1010F000114618460FF026FEC7F8CC00D7F8CC30C2
:10110000002B0CD0D7F8CC2040F2151197481BF0DB
:101110005BF9974B05221A6000200BF003FC07F1E6
:10112000A80318460FF016FEC7F8C80032200AF0D0
:101130003DFC904B1B7819468F481BF045F9D7F8BA
:10114000C800FFF70DFFFFF7DBFE4FF4FA700AF05F
:101150002DFC07F1A803844A009200220021874851
:101160000FF0FEF9C7F8D400D7F8D430002B03D025
:1011700083481BF091F9E8E700BF82481BF08CF927
:10118000FFF76CFE804C07F1880318460FF00AFE4B
:10119000224607F1880393E8030082E80300774BB7
:1011A0007A4A7B4978480FF0A1FAC7F8C400D7F80B
:1011B000C430002B0CD0D7F8C4204FF494716B4886
:1011C0001BF002F96A4B05221A6000200BF0AAFB03
:1011D000704B1B780133DAB26E4B1A700DF0ECF9DC
:1011E00002466D4B68496D480FF06CFBC7F8C000B4
:1011F000D7F8C030002B0CD0D7F8C0204FF4967130
:101200005A481BF0E1F85A4B05221A6000200BF0F7
:1012100089FB604B1B780133DAB25E4B1A700DF01C
:10122000B3F902465E4B58495E480FF04BFBC7F8D6
:10123000BC00D7F8BC30002B0CD0D7F8BC2040F253
:1012400033114A481BF0C0F8494B05221A600020B0
:101250000BF068FB0DF098F90246534B4A4953488E
:101260000FF0F6FAC7F8B800D7F8B830002B0CD05A
:10127000D7F8B82040F239113C481BF0A5F83C4B98
:1012800005221A6000200BF04DFB424B1B781946DB
:1012900047481BF099F8474C3B4618460EF074FE41
:1012A00020463B46882219461BF08FFB394B1B78A2
:1012B0001A462D4B31493F480EF072FEC7F8B40074
:1012C000D7F8B430002B0CD0D7F8B42040F241113D
:1012D00026481BF079F8264B05221A6000200BF0F7
:1012E00021FB00230093344B344A2C4931480EF043
:1012F000D3FEC7F8B000D7F8B030002B0CD0D7F829
:10130000B0204FF4A27119481BF05EF8184B05226B
:101310001A6000200BF006FB00230093284B294A9B
:10132000204924480EF0B8FEC7F8AC00D7F8AC301E
:10133000002B0CD0D7F8AC2040F24B110B481BF01F
:1013400043F80B4B05221A6000200BF0EBFA012248
:101350004FF480411C4804F0D7F80BF029FD0346F8
:10136000C7F8A43045E000BF5C05002454E901083B
:10137000240500240C000024B8E9010870050024AD
:10138000CCE90108E4E90108300600244406002401
:10139000FCE90108400600240CEA010828050024A5
:1013A00018EA01083405002424EA0108480500244D
:1013B0003CEA0108A8050024D90F00082C050024E8
:1013C000251000083805002400080258164A4FF07E
:1013D000000316480FF08AF8FFF7C8FCFFF7E2FD9C
:1013E0000346002B0AD107F1A4030A2118460BF08B
:1013F0000DFB0F4B1B68022BE8DD00E000BF002255
:101400004FF480410B4804F07FF80B481BF044F880
:101410000A481BF041F80A200BF078FB00F0FFFFB0
:1014200000BFD837BD46B0BD80969800A8050024FF
:10143000240500240008025850EA010860EA010867
:1014400080B582B000AF114BD3F8D8300F4A43F0CB
:101450000103C2F8D8300D4BD3F8D83003F00103A4
:101460007B607B68002205210B2000F0B0FF0B2081
:1014700000F0C7FF002205210C2000F0A8FF0C207F
:1014800000F0BFFF00BF0837BD4680BD00440258D2
:1014900080B500AF084A002108480AF0F5F9034674
:1014A000074A1360074A002107480AF0EDF903468E
:1014B000064A136000BF80BD48EB0108D114000844
:1014C000540600246CEB0108E714000858060024B9
:1014D00080B582B000AF7860FEF7EEFF4FF47A700F
:1014E0000AF064FAFAE780B582B000AF7860642051
:1014F0000AF05CFAFFF7BEFD4FF47A700AF056FA74
:10150000FAE7000080B58AB000AF07F114030022AB
:101510001A605A609A60DA601A61324BD3F8E03090
:10152000304A43F00403C2F8E0302E4BD3F8E030E9
:1015300003F004033B613B692A4BD3F8E030294AAE
:1015400043F08003C2F8E030264BD3F8E03003F0DC
:101550008003FB60FB68234BD3F8E030214A43F063
:101560001003C2F8E0301F4BD3F8E03003F0100353
:10157000BB60BB681B4BD3F8E0301A4A43F008034A
:10158000C2F8E030174BD3F8E03003F008037B607B
:101590007B68144BD3F8E030124A43F00103C2F8E1
:1015A000E030104BD3F8E03003F001033B603B68C0
:1015B00000224FF4C0410C4803F0A6FF4FF4C04393
:1015C0007B610123BB610023FB6100233B6207F1C8
:1015D00014031946044803F0E7FD00BF2837BD4651
:1015E00080BD00BF004402580008025880B500AF1B
:1015F00000F0D8F800F0B4FD00F012F8FFF782FF19
:10160000FFF71EFF00F068FB00F0B4FB00F018FBD2
:101610000AF0F0F8FFF73CFF0AF010F900BFFDE711
:1016200080B59EB000AF07F12C034C220021184674
:101630001BF0A8F807F10C032022002118461BF02C
:10164000A1F8022003F094FF0023BB60484BDB6A43
:10165000474A23F00103D362454BDB6A03F00103E1
:10166000BB60444B9B69434A43F440439361414B05
:101670009B6903F44043BB60BB6800BF3D4B9B6963
:1016800003F40053B3F5005FF8D13B4BD3F8F430CB
:10169000394A43F00203C2F8F430374BD3F8F43040
:1016A00003F002037B607B6800233B60314B9B6946
:1016B000304A43F4404393612E4B9B6903F440430B
:1016C0003B602B4BDB6A2A4A43F00103D362284B71
:1016D000DB6A03F001033B603B6800BF254B9B695D
:1016E00003F40053B3F5005FF8D10123FB624FF41C
:1016F00080333B6302233B6502237B650523BB6587
:10170000C023FB6502233B6608237B660223BB667E
:101710000823FB6600233B6700237B6707F12C034C
:10172000184603F05FFF0346002B01D000F078F865
:101730003F23FB6003233B6100237B610823BB61E4
:101740004023FB6140233B624FF480637B62402374
:10175000BB6207F10C030421184604F09DFB03460D
:10176000002B01D000F05CF800BF7837BD4680BD8B
:1017700000040058004802580044025880B584B064
:1017800000AFF860B9607A607B689AB2FF23B968ED
:10179000034807F099F87B6818461037BD4680BDAE
:1017A000B006002480B584B000AF3B4600221A602A
:1017B0005A609A60DA6000F037FE01233B70002324
:1017C0007B7000237B601F233B7287237B72002387
:1017D000BB720023FB7201233B7301237B73002345
:1017E000BB730023FB733B46184600F055FE0420F4
:1017F00000F032FE00BF1037BD4680BD80B582B01C
:1018000000AF78607B681B68044A934201D100F006
:10181000E3FC00BF0837BD4680BD00BF0014004098
:1018200080B400AF72B600BF00BFFDE780B582B0E4
:1018300000AF0C4BD3F8F4300A4A43F00203C2F86D
:10184000F430084BD3F8F43003F002037B607B687C
:1018500000220F216FF0010000F0B9FD00BF083732
:10186000BD4680BD0044025880B590B000AF78609E
:101870007B680F2B27D800227968372000F0A7FD5E
:10188000372000F0BEFD294A7B681360284BD3F84F
:10189000E830274A43F02003C2F8E830244BD3F85D
:1018A000E83003F02003FB60FB6807F1100207F14A
:1018B00014031146184604F07BFEBB6ABB63BB6B86
:1018C000002B06D101E001232BE004F045FEF86374
:1018D00004E004F041FE03465B00FB63FB6B154A2A
:1018E000A2FB03239B0C013B7B63134B134A1A603F
:1018F000114B40F2E732DA600F4A7B6B53600E4BBC
:1019000000221A610C4B00229A600B4806F0BEFCC4
:101910000346002B04D1084806F01AFD034600E0F8
:10192000012318464037BD4680BD00BF1C0000247F
:101930000044025883DE1B435C0600240014004070
:1019400080B400AF00BFFDE780B400AF00BFFDE78B
:1019500080B400AF00BFFDE780B400AF00BFFDE77B
:1019600080B400AF00BFFDE780B400AF00BFBD464C
:101970005DF8047B7047000080B500AF024802F0BC
:10198000F5F800BF80BD00BF6C08002480B500AF33
:10199000024802F0EBF800BF80BD00BFE40800245D
:1019A00080B500AF024807F047FA00BF80BD00BF16
:1019B0004407002480B500AF024807F03DFA00BF9D
:1019C00080BD00BFD807002480B500AF024806F0F4
:1019D00037FD00BF80BD00BF5C06002480B400AFAF
:1019E00001231846BD465DF8047B704780B582B080
:1019F00000AF786039601AF0B3FF034616221A6010
:101A00004FF0FF3318460837BD4680BD80B582B021
:101A100000AF78604FF0FF317868FFF7E7FF00BF55
:101A2000FDE780B586B000AFF860B9607A6000234A
:101A30007B610AE0AFF300800146BB685A1CBA60C4
:101A4000CAB21A707B6901337B617A697B689A42FA
:101A5000F0DB7B6818461837BD4680BD80B483B084
:101A600000AF78604FF0FF3318460C37BD465DF885
:101A7000047B704780B483B000AF786039603B6806
:101A80004FF400525A60002318460C37BD465DF8EB
:101A9000047B704780B483B000AF786001231846A0
:101AA0000C37BD465DF8047B704780B485B000AF4D
:101AB000F860B9607A60002318461437BD465DF8B7
:101AC000047B704780B586B000AF7860144A154B30
:101AD000D31A7B617B693B61134B1B68002B02D1DE
:101AE000114B124A1A60104B1A687B6813443A690A
:101AF0009A4207D21AF034FF03460C221A604FF0C4
:101B0000FF3309E0084B1B68FB60074B1A687B68D2
:101B10001344054A1360FB6818461837BD4680BD5C
:101B20000000082400040000AC0600247800022411
:101B300080B400AF374BD3F88830364A43F4700393
:101B4000C2F88830344B1B6803F00F03062B07D80C
:101B5000314B1B6823F00F032F4A43F00703136038
:101B60002E4B1B682D4A43F0010313602B4B0022C0
:101B70001A612A4B1A682949294B13400B60264BDE
:101B80001B6803F00803002B07D0234B1B6823F0CE
:101B90000F03214A43F007031360204B00229A6190
:101BA0001E4B0022DA611D4B00221A621B4B1D4A9C
:101BB0009A621A4B1C4ADA62184B1C4A1A63174B7A
:101BC00000225A63154B194A9A63144B0022DA63B8
:101BD000124B164A1A64114B00225A640F4B1B68B1
:101BE0000E4A23F4802313600C4B00221A66104B1C
:101BF0001A68104B1340B3F1005F02D20E4B012262
:101C00001A600E4B43F2D2021A6000BFBD465DF867
:101C1000047B704700ED00E00020005200440258B1
:101C20007FEDF6EA000202020000FF0180020101DE
:101C30000010005C0000FFFF0881005100400052CE
:101C400080B500AF224B234A1A60214B4FF4E1329A
:101C50005A601F4B00229A601D4B0022DA601C4B19
:101C600000221A611A4B0C225A61194B00229A6108
:101C7000174B0022DA61164B00221A62144B002225
:101C80005A62134B00229A62114806F0CDFD0346BA
:101C9000002B01D0FFF7C4FD00210D4808F018FF0C
:101CA0000346002B01D0FFF7BBFD0021084808F0D8
:101CB0004DFF0346002B01D0FFF7B2FD044808F0AA
:101CC000CEFE0346002B01D0FFF7AAFD00BF80BD6A
:101CD000B00600240078004080B500AF224B234AB4
:101CE0001A60214B224A5A601F4B00229A601E4BF9
:101CF0000022DA601C4B00221A611B4B0C225A6135
:101D0000194B00229A61184B0022DA61164B00220F
:101D10001A62154B00225A62134B00229A62124833
:101D200006F082FD0346002B01D0FFF779FD00216C
:101D30000D4808F0CDFE0346002B01D0FFF770FDE3
:101D40000021094808F002FF0346002B01D0FFF7ED
:101D500067FD054808F083FE0346002B01D0FFF71E
:101D60005FFD00BF80BD00BF44070024001001409C
:101D700080841E0080B500AF224B234A1A60214B9D
:101D80004FF4E1325A601F4B00229A601D4B002233
:101D9000DA601C4B00221A611A4B0C225A61194B53
:101DA00000229A61174B0022DA61164B00221A6258
:101DB000144B00225A62134B00229A62114806F01B
:101DC00033FD0346002B01D0FFF72AFD00210D480B
:101DD00008F07EFE0346002B01D0FFF721FD002115
:101DE000084808F0B3FE0346002B01D0FFF718FDAA
:101DF000044808F034FE0346002B01D0FFF710FD25
:101E000000BF80BDD80700240048004080B5BEB0A8
:101E100000AF786007F1E40300221A605A609A600C
:101E2000DA601A6107F12003C022002118461AF077
:101E3000A9FC7B681B68AA4A934247D14FF0020273
:101E40004FF00003C7E908230023C7F8983007F1D3
:101E50002003184604F0EEFB0346002B01D0FFF7E9
:101E6000DFFCA04BD3F8E8309E4A43F08043C2F831
:101E7000E8309C4BD3F8E83003F08043FB61FB690A
:101E8000984BD3F8E030974A43F01003C2F8E030A3
:101E9000944BD3F8E03003F01003BB61BB694FF4FF
:101EA000C073C7F8E4300223C7F8E8300023C7F84E
:101EB000EC300023C7F8F0300723C7F8F43007F1FF
:101EC000E4031946884803F06FF905E17B681B6855
:101ED000864A934240F0AC804FF001024FF000037D
:101EE000C7E908230023C7F89C3007F120031846F0
:101EF00004F0A0FB0346002B01D0FFF791FC794BC7
:101F0000D3F8F030774A43F01003C2F8F030754B45
:101F1000D3F8F03003F010037B617B69714BD3F889
:101F2000E030704A43F00103C2F8E0306D4BD3F863
:101F3000E03003F001033B613B694FF4C063C7F835
:101F4000E4300223C7F8E8300023C7F8EC30002360
:101F5000C7F8F0300723C7F8F43007F1E403194657
:101F6000634803F021F9634B634A1A60614B2922ED
:101F70005A60604B00229A605E4B0022DA605D4B33
:101F80004FF480621A615B4B00225A61594B002268
:101F90009A61584B4FF48072DA61564B00221A62F4
:101FA000544B00225A62534800F0B6FA0346002B05
:101FB00001D0FFF735FC7B684E4AC3F880204D4ABC
:101FC0007B6893634D4B4E4A1A604C4B2A225A60F1
:101FD0004A4B40229A60494B0022DA60474B4FF44B
:101FE00080621A61454B00225A61444B00229A617B
:101FF000424B0022DA61414B00221A623F4B002221
:102000005A623E4800F088FA0346002B01D0FFF7E1
:1020100007FC7B68394ADA67384A7B689363002299
:102020000521252000F0D3F9252000F0EAF953E03E
:102030007B681B68334A93424ED14FF002024FF047
:102040000003C7E908230023C7F8983007F12003ED
:10205000184604F0EFFA0346002B01D0FFF7E0FB2F
:10206000204BD3F8E8301F4A43F48023C2F8E8300D
:102070001C4BD3F8E83003F48023FB60FB68194B5A
:10208000D3F8E030174A43F00803C2F8E030154BAC
:10209000D3F8E03003F00803BB60BB684FF4407333
:1020A000C7F8E4300223C7F8E8300023C7F8EC3063
:1020B0000023C7F8F0300723C7F8F43007F1E40332
:1020C0001946114803F070F800220521272000F07E
:1020D0007EF9272000F095F900BFF837BD4680BD96
:1020E00000780040004402580010025800100140DF
:1020F000000002586C08002410000240E40800248C
:102100002800024000480040000C0258DFF834D09C
:10211000FFF70EFD0C480D490D4A002302E0D4588C
:10212000C4500433C4188C42F9D30A4A0A4C002321
:1021300001E013600432A242FBD31AF017FCFFF750
:1021400055FA70470000082400000024F40400241D
:102150003CFC0108F804002474000224FEE700009F
:1021600080B582B000AF032000F026F904F04AF8F1
:102170000246154B9B691B0A03F00F031349CB5C06
:1021800003F01F0322FA03F37B600F4B9B6903F0FC
:102190000F030E4AD35C03F01F037A6822FA03F39D
:1021A0000B4A13600B4A7B6813600F20FFF75CFB40
:1021B0000346002B01D0012302E0FFF737FB002389
:1021C00018460837BD4680BD0044025890EB010810
:1021D000180000241400002480B400AF064B1B78C4
:1021E0001A46064B1B681344044A136000BFBD46E1
:1021F0005DF8047B704700BF200000245C090024C8
:1022000080B400AF034B1B681846BD465DF8047BE5
:10221000704700BF5C09002480B400AF034B1B680B
:102220001B0C1846BD465DF8047B70470010005C2F
:1022300080B485B000AF78607B6803F00703FB6073
:102240000B4BDB68BB60BA684FF6FF031340BB6003
:10225000FB681A02BB681A43064B1343BB60044A6F
:10226000BB68D36000BF1437BD465DF8047B704780
:1022700000ED00E00000FA0580B400AF044BDB681D
:102280001B0A03F007031846BD465DF8047B704740
:1022900000ED00E080B483B000AF0346FB80B7F9E7
:1022A0000630002B0BDBFB8803F01F020749B7F950
:1022B00006305B09012000FA02F241F8232000BF3A
:1022C0000C37BD465DF8047B704700BF00E100E0BD
:1022D00080B483B000AF03463960FB80B7F90630A5
:1022E000002B0ADB3B68DAB20C49B7F90630120161
:1022F000D2B20B4483F800230AE03B68DAB2084903
:10230000FB8803F00F03043B1201D2B20B441A7690
:1023100000BF0C37BD465DF8047B704700E100E06C
:1023200000ED00E080B489B000AFF860B9607A6079
:10233000FB6803F00703FB61FB69C3F10703042B90
:1023400028BF0423BB61FB690433062B02D9FB6958
:10235000033B00E000237B614FF0FF32BB6902FAD0
:1023600003F3DA43BB681A407B699A404FF0FF31B0
:102370007B6901FA03F3D9437B680B40134318468A
:102380002437BD465DF8047B7047000080B400AF81
:10239000BFF34F8F00BF064BDB6803F4E0620449D4
:1023A000044B1343CB60BFF34F8F00BF00BFFDE76B
:1023B00000ED00E00400FA0580B582B000AF78605F
:1023C0007868FFF735FF00BF0837BD4680BD80B590
:1023D00086B000AF0346B9607A60FB81FFF74CFF1F
:1023E00078617A68B9687869FFF79CFF0246B7F9A7
:1023F0000E3011461846FFF76BFF00BF1837BD4679
:1024000080BD80B582B000AF0346FB80B7F90630CF
:102410001846FFF73FFF00BF0837BD4680BD80B5B7
:1024200000AFFFF7B3FF000080B400AFBFF35F8FD2
:1024300000BF074B5B6A064A23F480335362054BA7
:1024400000225A6000BFBD465DF8047B704700BFA4
:1024500000ED00E090ED00E080B483B000AF786064
:102460000B4A7B6843F0010353600A4B5B6A094ADD
:1024700043F480335362BFF34F8F00BFBFF36F8FBE
:1024800000BF00BF0C37BD465DF8047B704700BF3E
:1024900090ED00E000ED00E080B483B000AF786024
:1024A0007B685A781B4B9A601A4B1B69194A23F0B8
:1024B00001031361174A7B685B68D3607B681B7BF1
:1024C0001A077B68DB7A1B061A437B689B7ADB045E
:1024D0001A437B685B7B9B041A437B689B7B5B0492
:1024E0001A437B68DB7B1B041A437B685B7A1B0205
:1024F0001A437B681B7A5B0013437A681278114693
:10250000044A0B43136100BF0C37BD465DF8047BE2
:10251000704700BF90ED00E080B586B000AF7860F6
:10252000FFF76EFE38617B68002B01D1012316E3B3
:102530007B681B68664A93424AD07B681B68654A81
:10254000934245D07B681B68634A934240D07B68C6
:102550001B68624A93423BD07B681B68604A934287
:1025600036D07B681B685F4A934231D07B681B681A
:102570005D4A93422CD07B681B685C4A934227D00B
:102580007B681B685A4A934222D07B681B68594A71
:1025900093421DD07B681B68574A934218D07B68D2
:1025A0001B68564A934213D07B681B68544A934277
:1025B0000ED07B681B68534A934209D07B681B6826
:1025C000514A934204D07B681B68504A934201D120
:1025D000012300E00023002B00F03B817B680222F6
:1025E00083F835207B68002283F834207B681B68E1
:1025F000374A93424AD07B681B68364A934245D09B
:102600007B681B68344A934240D07B681B68334A1E
:1026100093423BD07B681B68314A934236D07B683B
:102620001B68304A934231D07B681B682E4A934224
:102630002CD07B681B682D4A934227D07B681B688F
:102640002B4A934222D07B681B682A4A93421DD0B2
:102650007B681B68284A934218D07B681B68274A0E
:10266000934213D07B681B68254A93420ED07B6847
:102670001B68244A934209D07B681B68224A934214
:1026800004D07B681B68214A934208D17B681B6891
:102690001A687B681B6822F001021A6007E07B68F9
:1026A0001B681A687B681B6822F001021A602FE021
:1026B000FFF7A6FD02463B69D31A052B28D97B6894
:1026C00020225A657B68032283F83520012346E2E5
:1026D0001000024028000240400002405800024022
:1026E0007000024088000240A0000240B800024092
:1026F00010040240280402404004024058040240F2
:102700007004024088040240A0040240B804024061
:102710007B681B681B6803F00103002BC8D17B6832
:102720001B681B687B617A69834B13407B617B6804
:102730009A687B68DB681A437B681B691A437B686D
:102740005B691A437B689B691A437B68DB691A43A0
:102750007B681B6A13437A6913437B617B685B6AFE
:10276000042B07D17B68DA6A7B681B6B13437A6999
:1027700013437B61714B1A68714B1340B3F1005FD7
:1027800028D37B685B68282B03D97B685B682E2B7A
:1027900017D97B685B683E2B03D97B685B68422B4B
:1027A0000FD97B685B68462B03D97B685B68482B35
:1027B00007D97B685B684E2B05D97B685B68522B19
:1027C00001D8012300E00023002B03D07B6943F4F0
:1027D00080137B617B681B687A691A607B681B6861
:1027E0005B697B617B6923F007037B617B685B6AC4
:1027F0007A6913437B617B685B6A042B17D17B6822
:102800009B6A7A6913437B617B68DB6A002B0ED07D
:10281000786802F03FFB0346002B08D07B6840221B
:102820005A657B68012283F83520012397E17B6894
:102830001B687A695A61786802F07AFA0346BB60CD
:102840007B68DB6D03F01F033F229A40BB689A60F0
:10285000CDE07B681B683B4A934222D07B681B68B3
:10286000394A93421DD07B681B68384A934218D07E
:102870007B681B68364A934213D07B681B68354AD5
:1028800093420ED07B681B68334A934209D07B6821
:102890001B68324A934204D07B681B68304A9342DB
:1028A00001D1012300E00023002B00F097807B681A
:1028B0001B68244A934221D07B681B68224A9342BA
:1028C0001CD07B681B68214A934217D07B681B6829
:1028D0001F4A934212D07B681B681E4A93420DD058
:1028E0007B681B681C4A934208D07B681B681B4AA4
:1028F000934203D07B681B68194A93427B6802228B
:1029000083F835207B68002283F834207B681B68BD
:102910001B687B617A69134B13407B617B689B6802
:10292000402B21D07B689B68802B02D14FF48043E1
:102930001BE0002319E000BF3F8010FE0010005C88
:102940000000FFFF085402581C540258305402582B
:1029500044540258585402586C5402588054025837
:10296000945402580F00FEFF10237A68D268D208F0
:102970001A437B681B69DB081A437B685B69DB08C9
:102980001A437B689B69DB081A437B68DB69DB08B9
:102990001A437B681B6A1B0913437A6913437B61E3
:1029A0007B681B687A691A607B681B681A466E4BE5
:1029B00013446E4AA2FB03231B099A007B68DA6565
:1029C000786802F0B5F90346FB607B68DB6D03F0C5
:1029D0001F0301229A40FB685A6008E07B6840228E
:1029E0005A657B68032283F835200123B7E07B68B2
:1029F0001B685F4A934272D07B681B685D4A9342B2
:102A00006DD07B681B685C4A934268D07B681B680A
:102A10005A4A934263D07B681B68594A93425ED0FE
:102A20007B681B68574A934259D07B681B68564A9B
:102A3000934254D07B681B68544A93424FD07B68C2
:102A40001B68534A93424AD07B681B68514A9342A1
:102A500045D07B681B68504A934240D07B681B6816
:102A60004E4A93423BD07B681B684D4A934236D016
:102A70007B681B684B4A934231D07B681B684A4A8B
:102A800093422CD07B681B68484A934227D07B68CE
:102A90001B68474A934222D07B681B68454A934291
:102AA0001DD07B681B68444A934218D07B681B6822
:102AB000424A934213D07B681B68414A93420ED02E
:102AC0007B681B683F4A934209D07B681B683E4A7B
:102AD000934204D07B681B683C4A934201D1012396
:102AE00000E00023002B32D0786802F04FFA7B68B8
:102AF0009B68802B02D17B6800225A607B685A68F1
:102B00007B681B6ED2B21A607B685B6E7A68926ECD
:102B10005A607B685B68002B10D07B685B68082B71
:102B20000CD8786802F0CCFA7B68DB6E00221A6061
:102B30007B681B6F7A68526F5A6008E07B680022DE
:102B4000DA667B6800221A677B6800225A677B6816
:102B500000225A657B68012283F83520002318463D
:102B60001837BD4680BD00BFF8ABFDA7CDCCCCCC9F
:102B7000100002402800024040000240580002407D
:102B80007000024088000240A0000240B8000240ED
:102B9000100402402804024040040240580402404D
:102BA0007004024088040240A0040240B8040240BD
:102BB000085402581C5402583054025844540258C5
:102BC000585402586C540258805402589454025875
:102BD00080B586B000AFF860B9607A603B600023D2
:102BE000FB75FB68002B01D1012326E2FB6893F8FB
:102BF0003430012B01D102231FE2FB68012283F84C
:102C00003420FB6893F83530DBB2012B40F00A82A8
:102C1000FB68022283F83520FB6800225A65FB68B6
:102C20001B68684A93424AD0FB681B68664A934215
:102C300045D0FB681B68654A934240D0FB681B681F
:102C4000634A93423BD0FB681B68624A934236D08A
:102C5000FB681B68604A934231D0FB681B685F4A7F
:102C600093422CD0FB681B685D4A934227D0FB68D7
:102C70001B685C4A934222D0FB681B685A4A934205
:102C80001DD0FB681B68594A934218D0FB681B682B
:102C9000574A934213D0FB681B68564A93420ED0A2
:102CA000FB681B68544A934209D0FB681B68534A6F
:102CB000934204D0FB681B68514A934208D1FB68D9
:102CC0001B681A68FB681B6822F001021A6007E0A3
:102CD000FB681B681A68FB681B6822F001021A6017
:102CE0003B687A68B968F86801F076FEFB681B6893
:102CF000344A93424AD0FB681B68334A934245D01A
:102D0000FB681B68314A934240D0FB681B68304A1D
:102D100093423BD0FB681B682E4A934236D0FB6837
:102D20001B682D4A934231D0FB681B682B4A9342A3
:102D30002CD0FB681B682A4A934227D0FB681B688B
:102D4000284A934222D0FB681B68274A93421DD031
:102D5000FB681B68254A934218D0FB681B68244A0D
:102D6000934213D0FB681B68224A93420ED0FB6843
:102D70001B68214A934209D0FB681B681F4A934293
:102D800004D0FB681B681E4A934201D1012300E076
:102D90000023002B36D0FB681B681B6823F01E0243
:102DA000FB681B6842F016021A60FB681B6C002B64
:102DB0003ED0FB681B681A68FB681B6842F008027B
:102DC0001A6035E010000240280002404000024036
:102DD000580002407000024088000240A0000240FB
:102DE000B80002401004024028040240400402409F
:102DF000580402407004024088040240A0040240CB
:102E0000B8040240FB681B681B6823F00E02FB68D5
:102E10001B6842F00A021A60FB681B6C002B07D08B
:102E2000FB681B681A68FB681B6842F004021A60A2
:102E3000FB681B68834A934272D0FB681B68824A16
:102E400093426DD0FB681B68804A934268D0FB6850
:102E50001B687F4A934263D0FB681B687D4A93429C
:102E60005ED0FB681B687C4A934259D0FB681B68A4
:102E70007A4A934254D0FB681B68794A93424FD0F8
:102E8000FB681B68774A93424AD0FB681B68764A06
:102E9000934245D0FB681B68744A934240D0FB685C
:102EA0001B68734A93423BD0FB681B68714A93428C
:102EB00036D0FB681B68704A934231D0FB681B68B0
:102EC0006E4A93422CD0FB681B686D4A934227D010
:102ED000FB681B686B4A934222D0FB681B686A4AF6
:102EE00093421DD0FB681B68684A934218D0FB6868
:102EF0001B68674A934213D0FB681B68654A93427C
:102F00000ED0FB681B68644A934209D0FB681B68BB
:102F1000624A934204D0FB681B68614A934201D124
:102F2000012300E00023002B1AD0FB681B6E1B68F6
:102F300003F48033002B07D0FB681B6E1A68FB6814
:102F40001B6E42F480721A60FB68DB6E002B07D0A8
:102F5000FB68DB6E1A68FB68DB6E42F480721A60F5
:102F6000FB681B68374A93424AD0FB681B68364AA5
:102F7000934245D0FB681B68344A934240D0FB68BB
:102F80001B68334A93423BD0FB681B68314A93422B
:102F900036D0FB681B68304A934231D0FB681B680F
:102FA0002E4A93422CD0FB681B682D4A934227D0AF
:102FB000FB681B682B4A934222D0FB681B682A4A95
:102FC00093421DD0FB681B68284A934218D0FB68C7
:102FD0001B68274A934213D0FB681B68254A93421B
:102FE0000ED0FB681B68244A934209D0FB681B681B
:102FF000224A934204D0FB681B68214A934208D1BD
:10300000FB681B681A68FB681B6842F001021A60C3
:1030100012E0FB681B681A68FB681B6842F001023B
:103020001A6009E0FB684FF400625A65FB680022F1
:1030300083F834200123FB75FB7D18461837BD4605
:1030400080BD00BF10000240280002404000024046
:10305000580002407000024088000240A000024078
:10306000B80002401004024028040240400402401C
:10307000580402407004024088040240A004024048
:10308000B8040240085402581C54025830540258E4
:1030900044540258585402586C54025880540258F0
:1030A0009454025880B586B000AF7860FFF7A8F856
:1030B00038617B68002B01D10123DCE27B6893F847
:1030C0003530DBB2022B08D07B6880225A657B68E2
:1030D000002283F834200123CDE27B681B68764A06
:1030E00093424AD07B681B68744A934245D07B6800
:1030F0001B68734A934240D07B681B68714A9342B5
:103100003BD07B681B68704A934236D07B681B6853
:103110006E4A934231D07B681B686D4A93422CD033
:103120007B681B686B4A934227D07B681B686A4A9E
:10313000934222D07B681B68684A93421DD07B680B
:103140001B68674A934218D07B681B68654A9342A4
:1031500013D07B681B68644A93420ED07B681B685F
:10316000624A934209D07B681B68614A934204D04B
:103170007B681B685F4A934201D1012300E0002372
:10318000002B13D07B681B681A687B681B6822F0D1
:103190001E021A607B681B685A697B681B6822F0F4
:1031A00080025A617B681B687B610AE07B681B6850
:1031B0001A687B681B6822F00E021A607B681B6825
:1031C0007B617B681B683C4A934272D07B681B68BA
:1031D0003A4A93426DD07B681B68394A934268D063
:1031E0007B681B68374A934263D07B681B68364A0A
:1031F00093425ED07B681B68344A934259D07B6807
:103200001B68334A934254D07B681B68314A93420F
:103210004FD07B681B68304A93424AD07B681B685A
:103220002E4A934245D07B681B682D4A934240D07A
:103230007B681B682B4A93423BD07B681B682A4AF9
:10324000934236D07B681B68284A934231D07B6812
:103250001B68274A93422CD07B681B68254A9342FF
:1032600027D07B681B68244A934222D07B681B6866
:10327000224A93421DD07B681B68214A934218D092
:103280007B681B681F4A934213D07B681B681E4AE9
:1032900093420ED07B681B681C4A934209D07B681E
:1032A0001B681B4A934204D07B681B68194A9342EF
:1032B00032D1012331E000BF10000240280002405B
:1032C0004000024058000240700002408800024066
:1032D000A0000240B800024010040240280402404E
:1032E0004004024058040240700402408804024036
:1032F000A0040240B8040240085402581C5402586A
:103300003054025844540258585402586C540258CD
:1033100080540258945402580023002B07D07B6835
:103320001B6E1A687B681B6E22F480721A607B68C1
:103330001B686D4A93424AD07B681B686B4A934274
:1033400045D07B681B686A4A934240D07B681B6803
:10335000684A93423BD07B681B68674A934236D0E9
:103360007B681B68654A934231D07B681B68644A5E
:1033700093422CD07B681B68624A934227D07B68BB
:103380001B68614A934222D07B681B685F4A934264
:103390001DD07B681B685E4A934218D07B681B680F
:1033A0005C4A934213D07B681B685B4A93420ED001
:1033B0007B681B68594A934209D07B681B68584A4E
:1033C000934204D07B681B68564A934208D17B68BD
:1033D0001B681A687B681B6822F001021A6007E00C
:1033E0007B681B681A687B681B6822F001021A6000
:1033F00013E0FEF705FF02463B69D31A052B0CD9F3
:103400007B6820225A657B68032283F835207B681D
:10341000002283F8342001232DE17B691B6803F02F
:103420000103002BE5D17B681B682F4A93424AD0E9
:103430007B681B682D4A934245D07B681B682C4AE9
:10344000934240D07B681B682A4A93423BD07B68FA
:103450001B68294A934236D07B681B68274A9342EF
:1034600031D07B681B68264A93422CD07B681B684E
:10347000244A934227D07B681B68234A934222D078
:103480007B681B68214A93421DD07B681B68204AD9
:10349000934218D07B681B681E4A934213D07B6806
:1034A0001B681D4A93420ED07B681B681B4A9342DF
:1034B00009D07B681B681A4A934204D07B681B685A
:1034C000184A934201D1012300E00023002B2BD0A6
:1034D0007B689B6DBB607B68DB6D03F01F033F2245
:1034E0009A40BB689A602AE010000240280002401F
:1034F0004000024058000240700002408800024034
:10350000A0000240B800024010040240280402401B
:103510004004024058040240700402408804024003
:10352000A0040240B80402407B689B6DFB607B688E
:10353000DB6D03F01F0301229A40FB685A607B6831
:103540001B684F4A934272D07B681B684D4A934276
:103550006DD07B681B684C4A934268D07B681B68BF
:103560004A4A934263D07B681B68494A93425ED0C3
:103570007B681B68474A934259D07B681B68464A60
:10358000934254D07B681B68444A93424FD07B6877
:103590001B68434A93424AD07B681B68414A934266
:1035A00045D07B681B68404A934240D07B681B68CB
:1035B0003E4A93423BD07B681B683D4A934236D0DB
:1035C0007B681B683B4A934231D07B681B683A4A50
:1035D00093422CD07B681B68384A934227D07B6883
:1035E0001B68374A934222D07B681B68354A934256
:1035F0001DD07B681B68344A934218D07B681B68D7
:10360000324A934213D07B681B68314A93420ED0F2
:103610007B681B682F4A934209D07B681B682E4A3F
:10362000934204D07B681B682C4A934201D101234A
:1036300000E00023002B15D07B685B6E7A68926EE9
:103640005A607B68DB6E002B0CD07B68DB6E1A68DF
:103650007B68DB6E22F480721A607B681B6F7A686D
:10366000526F5A607B68012283F835207B68002204
:1036700083F83420002318461837BD4680BD00BFAC
:103680001000024028000240400002405800024062
:103690007000024088000240A0000240B8000240D2
:1036A0001004024028040240400402405804024032
:1036B0007004024088040240A0040240B8040240A2
:1036C000085402581C5402583054025844540258AA
:1036D000585402586C54025880540258945402585A
:1036E00080B584B000AF78607B68002B01D10123E6
:1036F00037E27B6893F83530DBB2022B04D07B686D
:1037000080225A6501232CE27B681B685C4A934245
:103710004AD07B681B685B4A934245D07B681B6834
:10372000594A934240D07B681B68584A93423BD029
:103730007B681B68564A934236D07B681B68554AA3
:10374000934231D07B681B68534A93422CD07B68EC
:103750001B68524A934227D07B681B68504A9342A9
:1037600022D07B681B684F4A93421DD07B681B6840
:103770004D4A934218D07B681B684C4A934213D041
:103780007B681B684A4A93420ED07B681B68494A93
:10379000934209D07B681B68474A934204D07B68F8
:1037A0001B68464A934201D1012300E00023002B0D
:1037B00000F086807B68042283F835207B681B68D4
:1037C0002F4A93424AD07B681B682E4A934245D0C9
:1037D0007B681B682C4A934240D07B681B682B4A4D
:1037E00093423BD07B681B68294A934236D07B6862
:1037F0001B68284A934231D07B681B68264A934253
:103800002CD07B681B68254A934227D07B681B68B5
:10381000234A934222D07B681B68224A93421DD0E0
:103820007B681B68204A934218D07B681B681F4A3C
:10383000934213D07B681B681D4A93420ED07B686D
:103840001B681C4A934209D07B681B681A4A934242
:1038500004D07B681B68194A934208D17B681B68B7
:103860001A687B681B6822F001021A6078E17B68A5
:103870001B681A687B681B6822F001021A606FE1FE
:103880001000024028000240400002405800024060
:103890007000024088000240A0000240B8000240D0
:1038A0001004024028040240400402405804024030
:1038B0007004024088040240A0040240B8040240A0
:1038C0007B681B681A687B681B6822F00E021A600E
:1038D0007B681B686C4A93424AD07B681B686B4AC2
:1038E000934245D07B681B68694A934240D07B680D
:1038F0001B68684A93423BD07B681B68664A9342C8
:1039000036D07B681B68654A934231D07B681B6860
:10391000634A93422CD07B681B68624A934227D04B
:103920007B681B68604A934222D07B681B685F4AB1
:1039300093421DD07B681B685D4A934218D07B6818
:103940001B685C4A934213D07B681B685A4A9342B7
:103950000ED07B681B68594A934209D07B681B686C
:10396000574A934204D07B681B68564A934208D159
:103970007B681B681A687B681B6822F001021A606A
:1039800007E07B681B681A687B681B6822F00102ED
:103990001A607B681B683C4A934272D07B681B6844
:1039A0003A4A93426DD07B681B68394A934268D08B
:1039B0007B681B68374A934263D07B681B68364A32
:1039C00093425ED07B681B68344A934259D07B682F
:1039D0001B68334A934254D07B681B68314A934238
:1039E0004FD07B681B68304A93424AD07B681B6883
:1039F0002E4A934245D07B681B682D4A934240D0A3
:103A00007B681B682B4A93423BD07B681B682A4A21
:103A1000934236D07B681B68284A934231D07B683A
:103A20001B68274A93422CD07B681B68254A934227
:103A300027D07B681B68244A934222D07B681B688E
:103A4000224A93421DD07B681B68214A934218D0BA
:103A50007B681B681F4A934213D07B681B681E4A11
:103A600093420ED07B681B681C4A934209D07B6846
:103A70001B681B4A934204D07B681B68194A934217
:103A800032D1012331E000BF100002402800024083
:103A9000400002405800024070000240880002408E
:103AA000A0000240B8000240100402402804024076
:103AB000400402405804024070040240880402405E
:103AC000A0040240B8040240085402581C54025892
:103AD0003054025844540258585402586C540258F6
:103AE00080540258945402580023002B28D07B683D
:103AF0001B6E1A687B681B6E22F480721A607B68EA
:103B00009B6DFB607B68DB6D03F01F0301229A4015
:103B1000FB685A607B685B6E7A68926E5A607B685D
:103B2000DB6E002B0CD07B68DB6E1A687B68DB6E6B
:103B300022F480721A607B681B6F7A68526F5A6039
:103B40007B68012283F835207B68002283F83420CB
:103B50007B681B6D002B03D07B681B6D78689847D2
:103B6000002318461037BD4680BD00BF80B58AB01F
:103B700000AF78600023FB60674B1B68674AA2FBBD
:103B800003239B0A7B627B689B6D3B627B689B6D1A
:103B9000FB613B6A1B68BB61FB691B687B617B68DF
:103BA0001B685F4A93424AD07B681B685D4A934218
:103BB00045D07B681B685C4A934240D07B681B6899
:103BC0005A4A93423BD07B681B68594A934236D08D
:103BD0007B681B68574A934231D07B681B68564A02
:103BE00093422CD07B681B68544A934227D07B6851
:103BF0001B68534A934222D07B681B68514A934208
:103C00001DD07B681B68504A934218D07B681B68A4
:103C10004E4A934213D07B681B684D4A93420ED0A4
:103C20007B681B684B4A934209D07B681B684A4AF1
:103C3000934204D07B681B68484A934201D1012318
:103C400000E00023002B00F02B847B68DB6D03F089
:103C50001F0308229A40BB691340002B00F0A2808A
:103C60007B681B682E4A93424AD07B681B682D4AAA
:103C7000934245D07B681B682B4A934240D07B68B7
:103C80001B682A4A93423BD07B681B68284A9342B0
:103C900036D07B681B68274A934231D07B681B680B
:103CA000254A93422CD07B681B68244A934227D034
:103CB0007B681B68224A934222D07B681B68214A9A
:103CC00093421DD07B681B681F4A934218D07B68C3
:103CD0001B681E4A934213D07B681B681C4A9342A0
:103CE0000ED07B681B681B4A934209D07B681B6817
:103CF000194A934204D07B681B68184A93422FD11B
:103D00007B681B681B6803F00403002B14BF0123AE
:103D10000023DBB22EE000BF14000024B5814E1B4F
:103D200010000240280002404000024058000240BB
:103D30007000024088000240A0000240B80002402B
:103D4000100402402804024040040240580402408B
:103D50007004024088040240A0040240B8040240FB
:103D60007B681B681B6803F00803002B14BF01234A
:103D70000023DBB2002B15D07B681B681A687B68B8
:103D80001B6822F004021A607B68DB6D03F01F03DE
:103D900008229A403B6A9A607B685B6D43F001029F
:103DA0007B685A657B68DB6D03F01F03BA6922FAF2
:103DB00003F303F00103002B6ED07B681B68694A94
:103DC00093424AD07B681B68674A934245D07B6820
:103DD0001B68664A934240D07B681B68644A9342E2
:103DE0003BD07B681B68634A934236D07B681B6874
:103DF000614A934231D07B681B68604A93422CD061
:103E00007B681B685E4A934227D07B681B685D4ACB
:103E1000934222D07B681B685B4A93421DD07B682B
:103E20001B685A4A934218D07B681B68584A9342D1
:103E300013D07B681B68574A93420ED07B681B687F
:103E4000554A934209D07B681B68544A934204D078
:103E50007B681B68524A93420AD17B681B685B6986
:103E600003F08003002B14BF01230023DBB203E027
:103E70007B681B681B680023002B0DD07B68DB6D03
:103E800003F01F0301229A403B6A9A607B685B6DD6
:103E900043F002027B685A657B68DB6D03F01F0309
:103EA00004229A40BB691340002B00F08F807B688E
:103EB0001B682C4A93424AD07B681B682A4A93426B
:103EC00045D07B681B68294A934240D07B681B68B9
:103ED000274A93423BD07B681B68264A934236D0E0
:103EE0007B681B68244A934231D07B681B68234A55
:103EF00093422CD07B681B68214A934227D07B6871
:103F00001B68204A934222D07B681B681E4A93425A
:103F10001DD07B681B681D4A934218D07B681B68C4
:103F20001B4A934213D07B681B681A4A93420ED0F7
:103F30007B681B68184A934209D07B681B68174A44
:103F4000934204D07B681B68154A93422AD17B6850
:103F50001B681B6803F00203002B14BF012300231E
:103F6000DBB223E010000240280002404000024083
:103F7000580002407000024088000240A000024049
:103F8000B8000240100402402804024040040240ED
:103F9000580402407004024088040240A004024019
:103FA000B80402407B681B681B680023002B0DD0FF
:103FB0007B68DB6D03F01F0304229A403B6A9A6022
:103FC0007B685B6D43F004027B685A657B68DB6D40
:103FD00003F01F0310229A40BB691340002B00F02E
:103FE000A6807B681B68854A93424AD07B681B6821
:103FF000834A934245D07B681B68824A934240D0F3
:104000007B681B68804A93423BD07B681B687F4A71
:10401000934236D07B681B687D4A934231D07B68DF
:104020001B687C4A93422CD07B681B687A4A934277
:1040300027D07B681B68794A934222D07B681B6833
:10404000774A93421DD07B681B68764A934218D00A
:104050007B681B68744A934213D07B681B68734A61
:1040600093420ED07B681B68714A934209D07B68EB
:104070001B68704A934204D07B681B686E4A934267
:104080000AD17B681B681B6803F00803002B14BF70
:1040900001230023DBB209E07B681B681B6803F087
:1040A0000403002B14BF01230023DBB2002B3ED0FE
:1040B0007B68DB6D03F01F0310229A403B6A9A6015
:1040C0007B681B681B6803F48023002B18D07B6877
:1040D0001B681B6803F40023002B08D17B681B6C52
:1040E000002B24D07B681B6C786898471FE07B68A6
:1040F0009B6C002B1BD07B689B6C7868984716E004
:104100007B681B681B6803F48073002B07D17B68F6
:104110001B681A687B681B6822F008021A607B68BB
:104120001B6C002B03D07B681B6C786898477B68FE
:10413000DB6D03F01F0320229A40BB691340002B64
:1041400000F010817B681B682C4A93424AD07B6840
:104150001B682B4A934245D07B681B68294A9342CF
:1041600040D07B681B68284A93423BD07B681B6821
:10417000264A934236D07B681B68254A934231D049
:104180007B681B68234A93422CD07B681B68224AB9
:10419000934227D07B681B68204A934222D07B68D9
:1041A0001B681F4A93421DD07B681B681D4A9342BF
:1041B00018D07B681B681C4A934213D07B681B682D
:1041C0001A4A93420ED07B681B68194A934209D061
:1041D0007B681B68174A934204D07B681B68164AA9
:1041E00093422BD17B681B681B6803F01003002BE4
:1041F00014BF01230023DBB22AE000BF10000240FD
:104200002800024040000240580002407000024076
:1042100088000240A0000240B800024010040240A2
:104220002804024040040240580402407004024046
:1042300088040240A0040240B80402407B681B6866
:104240001B6803F00203002B14BF01230023DBB221
:10425000002B00F087807B68DB6D03F01F032022BA
:104260009A403B6A9A607B6893F83530DBB2042B46
:1042700039D17B681B681A687B681B6822F01602BC
:104280001A607B681B685A697B681B6822F0800291
:104290005A617B681B6C002B03D17B689B6C002BE5
:1042A00007D07B681B681A687B681B6822F00802CD
:1042B0001A607B68DB6D03F01F033F229A403B6A64
:1042C0009A607B68012283F835207B68002283F89E
:1042D00034207B681B6D002B00F04A837B681B6DCC
:1042E0007868984744E37B681B681B6803F4802365
:1042F000002B18D07B681B681B6803F40023002B7D
:1043000008D17B685B6C002B2CD07B685B6C786879
:10431000984727E07B68DB6B002B23D07B68DB6B47
:10432000786898471EE07B681B681B6803F48073FD
:10433000002B0FD17B681B681A687B681B6822F012
:1043400010021A607B68012283F835207B68002206
:1043500083F834207B68DB6B002B03D07B68DB6B3E
:10436000786898477B685B6D002B00F006837B685C
:104370005B6D03F00103002B00F088807B68042252
:1043800083F835207B681B687A4A93424AD07B6861
:104390001B68794A934245D07B681B68774A9342F1
:1043A00040D07B681B68764A93423BD07B681B6891
:1043B000744A934236D07B681B68734A934231D06B
:1043C0007B681B68714A93422CD07B681B68704ADB
:1043D000934227D07B681B686E4A934222D07B6849
:1043E0001B686D4A93421DD07B681B686B4A9342E1
:1043F00018D07B681B686A4A934213D07B681B689D
:10440000684A93420ED07B681B68674A934209D082
:104410007B681B68654A934204D07B681B68644ACA
:10442000934208D17B681B681A687B681B6822F07E
:1044300001021A6007E07B681B681A687B681B68CA
:1044400022F001021A60FB680133FB607A6A9A422B
:1044500007D37B681B681B6803F00103002BF2D1B4
:1044600000E000BF7B681B681B6803F00103002BA2
:1044700004D07B68032283F8352003E07B680122A7
:1044800083F835207B68002283F834207B68DB6C5E
:10449000002B00F072827B68DB6C786898476CE2D6
:1044A0007B681B68434A934222D07B681B68424A60
:1044B00093421DD07B681B68404A934218D07B68AA
:1044C0001B683F4A934213D07B681B683D4A934266
:1044D0000ED07B681B683C4A934209D07B681B68FE
:1044E0003A4A934204D07B681B68394A934201D10F
:1044F000012300E00023002B00F03F827B681B6853
:104500001B683B617B68DB6D03F01F0304229A404C
:104510007B691340002B00F0CD803B6903F004035E
:10452000002B00F0C7807B68DB6D03F01F030422C3
:104530009A40FB695A603B6903F40043002B49D061
:104540003B6903F48033002B09D17B689B6C002B03
:1045500000F010827B689B6C786898470AE27B6861
:104560001B6C002B00F006827B681B6C78689847F8
:1045700000E200BF1000024028000240400002405C
:10458000580002407000024088000240A000024033
:10459000B8000240100402402804024040040240D7
:1045A000580402407004024088040240A004024003
:1045B000B8040240085402581C540258305402589F
:1045C00044540258585402586C54025880540258AB
:1045D000945402583B6903F02003002B60D17B68A0
:1045E0001B687F4A93424AD07B681B687D4A93428E
:1045F00045D07B681B687C4A934240D07B681B682F
:104600007A4A93423BD07B681B68794A934236D002
:104610007B681B68774A934231D07B681B68764A77
:1046200093422CD07B681B68744A934227D07B68E6
:104630001B68734A934222D07B681B68714A93427D
:104640001DD07B681B68704A934218D07B681B683A
:104650006E4A934213D07B681B686D4A93420ED01A
:104660007B681B686B4A934209D07B681B686A4A67
:10467000934204D07B681B68684A934208D17B68E8
:104680001B681A687B681B6822F008021A6007E042
:104690007B681B681A687B681B6822F004021A603A
:1046A0007B681B6C002B00F065817B681B6C786855
:1046B00098475FE17B68DB6D03F01F0302229A409D
:1046C0007B691340002B00F0C5803B6903F00203B7
:1046D000002B00F0BF807B68DB6D03F01F0302221C
:1046E0009A40FB695A603B6903F40043002B18D0E1
:1046F0003B6903F48033002B09D17B685B6C002B92
:1047000000F03A817B685B6C7868984734E17B689D
:10471000DB6B002B00F030817B68DB6B786898479F
:104720002AE13B6903F02003002B40F089807B687D
:104730001B682B4A93424AD07B681B68294A9342E4
:1047400045D07B681B68284A934240D07B681B6831
:10475000264A93423BD07B681B68254A934236D059
:104760007B681B68234A934231D07B681B68224ACE
:1047700093422CD07B681B68204A934227D07B68E9
:104780001B681F4A934222D07B681B681D4A9342D4
:104790001DD07B681B681C4A934218D07B681B683D
:1047A0001A4A934213D07B681B68194A93420ED071
:1047B0007B681B68174A934209D07B681B68164ABE
:1047C000934204D07B681B68144A934228D17B68CB
:1047D0001B681A687B681B6822F014021A6027E0C5
:1047E00010000240280002404000024058000240F1
:1047F0007000024088000240A0000240B800024061
:1048000010040240280402404004024058040240C0
:104810007004024088040240A0040240B804024030
:104820007B681B681A687B681B6822F00A021A60A2
:104830007B68012283F835207B68002283F83420CE
:104840007B68DB6B002B00F097807B68DB6B786804
:10485000984791E07B68DB6D03F01F0308229A40C4
:104860007B691340002B00F088803B6903F008034C
:10487000002B00F082807B681B68414A93424AD03B
:104880007B681B683F4A934245D07B681B683E4A61
:10489000934240D07B681B683C4A93423BD07B6884
:1048A0001B683B4A934236D07B681B68394A934267
:1048B00031D07B681B68384A93422CD07B681B68D8
:1048C000364A934227D07B681B68354A934222D0F0
:1048D0007B681B68334A93421DD07B681B68324A51
:1048E000934218D07B681B68304A934213D07B6890
:1048F0001B682F4A93420ED07B681B682D4A934257
:1049000009D07B681B682C4A934204D07B681B68E3
:104910002A4A934208D17B681B681A687B681B6827
:1049200022F01C021A6007E07B681B681A687B682B
:104930001B6822F00E021A607B68DB6D03F01F0318
:1049400001229A40FB695A607B6801225A657B68A4
:10495000012283F835207B68002283F834207B68AD
:10496000DB6C002B09D07B68DB6C7868984704E02F
:1049700000BF02E000BF00E000BF2837BD4680BD99
:10498000100002402800024040000240580002404F
:104990007000024088000240A0000240B8000240BF
:1049A000100402402804024040040240580402401F
:1049B0007004024088040240A0040240B80402408F
:1049C00080B483B000AF78607B685B6D18460C37AD
:1049D000BD465DF8047B704780B487B000AFF860D7
:1049E000B9607A603B60FB689B6D7B61FB689B6D87
:1049F0003B61FB681B687F4A934272D0FB681B686F
:104A00007D4A93426DD0FB681B687C4A934268D014
:104A1000FB681B687A4A934263D0FB681B68794A3B
:104A200093425ED0FB681B68774A934259D0FB687B
:104A30001B68764A934254D0FB681B68744A9342C1
:104A40004FD0FB681B68734A93424AD0FB681B68CF
:104A5000714A934245D0FB681B68704A934240D02C
:104A6000FB681B686E4A93423BD0FB681B686D4A2B
:104A7000934236D0FB681B686B4A934231D0FB6887
:104A80001B686A4A93422CD0FB681B68684A9342B1
:104A900027D0FB681B68674A934222D0FB681B68DB
:104AA000654A93421DD0FB681B68644A934218D044
:104AB000FB681B68624A934213D0FB681B68614A1B
:104AC00093420ED0FB681B685F4A934209D0FB6893
:104AD0001B685E4A934204D0FB681B685C4A9342A1
:104AE00001D1012300E00023002B0DD0FB685B6E99
:104AF000FA68926E5A60FB68DB6E002B04D0FB688C
:104B00001B6FFA68526F5A60FB681B68394A934200
:104B10004AD0FB681B68384A934245D0FB681B6843
:104B2000364A934240D0FB681B68354A93423BD0DB
:104B3000FB681B68334A934236D0FB681B68324AD5
:104B4000934231D0FB681B68304A93422CD0FB68FB
:104B50001B682F4A934227D0FB681B682D4A93425B
:104B600022D0FB681B682C4A93421DD0FB681B684F
:104B70002A4A934218D0FB681B68294A934213D0F3
:104B8000FB681B68274A93420ED0FB681B68264AC5
:104B9000934209D0FB681B68244A934204D0FB6807
:104BA0001B68234A934201D1012300E00023002B1C
:104BB00059D0FB68DB6D03F01F033F229A407B69ED
:104BC0009A60FB681B681A68FB681B6822F48022E5
:104BD0001A60FB681B683A685A60FB689B68402B48
:104BE00038D1FB681B687A689A60FB681B68BA68F2
:104BF000DA6086E0100002402800024040000240D7
:104C0000580002407000024088000240A0000240AC
:104C1000B800024010040240280402404004024050
:104C2000580402407004024088040240A00402407C
:104C3000B8040240085402581C5402583054025818
:104C400044540258585402586C5402588054025824
:104C500094540258FB681B68BA689A60FB681B682A
:104C60007A68DA604DE0FB681B68294A934222D0DB
:104C7000FB681B68274A93421DD0FB681B68264AC5
:104C8000934218D0FB681B68244A934213D0FB68F8
:104C90001B68234A93420ED0FB681B68214A93424B
:104CA00009D0FB681B68204A934204D0FB681B684C
:104CB0001E4A934201D1012300E00023002B20D0A3
:104CC000FB68DB6D03F01F0301229A403B695A60C9
:104CD000FB681B683A685A60FB689B68402B08D1E8
:104CE000FB681B687A689A60FB681B68BA68DA60C0
:104CF00007E0FB681B68BA689A60FB681B687A6803
:104D0000DA6000BF1C37BD465DF8047B704700BF0A
:104D1000085402581C540258305402584454025843
:104D2000585402586C5402588054025894540258F3
:104D300080B485B000AF78607B681B68424A9342BC
:104D40004AD07B681B68414A934245D07B681B6808
:104D50003F4A934240D07B681B683E4A93423BD017
:104D60007B681B683C4A934236D07B681B683B4A91
:104D7000934231D07B681B68394A93422CD07B68C0
:104D80001B68384A934227D07B681B68364A934297
:104D900022D07B681B68354A93421DD07B681B6814
:104DA000334A934218D07B681B68324A934213D02F
:104DB0007B681B68304A93420ED07B681B682F4A81
:104DC000934209D07B681B682D4A934204D07B68CC
:104DD0001B682C4A934201D1012300E00023002BE1
:104DE00024D07B681B68DBB2103B274AA2FB03235D
:104DF0001B09FB60FB6803F00703244AD35C1A46D7
:104E00007B68DA65FB68032B08D97B681B681A4648
:104E10001F4B13401A1D7B689A650DE07B681B6869
:104E20001A461B4B13407A68936505E07B681B6844
:104E300023F0FF027B689A657B689B6D18461437E8
:104E4000BD465DF8047B7047100002402800024018
:104E500040000240580002407000024088000240BA
:104E6000A0000240B80002401004024028040240A2
:104E7000400402405804024070040240880402408A
:104E8000A0040240B8040240ABAAAAAAA0EB010801
:104E900000FCFFFF80B485B000AF78600023FB7397
:104EA0007B689B69002B20D17B689B6A032B58D8B9
:104EB00001A252F823F000BFC94E0008DB4E0008E3
:104EC000C94E0008634F00087B68DB6A03F08073FB
:104ED000002B48D00123FB7345E07B68DB6AB3F10C
:104EE000C07F42D10123FB733FE07B689B69B3F530
:104EF000005F23D17B689B6A032B38D801A252F84C
:104F000023F000BF154F00081B4F0008154F000885
:104F10002D4F00080123FB7330E07B68DB6A03F050
:104F20008073002B25D00123FB7322E07B68DB6AB2
:104F3000B3F1C07F1FD10123FB731CE07B689B6A28
:104F4000022B02D9032B03D018E00123FB7315E0D9
:104F50007B68DB6A03F08073002B0ED00123FB73A8
:104F60000BE000BF0AE000BF08E000BF06E000BFA2
:104F700004E000BF02E000BF00E000BFFB7B18467A
:104F80001437BD465DF8047B704700BF80B485B020
:104F900000AF78607B681B68BB607B681B68384A21
:104FA000934222D07B681B68364A93421DD07B68AF
:104FB0001B68354A934218D07B681B68334A93427A
:104FC00013D07B681B68324A93420ED07B681B6803
:104FD000304A934209D07B681B682F4A934204D021
:104FE0007B681B682D4A934201D1012300E0002316
:104FF000002B1AD07B681B68DBB2083B284AA2FB57
:1050000003231B09FB60FA68264B13449B001A46D6
:105010007B681A667B68244A5A66FB6803F01F03A4
:1050200001229A407B689A6624E07B681B68DBB2A9
:10503000103B1E4AA2FB03231B09FB60BB681C4AF2
:10504000934206D8BB681B4A934202D9FB680833D7
:10505000FB60FA68184B13449B001A467B681A667B
:105060007B68164A5A66FB6803F01F0301229A40C8
:105070007B689A6600BF1437BD465DF8047B7047B5
:10508000085402581C5402583054025844540258D0
:10509000585402586C540258805402589454025880
:1050A000CDCCCCCC0096001680580258ABAAAAAA48
:1050B000B80402400F040240008200108008024041
:1050C00080B485B000AF78607B685B68DBB2FB6062
:1050D000FB68002B4AD0FB68082B47D87B681B680D
:1050E000254A934222D07B681B68244A93421DD0F4
:1050F0007B681B68224A934218D07B681B68214A50
:10510000934213D07B681B681F4A93420ED07B6882
:105110001B681E4A934209D07B681B681C4A934255
:1051200004D07B681B681B4A934201D1012300E035
:105130000023002B0AD0FA68174B13449B001A4631
:105140007B68DA667B68154A1A6709E0FA68144BCF
:1051500013449B001A467B68DA667B68114A1A671B
:10516000FB68013B01229A407B685A6700BF1437F5
:10517000BD465DF8047B7047085402581C54025821
:105180003054025844540258585402586C5402582F
:1051900080540258945402583F96001640590258C1
:1051A0003F8200104009024080B489B000AF7860AF
:1051B00039600023FB61894B7B6194E13B681A688D
:1051C0000121FB6901FA03F313403B613B69002BAA
:1051D00000F086813B685B6803F00303012B05D078
:1051E0003B685B6803F00303022B30D17B689B684C
:1051F000BB61FB695B00032202FA03F3DB43BA697C
:105200001340BB613B68DA68FB695B0002FA03F399
:10521000BA691343BB617B68BA699A607B685B6853
:10522000BB610122FB6902FA03F3DB43BA69134055
:10523000BB613B685B681B0903F00102FB6902FA72
:1052400003F3BA691343BB617B68BA695A603B6870
:105250005B6803F00303032B17D07B68DB68BB613B
:10526000FB695B00032202FA03F3DB43BA691340D4
:10527000BB613B689A68FB695B0002FA03F3BA6999
:105280001343BB617B68BA69DA603B685B6803F013
:105290000303022B23D1FB69DA087B68083253F839
:1052A0002230BB61FB6903F007039B000F2202FA67
:1052B00003F3DB43BA691340BB613B681A69FB69BE
:1052C00003F007039B0002FA03F3BA691343BB61BF
:1052D000FB69DA087B680832B96943F822107B68F9
:1052E0001B68BB61FB695B00032202FA03F3DB432B
:1052F000BA691340BB613B685B6803F00302FB695A
:105300005B0002FA03F3BA691343BB617B68BA69B5
:105310001A603B685B6803F44033002B00F0E080C8
:105320002F4BD3F8F4302E4A43F00203C2F8F43086
:105330002B4BD3F8F43003F00203FB60FB68294ADF
:10534000FB699B08023352F82330BB61FB6903F011
:1053500003039B000F2202FA03F3DB43BA691340F5
:10536000BB617B68204A934252D07B681F4A9342BC
:1053700031D07B681E4A93422BD07B681D4A9342F2
:1053800025D07B681C4A93421FD07B681B4A9342FE
:1053900019D07B681A4A934213D07B68194A93420A
:1053A0000DD07B68184A934207D07B68174A934216
:1053B00001D109232DE00A232BE0082329E007234C
:1053C00027E0062325E0052323E0042321E003232F
:1053D0001FE002231DE001231BE000BF80000058F6
:1053E000004402580004005800000258000402580B
:1053F00000080258000C025800100258001402580D
:1054000000180258001C02580020025800240258BC
:105410000023FA6902F0030292009340BA69134331
:10542000BB613849FB699B080233BA6941F8232004
:105430004FF0B0431B68BB613B69DB43BA69134063
:10544000BB613B685B6803F48013002B03D0BA692F
:105450003B691343BB614FF0B042BB6913604FF02F
:10546000B0435B68BB613B69DB43BA691340BB6116
:105470003B685B6803F40013002B03D0BA693B69F7
:105480001343BB614FF0B042BB6953607B695B68FB
:10549000BB613B69DB43BA691340BB613B685B6836
:1054A00003F40033002B03D0BA693B691343BB619B
:1054B0007B69BA695A607B691B68BB613B69DB43E6
:1054C000BA691340BB613B685B6803F48033002B0F
:1054D00003D0BA693B691343BB617B69BA691A603F
:1054E000FB690133FB613B681A68FB6922FA03F32D
:1054F000002B7FF463AE00BF00BF2437BD465DF8CC
:10550000047B70470004005880B483B000AF78601B
:105510000B467B8013467B707B78002B03D07A8808
:105520007B689A6103E07B881A047B689A6100BFFC
:105530000C37BD465DF8047B704780B485B000AF82
:1055400078600B467B807B685B69FB607A88FB68D0
:1055500013401A04FB68D9437B880B401A437B68CD
:105560009A6100BF1437BD465DF8047B70470000A8
:1055700080B584B000AF7860194BDB6803F004039A
:10558000042B0AD0164BDB6803F007037A689A42B3
:1055900001D001231FE000231DE0114BDB6823F045
:1055A00007020F497B681343CB60FCF729FEF860C4
:1055B00009E0FCF725FE0246FB68D31AB3F57A7FB3
:1055C00001D9012307E0064B5B6803F40053B3F5F0
:1055D000005FEED1002318461037BD4680BD00BFE6
:1055E0000048025880B58CB000AF78607B68002B13
:1055F00002D1012300F048BC7B681B6803F0010363
:10560000002B00F08880994B1B6903F03803FB6284
:10561000964B9B6ABB62FB6A102B07D0FB6A182B68
:1056200011D1BB6A03F00303022B0CD18F4B1B6813
:1056300003F40033002B6DD07B685B68002B69D1CD
:10564000012300F021BC7B685B68B3F5803F06D185
:10565000864B1B68854A43F4803313602EE07B68D9
:105660005B68002B0CD1814B1B68804A23F480338C
:1056700013607E4B1B687D4A23F4802313601DE07A
:105680007B685B68B3F5A02F0CD1784B1B68774A19
:1056900043F480231360754B1B68744A43F48033D2
:1056A00013600BE0714B1B68704A23F48033136066
:1056B0006E4B1B686D4A23F4802313607B685B6824
:1056C000002B13D0FCF79CFD786208E0FCF798FDF6
:1056D00002467B6AD31A642B01D90323D4E3634BBC
:1056E0001B6803F40033002BF0D014E0FCF788FDB6
:1056F000786208E0FCF784FD02467B6AD31A642BCB
:1057000001D90323C0E3594B1B6803F40033002B7A
:10571000F0D100E000BF7B681B6803F00203002BA0
:1057200000F0CA80514B1B6903F038033B624F4BBA
:105730009B6AFB613B6A002B07D03B6A182B56D152
:10574000FB6903F00303002B51D1484B1B6803F0A6
:105750000403002B05D07B68DB68002B01D10123FB
:1057600092E3424B1B6823F019027B68DB683F49D8
:1057700013430B60FCF744FD786208E0FCF740FD42
:1057800002467B6AD31A022B01D903237CE3374BF1
:105790001B6803F00403002BF0D0FCF73DFD03462B
:1057A00041F20302934217D87B681B69402B08D152
:1057B0002E4B5B6823F47C332C4A43F40033536054
:1057C0007AE02A4B5B6823F47C327B681B691B03FD
:1057D000264913434B606FE0244B5B6823F0FE4285
:1057E0007B681B691B06214913434B6064E07B689F
:1057F000DB68002B47D01D4B1B6823F019027B6828
:10580000DB681A4913430B60FCF7FAFC786208E086
:10581000FCF7F6FC02467B6AD31A022B01D903235C
:1058200032E3124B1B6803F00403002BF0D0FCF7AB
:10583000F3FC034641F20302934219D87B681B69CB
:10584000402B08D1094B5B6823F47C33074A43F4AF
:105850000033536030E0054B5B6823F47C327B6897
:105860001B691B03014913434B6025E000440258A8
:105870009A4B5B6823F0FE427B681B691B069749C5
:1058800013434B6018E0954B1B68944A23F00103C7
:105890001360FCF7B5FC786208E0FCF7B1FC024647
:1058A0007B6AD31A022B01D90323EDE28B4B1B68D1
:1058B00003F00403002BF0D17B681B6803F0100396
:1058C000002B00F0A980854B1B6903F03803BB61F6
:1058D000824B9B6A7B61BB69082B07D0BB69182B85
:1058E0003AD17B6903F00303012B35D17B4B1B6855
:1058F00003F48073002B05D07B68DB69802B01D01B
:105900000123C1E2FCF788FC034641F20302934203
:1059100017D87B681B6A202B08D1704B5B6823F07B
:10592000F8436E4A43F08043536075E06B4B5B680D
:1059300023F0F8427B681B6A9B06684913434B605F
:105940006AE0664BDB6823F07C527B681B6A1B06AF
:1059500062491343CB605FE07B68DB69002B42D078
:105960005E4B1B685D4A43F080031360FCF748FC04
:10597000786208E0FCF744FC02467B6AD31A022BEB
:1059800001D9032380E2554B1B6803F48073002B7D
:10599000F0D0FCF741FC034641F20302934217D8D2
:1059A0007B681B6A202B08D14C4B5B6823F0F843C3
:1059B0004A4A43F0804353602EE0484B5B6823F033
:1059C000F8427B681B6A9B06444913434B6023E003
:1059D000424BDB6823F07C527B681B6A1B063F4905
:1059E0001343CB6018E03D4B1B683C4A23F0800317
:1059F0001360FCF705FC786208E0FCF701FC024646
:105A00007B6AD31A022B01D903233DE2334B1B6877
:105A100003F48073002BF0D17B681B6803F008034C
:105A2000002B36D07B685B69002B19D02B4B5B6F4A
:105A30002A4A43F001035367FCF7E2FB786208E06F
:105A4000FCF7DEFB02467B6AD31A022B01D9032343
:105A50001AE2224B5B6F03F00203002BF0D018E038
:105A60001E4B5B6F1D4A23F001035367FCF7C8FB15
:105A7000786208E0FCF7C4FB02467B6AD31A022B6B
:105A800001D9032300E2154B5B6F03F00203002BE7
:105A9000F0D17B681B6803F02003002B39D07B68B2
:105AA0009B69002B1CD00D4B1B680C4A43F48053A0
:105AB0001360FCF7A5FB786208E0FCF7A1FB024647
:105AC0007B6AD31A022B01D90323DDE1034B1B6848
:105AD00003F40053002BF0D01BE000BF0044025839
:105AE0009B4B1B689A4A23F480531360FCF788FB96
:105AF000786208E0FCF784FB02467B6AD31A022B2B
:105B000001D90323C0E1924B1B6803F40053002B1F
:105B1000F0D17B681B6803F00403002B00F0818048
:105B20008C4B1B688B4A43F480731360FCF768FB53
:105B3000786208E0FCF764FB02467B6AD31A642BA8
:105B400001D90323A0E1834B1B6803F48073002B6E
:105B5000F0D07B689B68012B06D17D4B1B6F7C4A84
:105B600043F0010313672DE07B689B68002B0CD189
:105B7000774B1B6F764A23F001031367744B1B6F3F
:105B8000734A23F0040313671CE07B689B68052BB2
:105B90000CD16F4B1B6F6E4A43F0040313676C4BC1
:105BA0001B6F6B4A43F0010313670BE0684B1B6FDD
:105BB000674A23F001031367654B1B6F644A23F0A8
:105BC000040313677B689B68002B15D0FCF718FB58
:105BD00078620AE0FCF714FB02467B6AD31A41F2B2
:105BE0008832934201D903234EE1594B1B6F03F0D6
:105BF0000203002BEED014E0FCF702FB78620AE00F
:105C0000FCF7FEFA02467B6AD31A41F288329342CD
:105C100001D9032338E14E4B1B6F03F00203002B25
:105C2000EED17B685B6A002B00F02D81484B1B692D
:105C300003F03803182B00F0BD807B685B6A022BF1
:105C400040F09E80424B1B68414A23F080731360F2
:105C5000FCF7D6FA786208E0FCF7D2FA02467B6AD3
:105C6000D31A022B01D903230EE1394B1B6803F031
:105C70000073002BF0D1364B9A6A374B13407A6889
:105C8000916A7A68D26A12010A43314913438B62DE
:105C90007B681B6B013BC3F308027B685B6B013BBA
:105CA0005B029BB21A437B689B6B013B1B0403F4B2
:105CB000FE031A437B68DB6B013B1B0603F0FE43CC
:105CC000234913430B63224BDB6A214A23F0010370
:105CD000D3621F4B5A6B214B13407A68926CD200EF
:105CE0001B4913434B631A4BDB6A23F00C027B689E
:105CF0001B6C17491343CB62154BDB6A23F002027E
:105D00007B685B6C12491343CB62114BDB6A104A10
:105D100043F48033D3620E4BDB6A0D4A43F4003305
:105D2000D3620B4BDB6A0A4A43F48023D362084BED
:105D3000DB6A074A43F00103D362054B1B68044A40
:105D400043F080731360FCF75BFA786211E000BFE8
:105D500000440258004802580CFCFFFF0700FFFFF8
:105D6000FCF74EFA02467B6AD31A022B01D90323B1
:105D70008AE0474B1B6803F00073002BF0D082E0F1
:105D8000434B1B68424A23F080731360FCF738FAD8
:105D9000786208E0FCF734FA02467B6AD31A022BD9
:105DA00001D9032370E03A4B1B6803F00073002B0A
:105DB000F0D168E0364B9B6A3B61354B1B6BFB6057
:105DC0007B685B6A012B31D03B6903F003027B687F
:105DD0009B6A9A422AD13B691B0903F03F027B6808
:105DE000DB6A9A4222D1FB68C3F308027B681B6B13
:105DF000013B9A421AD1FB685B0A03F07F027B6881
:105E00005B6B013B9A4211D1FB681B0C03F07F02D4
:105E10007B689B6B013B9A4208D1FB681B0E03F029
:105E20007F027B68DB6B013B9A4201D001232BE0B0
:105E3000174B5B6BDB08C3F30C033B617B689B6C0C
:105E40003A699A421FD0124BDB6A114A23F00103D0
:105E5000D362FCF7D5F9786200BFFCF7D1F90246AE
:105E60007B6A9342F9D00A4B5A6B0A4B13407A680B
:105E7000926CD200064913434B63054BDB6A044A1C
:105E800043F00103D362002318463037BD4680BD7E
:105E9000004402580700FFFF80B586B000AF78606D
:105EA00039607B68002B01D101239CE18A4B1B6880
:105EB00003F00F033A689A4210D9874B1B6823F00E
:105EC0000F0285493B6813430B60834B1B6803F04B
:105ED0000F033A689A4201D0012384E17B681B6872
:105EE00003F00403002B10D07B681A697B4B9B697D
:105EF00003F070039A4208D9784B9B6923F0700233
:105F00007B681B69754913438B617B681B6803F0D1
:105F10000803002B10D07B685A69704BDB6903F0D3
:105F200070039A4208D96D4BDB6923F070027B68DD
:105F30005B696A491343CB617B681B6803F01003FC
:105F4000002B10D07B689A69644BDB6903F4E06333
:105F50009A4208D9614BDB6923F4E0627B689B6954
:105F60005E491343CB617B681B6803F02003002B61
:105F700010D07B68DA69594B1B6A03F070039A42B0
:105F800008D9564B1B6A23F070027B68DB695349C2
:105F900013430B627B681B6803F00203002B10D0D5
:105FA0007B68DA684D4B9B6903F00F039A4208D96E
:105FB0004A4B9B6923F00F027B68DB684749134318
:105FC0008B617B681B6803F00103002B55D0434BAA
:105FD0009B6923F470627B689B68404913438B6123
:105FE0007B685B68022B07D13C4B1B6803F40033D2
:105FF000002B21D10123F6E07B685B68032B07D1DE
:10600000364B1B6803F00073002B15D10123EAE027
:106010007B685B68012B07D1304B1B6803F48073EE
:10602000002B09D10123DEE02C4B1B6803F0040395
:10603000002B01D10123D6E0284B1B6923F0070276
:106040007B685B68254913430B61FCF7D9F87861DD
:106050000AE0FCF7D5F802467B69D31A41F2883290
:10606000934201D90323BEE01C4B1B6903F03802A5
:106070007B685B68DB009A42EBD17B681B6803F0AE
:106080000203002B10D07B68DA68144B9B6903F085
:106090000F039A4208D2114B9B6923F00F027B68D1
:1060A000DB680E4913438B610B4B1B6803F00F0336
:1060B0003A689A4214D2084B1B6823F00F02064933
:1060C0003B6813430B60044B1B6803F00F033A68F3
:1060D0009A4205D0012386E0002000520044025875
:1060E0007B681B6803F00403002B10D07B681A69DF
:1060F0003F4B9B6903F070039A4208D23C4B9B696B
:1061000023F070027B681B69394913438B617B68FC
:106110001B6803F00803002B10D07B685A69344BCE
:10612000DB6903F070039A4208D2314BDB6923F03C
:1061300070027B685B692E491343CB617B681B68E7
:1061400003F01003002B10D07B689A69284BDB69A1
:1061500003F4E0639A4208D2254BDB6923F4E06242
:106160007B689B6922491343CB617B681B6803F002
:106170002003002B10D07B68DA691D4B1B6A03F0EB
:1061800070039A4208D21A4B1B6A23F070027B6894
:10619000DB69174913430B6200F034F80246144BD5
:1061A0009B691B0A03F00F031249CB5C03F01F032A
:1061B00022FA03F33B610E4B9B6903F00F030D4A78
:1061C000D35C03F01F033A6922FA03F30A4A13600F
:1061D0000A4A3B6913600A4B1B681846FBF744FBED
:1061E0000346FB73FB7B18461837BD4680BD00BFD6
:1061F0000044025890EB0108180000241400002409
:106200001C00002480B489B000AFB34B1B6903F0BD
:106210003803182B00F2558101A252F823F000BF79
:1062200085620008C3640008C3640008C3640008F2
:10623000C3640008C3640008C3640008C3640008A2
:10624000AB620008C3640008C3640008C3640008AC
:10625000C3640008C3640008C3640008C364000882
:10626000B1620008C3640008C3640008C364000886
:10627000C3640008C3640008C3640008C364000862
:10628000B7620008944B1B6803F02003002B09D071
:10629000914B1B68DB0803F00303904A22FA03F3D7
:1062A000BB6111E18D4BBB610EE18D4BBB610BE11D
:1062B0008C4BBB6108E1884B9B6A03F003037B6155
:1062C000854B9B6A1B0903F03F033B61824BDB6AF2
:1062D00003F00103FB60804B5B6BDB08C3F30C0333
:1062E000FA6802FB03F307EE903AF8EE677AC7ED1F
:1062F000027A3B69002B00F0E1807B69022B00F001
:1063000083807B69022B00F2A1807B69002B03D084
:106310007B69012B56D099E06F4B1B6803F020037B
:10632000002B2DD06C4B1B68DB0803F003036B4A7A
:1063300022FA03F37B607B6807EE903AF8EE676A17
:106340003B6907EE903AF8EE677A86EEA77A624BE1
:106350001B6BC3F3080307EE903AF8EE676A97EDFC
:10636000026ADFED615AC6EE257A76EEA77AF7EE7D
:10637000006A77EEA67A67EE277AC7ED077A87E09C
:106380003B6907EE903AF8EE677ADFED586A86EEE1
:10639000A77A514B1B6BC3F3080307EE903AF8EE54
:1063A000676A97ED026ADFED505AC6EE257A76EEFF
:1063B000A77AF7EE006A77EEA67A67EE277AC7ED3E
:1063C000077A65E03B6907EE903AF8EE677ADFED11
:1063D000486A86EEA77A404B1B6BC3F3080307EEAF
:1063E000903AF8EE676A97ED026ADFED3F5AC6EE23
:1063F000257A76EEA77AF7EE006A77EEA67A67EE50
:10640000277AC7ED077A43E03B6907EE903AF8EE4A
:10641000677ADFED386A86EEA77A2F4B1B6BC3F3E2
:10642000080307EE903AF8EE676A97ED026ADFED2F
:106430002E5AC6EE257A76EEA77AF7EE006A77EE48
:10644000A67A67EE277AC7ED077A21E03B6907EE67
:10645000903AF8EE677ADFED266A86EEA77A1E4B51
:106460001B6BC3F3080307EE903AF8EE676A97EDEB
:10647000026ADFED1D5AC6EE257A76EEA77AF7EEB0
:10648000006A77EEA67A67EE277AC7ED077A00BF33
:10649000114B1B6B5B0A03F07F0301333B603B68CE
:1064A00007EE903AB8EE677AD7ED076AC6EE877ABC
:1064B000FCEEE77A17EE903ABB6105E00023BB6182
:1064C00002E0074BBB6100BFBB6918462437BD46DD
:1064D0005DF8047B704700BF004402580090D00371
:1064E00000093D0040787D01000000460024744C06
:1064F0000024744A20BCBE4B80B582B000AFFFF7C9
:1065000081FE0246104B9B691B0A03F00F030F49E3
:10651000CB5C03F01F0322FA03F37B600A4B9B69F9
:1065200003F00F03094AD35C03F01F037A6822FAD1
:1065300003F3074A1360074A7B681360044B1B6828
:1065400018460837BD4680BD0044025890EB01084C
:10655000180000241400002480B500AFFFF7CCFF22
:106560000246064BDB691B0903F007030449CB5CB9
:1065700003F01F0322FA03F3184680BD00440258BB
:1065800090EB010880B500AFFFF7B6FF0246064B5F
:10659000DB691B0A03F007030449CB5C03F01F030C
:1065A00022FA03F3184680BD0044025890EB01081C
:1065B00080B483B000AF786039607B683F221A6096
:1065C0001A4B1B6903F007027B685A60174B9B69E3
:1065D00003F470627B689A60144B9B6903F00F02AE
:1065E0007B68DA60114B9B6903F070027B681A616B
:1065F0000E4BDB6903F070027B685A610B4BDB6961
:1066000003F4E0627B689A61084B1B6A03F0700236
:106610007B68DA61064B1B6803F00F023B681A6067
:1066200000BF0C37BD465DF8047B7047004402583C
:10663000002000522DE9B04FCAB000AFC7F81401D6
:10664000002387F82731002387F82631D7F8143143
:10665000D3E9002302F00064002554EA050349D081
:10666000D7F814319B6EB3F5401F2FD0B3F5401F00
:1066700028D8B3F5001F1AD0B3F5001F22D8002B7D
:1066800003D0B3F5801F07D01CE0B84BDB6AB74AD4
:1066900043F40033D3621AE0D7F8143108330221EF
:1066A000184601F08FFC034687F827310FE0D7F832
:1066B000143128330221184601F036FD034687F8CD
:1066C000273104E0012387F8273100E000BF97F865
:1066D0002731002B0AD1A54B1B6D23F44011D7F8AD
:1066E00014319B6EA14A0B43136503E097F82731E1
:1066F00087F82631D7F81431D3E9002302F48078E3
:106700004FF0000958EA090347D0D7F814319B6DC0
:10671000042B2AD801A252F823F000BF31670008E9
:106720003F67000855670008736700087367000833
:106730008E4BDB6A8D4A43F40033D3621AE0D7F8FC
:10674000143108330021184601F03CFC034687F859
:1067500027310FE0D7F8143128330021184601F013
:10676000E3FC034687F8273104E0012387F827314B
:1067700000E000BF97F82731002B0AD17B4B1B6D3F
:1067800023F00701D7F814319B6D784A0B4313654A
:1067900003E097F8273187F82631D7F81431D3E989
:1067A000002302F4007A4FF0000B5AEA0B034CD09E
:1067B000D7F81431DB6DB3F5807F30D0B3F5807F2F
:1067C00029D8C02B2DD0C02B25D8802B18D0802BBA
:1067D00021D8002B02D0402B07D01CE0634BDB6A92
:1067E000624A43F40033D3621CE0D7F81431083313
:1067F0000021184601F0E6FB034687F8273111E037
:10680000D7F8143128330021184601F08DFC0346D7
:1068100087F8273106E0012387F8273102E000BF1F
:1068200000E000BF97F82731002B0AD14F4B1B6DBA
:1068300023F4E071D7F81431DB6D4C4A0B43136538
:1068400003E097F8273187F82631D7F81431D3E9D8
:10685000002302F48063C7F808310023C7F80C3125
:10686000D7E942120B46134353D0D7F81431D3F86B
:10687000A830B3F5000F35D0B3F5000F2ED8B3F51F
:10688000C00F31D0B3F5C00F28D8B3F5800F1AD0A0
:10689000B3F5800F22D8002B03D0B3F5001F07D02B
:1068A0001CE0324BDB6A314A43F40033D3621CE014
:1068B000D7F8143108330021184601F083FB034652
:1068C00087F8273111E0D7F8143128330021184612
:1068D00001F02AFC034687F8273106E0012387F8F8
:1068E000273102E000BF00E000BF97F82731002BFE
:1068F0000BD11E4B9B6D23F46001D7F81431D3F8F4
:10690000A8301A4A0B43936503E097F8273187F8BC
:106910002631D7F81431D3E9002302F40063C7F815
:1069200000310023C7F80431D7E940120B46134366
:1069300056D0D7F81431D3F8AC30B3F1806F38D0DB
:10694000B3F1806F31D8B3F1407F34D0B3F1407FE1
:106950002BD8B3F1007F1DD0B3F1007F25D8002BD9
:1069600006D0B3F1807F0AD01FE000BF0044025878
:10697000A24BDB6AA14A43F40033D3621CE0D7F890
:10698000143108330021184601F01CFB034687F838
:10699000273111E0D7F8143128330021184601F0CF
:1069A000C3FB034687F8273106E0012387F8273128
:1069B00002E000BF00E000BF97F82731002B0BD1A9
:1069C0008E4B9B6D23F0E061D7F81431D3F8AC30D7
:1069D0008A4A0B43936503E097F8273187F82631FD
:1069E000D7F81431D3E9002302F00073C7F8F83068
:1069F0000023C7F8FC30D7E93E120B4613433AD0C8
:106A0000D7F81431DB6C302B1FD0302B19D8202B4A
:106A10000CD0202B15D8002B19D0102B11D1774B6F
:106A2000DB6A764A43F40033D36211E0D7F81431BD
:106A300008330221184601F0C5FA034687F82731CA
:106A400006E0012387F8273102E000BF00E000BF25
:106A500097F82731002B0AD1684BDB6C23F030010B
:106A6000D7F81431DB6C654A0B43D36403E097F825
:106A7000273187F82631D7F81431D3E9002302F4FF
:106A80008053C7F8F0300023C7F8F430D7E93C1240
:106A90000B46134351D0D7F814311B6EB3F5804F1A
:106AA00035D0B3F5804F2ED8B3F5405F31D0B3F574
:106AB000405F28D8B3F5005F1AD0B3F5005F22D845
:106AC000002B03D0B3F5805F07D01CE04B4BDB6A93
:106AD0004A4A43F40033D3621CE0D7F81431083338
:106AE0000021184601F06EFA034687F8273111E0BD
:106AF000D7F8143128330021184601F015FB03465E
:106B000087F8273106E0012387F8273102E000BF2C
:106B100000E000BF97F82731002B0AD1374B1B6DDF
:106B200023F4E041D7F814311B6E344A0B4313654C
:106B300003E097F8273187F82631D7F81431D3E9E5
:106B4000002302F40053C7F8E8300023C7F8EC3004
:106B5000D7E93A120B46134356D0D7F814315B6E7F
:106B6000B3F5A02F33D0B3F5A02F2CD8B3F5802FD9
:106B70002FD0B3F5802F26D8B3F5403F2BD0B3F5F7
:106B8000403F20D8B3F5003F12D0B3F5003F1AD8EC
:106B9000002B22D0B3F5803F15D1D7F8143108333C
:106BA0000121184601F00EFA034687F8273115E057
:106BB000D7F8143128330121184601F0B5FA0346FD
:106BC00087F827310AE0012387F8273106E000BF64
:106BD00004E000BF02E000BF00E000BF97F82731EB
:106BE000002B0DD1054B1B6D23F4E021D7F8143198
:106BF0005B6E024A0B43136506E000BF0044025877
:106C000097F8273187F82631D7F81431D3E90023D4
:106C100002F48043C7F8E0300023C7F8E430D7E936
:106C200038120B46134355D0D7F81431D3F8B0308F
:106C3000B3F1A04F33D0B3F1A04F2CD8B3F1804FB4
:106C40002FD0B3F1804F26D8B3F1405F2BD0B3F1F2
:106C5000405F20D8B3F1005F12D0B3F1005F1AD8C3
:106C6000002B22D0B3F1805F15D1D7F8143108334F
:106C70000121184601F0A6F9034687F8273115E0EF
:106C8000D7F8143128330121184601F04DFA034694
:106C900087F827310AE0012387F8273106E000BF93
:106CA00004E000BF02E000BF00E000BF97F827311A
:106CB000002B0BD1A34B9B6D23F0E041D7F814318F
:106CC000D3F8B0309F4A0B43936503E097F8273120
:106CD00087F82631D7F81431D3E9002302F40043B2
:106CE000C7F8D8300023C7F8DC30D7E936120B4696
:106CF000134337D0D7F814311B6FB3F1005F0ED0B8
:106D0000B3F1005F16D8002B18D0B3F1805F11D11A
:106D10008C4BDB6A8B4A43F40033D3620FE0D7F825
:106D2000143108330121184601F04CF9034687F865
:106D3000273104E0012387F8273100E000BF97F8EE
:106D40002731002B0AD17F4B1B6D23F04051D7F820
:106D500014311B6F7B4A0B43136503E097F827310F
:106D600087F82631D7F81431D3E9002302F0807375
:106D7000C7F8D0300023C7F8D430D7E934120B4617
:106D8000134339D0D7F814319B6C032B1CD801A2C4
:106D900052F823F0D16D0008A56D0008B36D00080E
:106DA000D16D0008674BDB6A664A43F40033D36257
:106DB0000FE0D7F8143108330221184601F002F928
:106DC000034687F8273104E0012387F8273100E0E4
:106DD00000BF97F82731002B0AD15A4BDB6C23F008
:106DE0000301D7F814319B6C564A0B43D36403E07C
:106DF00097F8273187F82631D7F81431D3E90023E3
:106E000002F48003C7F8C8300023C7F8CC30D7E9B4
:106E100032120B46134300F09F804B4B1B684A4ACB
:106E200043F480731360FBF7EBF9C7F820010BE024
:106E3000FBF7E6F90246D7F82031D31A642B03D9C1
:106E4000032387F8273105E03F4B1B6803F4807369
:106E5000002BEDD097F82731002B79D1394B1A6FE1
:106E6000D7F81431D3F8B430534003F44073002BF7
:106E700015D0344B1B6F23F44073C7F81C31314BD2
:106E80001B6F304A43F4803313672E4B1B6F2D4A20
:106E900023F4803313672B4AD7F81C311367D7F8D4
:106EA0001431D3F8B430B3F5807F18D1FBF7A8F9CB
:106EB000C7F820010DE0FBF7A3F90246D7F820310F
:106EC000D21A41F288339A4203D9032387F8273133
:106ED00005E01C4B1B6F03F00203002BEBD097F86F
:106EE0002731002B29D1D7F81431D3F8B43003F46B
:106EF0004073B3F5407F0ED1124B1B6923F47C51D4
:106F0000D7F81431D3F8B4301A09104B13400D4A96
:106F10000B43136105E00B4B1B690A4A23F47C53B6
:106F20001361084B196FD7F81431D3F8B430C3F399
:106F30000B03044A0B4313670EE097F8273187F8D9
:106F4000263109E00044025800480258CFFFFF00F4
:106F500097F8273187F82631D7F81431D3E9002381
:106F600002F00103C7F8C0300023C7F8C430D7E9E6
:106F700030120B46134300F08980D7F81431DB6FD1
:106F8000282B6BD801A252F823F000BF65700008CF
:106F90005D7000085D7000085D7000085D7000089D
:106FA0005D7000085D7000085D70000831700008B9
:106FB0005D7000085D7000085D7000085D7000087D
:106FC0005D7000085D7000085D7000084770000883
:106FD0005D7000085D7000085D7000085D7000085D
:106FE0005D7000085D7000085D7000086570000845
:106FF0005D7000085D7000085D7000085D7000083D
:107000005D7000085D7000085D7000086570000824
:107010005D7000085D7000085D7000085D7000081C
:107020005D7000085D7000085D7000086570000804
:10703000D7F8143108330121184600F0C3FF034686
:1070400087F827310FE0D7F814312833012118468B
:1070500001F06AF8034687F8273104E0012387F836
:10706000273100E000BF97F82731002B0AD1BF4B32
:107070005B6D23F03801D7F81431DB6FBB4A0B434B
:10708000536503E097F8273187F82631D7F8143194
:10709000D3E9002302F00203C7F8B8300023C7F891
:1070A000BC30D7E92E120B46134341D0D7F8143128
:1070B0009B6F052B24D801A252F823F00971000818
:1070C000D5700008EB70000809710008097100080C
:1070D00009710008D7F8143108330121184600F06F
:1070E00071FF034687F827310FE0D7F814312833B2
:1070F0000121184601F018F8034687F8273104E00B
:10710000012387F8273100E000BF97F82731002BD3
:107110000AD1964B5B6D23F00701D7F814319B6FB2
:10712000924A0B43536503E097F8273187F82631DD
:10713000D7F81431D3E9002302F00403C7F8B030C4
:107140000023C7F8B430D7E92C120B46134344D0C0
:10715000D7F81431D3F89430052B25D801A252F872
:1071600023F000BFB17100087D7100089371000821
:10717000B1710008B1710008B1710008D7F814317D
:1071800008330121184600F01DFF034687F8273118
:107190000FE0D7F8143128330121184600F0C4FF5E
:1071A000034687F8273104E0012387F8273100E000
:1071B00000BF97F82731002B0BD16C4B9B6D23F050
:1071C0000701D7F81431D3F89430684A0B4393651C
:1071D00003E097F8273187F82631D7F81431D3E93F
:1071E000002302F02003C7F8A8300023C7F8AC3012
:1071F000D7E92A120B46134355D0D7F81431D3F8E8
:107200009030B3F1A04F33D0B3F1A04F2CD8B3F1ED
:10721000804F2FD0B3F1804F26D8B3F1405F2BD0F1
:10722000B3F1405F20D8B3F1005F12D0B3F1005F3B
:107230001AD8002B22D0B3F1805F15D1D7F81431C2
:1072400008330021184600F0BDFE034687F82731B9
:1072500015E0D7F8143128330221184600F064FFF6
:10726000034687F827310AE0012387F8273106E033
:1072700000BF04E000BF02E000BF00E000BF97F8DD
:107280002731002B0BD1394B5B6D23F0E041D7F850
:107290001431D3F89030354A0B43536503E097F827
:1072A000273187F82631D7F81431D3E9002302F0CB
:1072B0004003C7F8A0300023C7F8A430D7E928124C
:1072C0000B46134358D0D7F81431D3F89C30B3F59C
:1072D000A05F33D0B3F5A05F2CD8B3F5805F2FD07B
:1072E000B3F5805F26D8B3F5406F2BD0B3F5406F70
:1072F00020D8B3F5006F12D0B3F5006F1AD8002B69
:1073000022D0B3F5806F15D1D7F81431083300219E
:10731000184600F057FE034687F8273115E0D7F8E6
:10732000143128330221184600F0FEFE034687F888
:1073300027310AE0012387F8273106E000BF04E087
:1073400000BF02E000BF00E000BF97F82731002B2C
:107350000ED1064B9B6D23F4E051D7F81431D3F8CE
:107360009C30024A0B43936506E000BF004402587C
:1073700097F8273187F82631D7F81431D3E900235D
:1073800002F08003C7F898300023C7F89C30D7E993
:1073900026120B46134355D0D7F81431D3F8A0303A
:1073A000B3F5204F33D0B3F5204F2CD8B3F5004FB1
:1073B0002FD0B3F5004F26D8B3F5C04F2BD0B3F57F
:1073C000C04F20D8B3F5804F12D0B3F5804F1AD8F4
:1073D000002B22D0B3F5005F15D1D7F81431083354
:1073E0000021184600F0EEFD034687F8273115E02E
:1073F000D7F8143128330221184600F095FE0346D1
:1074000087F827310AE0012387F8273106E000BF1B
:1074100004E000BF02E000BF00E000BF97F82731A2
:10742000002B0BD1A14B9B6D23F46041D7F8143195
:10743000D3F8A0309D4A0B43936503E097F82731BA
:1074400087F82631D7F81431D3E9002302F0080376
:10745000C7F890300023C7F89430D7E924120B46C0
:1074600013431ED0D7F81431D3F88430B3F5805FBE
:107470000CD1D7F8143128330221184600F054FEFD
:107480000346002B02D0012387F82631874B5B6D22
:1074900023F44051D7F81431D3F88430834A0B4396
:1074A0005365D7F81431D3E9002302F01003C7F86D
:1074B00088300023C7F88C30D7E922120B461343DB
:1074C0001ED0D7F81431D3F89830B3F5807F0CD1A3
:1074D000D7F8143128330221184600F025FE034660
:1074E000002B02D0012387F82631704B9B6D23F4CB
:1074F0004071D7F81431D3F898306C4A0B43936538
:10750000D7F81431D3E9002302F40023C7F8803000
:107510000023C7F88430D7E920120B4613433ED02E
:10752000D7F81431D3F8A430B3F5003F22D0B3F527
:10753000003F1BD8002B03D0B3F5803F0BD015E0E4
:10754000D7F8143108330021184600F03BFD0346FC
:1075500087F827310FE0D7F8143128330221184675
:1075600000F0E2FD034687F8273104E0012387F8A5
:10757000273100E000BF97F82731002B0BD14B4B90
:107580009B6D23F44031D7F81431D3F8A430474A27
:107590000B43936503E097F8273187F82631D7F836
:1075A0001431D3E9002302F48023BB670023FB6777
:1075B000D7E91E120B4613433BD0D7F81431D3F84A
:1075C0008830B3F5401F1FD0B3F5401F18D8B3F56E
:1075D000801F03D0B3F5001F07D011E0334BDB6AE7
:1075E000324A43F40033D3620FE0D7F81431283322
:1075F0000121184600F098FD034687F8273104E082
:10760000012387F8273100E000BF97F82731002BCE
:107610000BD1264B5B6D23F44011D7F81431D3F80E
:107620008830224A0B43536503E097F8273187F8E7
:107630002631D7F81431D3E9002302F480333B67B5
:1076400000237B67D7E91C120B46134334D0D7F8CD
:1076500014311B6D002B03D0B3F5803F07D011E030
:10766000124BDB6A114A43F40033D3620EE0D7F8C1
:10767000143108330221184600F0A4FC034687F8B1
:10768000273103E0012387F8273100BF97F827311E
:10769000002B0DD1054BDB6C23F48031D7F814316E
:1076A0001B6D024A0B43D36406E000BF004402583E
:1076B00097F8273187F82631D7F81431D3E900231A
:1076C00002F00053BB660023FB66D7E91A120B4693
:1076D00013430CD0D7F8143128330221184600F098
:1076E00023FD0346002B02D0012387F82631D7F86B
:1076F0001431D3E9002302F400333B6600237B6698
:10770000D7E918120B46134338D0D7F81431D3F801
:107710008030B3F5407F18D0B3F5407F11D8B3F572
:10772000007F14D0B3F5007F0BD8002B11D0B3F538
:10773000807F06D1C34BDB6AC24A43F40033D36275
:1077400008E0012387F8273104E000BF02E000BF12
:1077500000E000BF97F82731002B0BD1B94B5B6DD0
:1077600023F44071D7F81431D3F88030B54A0B4375
:10777000536503E097F8273187F82631D7F814319D
:10778000D3E9002302F48013BB650023FB65D7E92E
:1077900016120B46134309D0AA4B1B6D23F0004170
:1077A000D7F814315B6FA74A0B431365D7F8143130
:1077B000D3E9002302F080533B6500237B65D7E9C2
:1077C00014120B4613430AD09E4B1B6923F48041CD
:1077D000D7F81431D3F8B8309A4A0B431361D7F86D
:1077E0001431D3E9002302F40013BB640023FB64CB
:1077F000D7E912120B46134309D0924B1B6D23F0AD
:107800008071D7F81431DB6E8E4A0B431365D7F8BD
:107810001431D3E9002302F080433B6400237B64EE
:10782000D7E910120B4613430ED0864B1B69854ACD
:1078300023F400431361834B1969D7F81431D3F84B
:10784000BC30804A0B431361D7F81431D3E90023CD
:1078500002F00043BB630023FB63D7E90E120B4623
:10786000134309D0774BDB6C23F04051D7F8143128
:107870005B6D744A0B43D364D7F81431D3E900230A
:1078800002F400033B6300237B63D7E90C120B4631
:1078900013430AD06B4B5B6D23F44001D7F81431CE
:1078A000D3F88C30674A0B435365D7F81431D3E9CA
:1078B00000230021B96203F00103FB62D7E90A1239
:1078C0000B46134311D0D7F8143108330021184662
:1078D00000F078FB034687F8273197F82731002B13
:1078E00003D097F8273187F82631D7F81431D3E938
:1078F00000230021396203F002037B62D7E90812FA
:107900000B46134311D0D7F8143108330121184620
:1079100000F058FB034687F8273197F82731002BF2
:1079200003D097F8273187F82631D7F81431D3E9F7
:1079300000230021B96103F00403FB61D7E90612BB
:107940000B46134311D0D7F81431083302211846DF
:1079500000F038FB034687F8273197F82731002BD2
:1079600003D097F8273187F82631D7F81431D3E9B7
:1079700000230021396103F008037B61D7E9041279
:107980000B46134311D0D7F8143128330021184681
:1079900000F0CAFB034687F8273197F82731002B00
:1079A00003D097F8273187F82631D7F81431D3E977
:1079B00000230021B96003F01003FB60D7E9021235
:1079C0000B46134311D0D7F8143128330121184640
:1079D00000F0AAFB034687F8273197F82731002BE0
:1079E00003D097F8273187F82631D7F81431D3E937
:1079F00000230021396003F020037B60D7E90012E7
:107A00000B46134311D0D7F81431283302211846FE
:107A100000F08AFB034687F8273197F82731002BBF
:107A200003D097F8273187F8263197F82631002BB5
:107A300001D1002300E00123184607F59477BD46E5
:107A4000BDE8B08F0044025880B500AFFEF754FD8A
:107A50000246064B1B6A1B0903F007030449CB5C73
:107A600003F01F0322FA03F3184680BD00440258B6
:107A700090EB010880B489B000AF7860A14B9B6A9D
:107A800003F00303BB619F4B9B6A1B0B03F03F0397
:107A90007B619C4BDB6A1B0903F001033B61994B43
:107AA000DB6BDB08C3F30C033A6902FB03F307EE5D
:107AB000903AF8EE677AC7ED037A7B69002B00F005
:107AC0001181BB69022B00F08380BB69022B00F29D
:107AD000A180BB69002B03D0BB69012B56D099E074
:107AE000884B1B6803F02003002B2DD0854B1B68AF
:107AF000DB0803F00303844A22FA03F3BB60BB688C
:107B000007EE903AF8EE676A7B6907EE903AF8EE76
:107B1000677A86EEA77A7B4B9B6BC3F3080307EE6D
:107B2000903AF8EE676A97ED036ADFED785AC6EE91
:107B3000257A76EEA77AF7EE006A77EEA67A67EEF8
:107B4000277AC7ED077A87E07B6907EE903AF8EE6F
:107B5000677ADFED6F6A86EEA77A6A4B9B6BC3F399
:107B6000080307EE903AF8EE676A97ED036ADFEDD7
:107B7000675AC6EE257A76EEA77AF7EE006A77EEB8
:107B8000A67A67EE277AC7ED077A65E07B6907EE8C
:107B9000903AF8EE677ADFED5F6A86EEA77A594B86
:107BA0009B6BC3F3080307EE903AF8EE676A97ED14
:107BB000036ADFED565AC6EE257A76EEA77AF7EE1F
:107BC000006A77EEA67A67EE277AC7ED077A43E078
:107BD0007B6907EE903AF8EE677ADFED4F6A86EE42
:107BE000A77A484B9B6BC3F3080307EE903AF8EE75
:107BF000676A97ED036ADFED455AC6EE257A76EEA1
:107C0000A77AF7EE006A77EEA67A67EE277AC7EDD5
:107C1000077A21E07B6907EE903AF8EE677ADFEDAC
:107C20003D6A86EEA77A374B9B6BC3F3080307EEDA
:107C3000903AF8EE676A97ED036ADFED345AC6EEC4
:107C4000257A76EEA77AF7EE006A77EEA67A67EEE7
:107C5000277AC7ED077A00BF2A4B9B6B5B0A03F0BC
:107C60007F0307EE903AF8EE677AB7EE007A37EEC8
:107C7000877AD7ED076AC6EE877AFCEEE77A17EEC9
:107C8000902A7B681A601F4B9B6B1B0C03F07F03D1
:107C900007EE903AF8EE677AB7EE007A37EE877A19
:107CA000D7ED076AC6EE877AFCEEE77A17EE902AE0
:107CB0007B685A60134B9B6B1B0E03F07F0307EE30
:107CC000903AF8EE677AB7EE007A37EE877AD7ED1A
:107CD000076AC6EE877AFCEEE77A17EE902A7B6891
:107CE0009A6008E07B6800221A607B6800225A6074
:107CF0007B6800229A6000BF2437BD465DF8047B94
:107D0000704700BF004402580090D00300000046B6
:107D10000024744C0024744A20BCBE4B80B489B04B
:107D200000AF7860A14B9B6A03F00303BB619F4BDC
:107D30009B6A1B0D03F03F037B619C4BDB6A1B0AB4
:107D400003F001033B61994B5B6CDB08C3F30C034D
:107D50003A6902FB03F307EE903AF8EE677AC7ED53
:107D6000037A7B69002B00F01181BB69022B00F0C4
:107D70008380BB69022B00F2A180BB69002B03D07A
:107D8000BB69012B56D099E0884B1B6803F0200398
:107D9000002B2DD0854B1B68DB0803F00303844ABE
:107DA00022FA03F3BB60BB6807EE903AF8EE676A0D
:107DB0007B6907EE903AF8EE677A86EEA77A7B4BFE
:107DC0001B6CC3F3080307EE903AF8EE676A97ED71
:107DD000036ADFED785AC6EE257A76EEA77AF7EEDB
:107DE000006A77EEA67A67EE277AC7ED077A87E012
:107DF0007B6907EE903AF8EE677ADFED6F6A86EE00
:107E0000A77A6A4B1B6CC3F3080307EE903AF8EEAF
:107E1000676A97ED036ADFED675AC6EE257A76EE5C
:107E2000A77AF7EE006A77EEA67A67EE277AC7EDB3
:107E3000077A65E07B6907EE903AF8EE677ADFED46
:107E40005F6A86EEA77A594B1B6CC3F3080307EEF3
:107E5000903AF8EE676A97ED036ADFED565AC6EE80
:107E6000257A76EEA77AF7EE006A77EEA67A67EEC5
:107E7000277AC7ED077A43E07B6907EE903AF8EE80
:107E8000677ADFED4F6A86EEA77A484B1B6CC3F327
:107E9000080307EE903AF8EE676A97ED036ADFEDA4
:107EA000455AC6EE257A76EEA77AF7EE006A77EEA7
:107EB000A67A67EE277AC7ED077A21E07B6907EE9D
:107EC000903AF8EE677ADFED3D6A86EEA77A374B97
:107ED0001B6CC3F3080307EE903AF8EE676A97ED60
:107EE000036ADFED345AC6EE257A76EEA77AF7EE0E
:107EF000006A77EEA67A67EE277AC7ED077A00BFA9
:107F00002A4B1B6C5B0A03F07F0307EE903AF8EEF6
:107F1000677AB7EE007A37EE877AD7ED076AC6EE52
:107F2000877AFCEEE77A17EE902A7B681A601F4B7F
:107F30001B6C1B0C03F07F0307EE903AF8EE677A98
:107F4000B7EE007A37EE877AD7ED076AC6EE877A02
:107F5000FCEEE77A17EE902A7B685A60134B1B6C95
:107F60001B0E03F07F0307EE903AF8EE677AB7EE48
:107F7000007A37EE877AD7ED076AC6EE877AFCEE8D
:107F8000E77A17EE902A7B689A6008E07B68002207
:107F90001A607B6800225A607B6800229A6000BFEA
:107FA0002437BD465DF8047B704700BF004402588B
:107FB0000090D003000000460024744C0024744A52
:107FC00020BCBE4B80B584B000AF78603960002320
:107FD000FB73534B9B6A03F00303032B01D1012373
:107FE00099E04F4B1B684E4A23F080631360FAF709
:107FF00007F9B86008E0FAF703F90246BB68D31A3C
:10800000022B01D9032386E0454B1B6803F0006374
:10801000002BF0D1424B9B6A23F47C327B681B68B7
:108020001B033F4913438B627B685B68013BC3F3CF
:1080300008027B689B68013B5B029BB21A437B682A
:10804000DB68013B1B0403F4FE031A437B681B69D6
:10805000013B1B0603F0FE43314913438B63304B56
:10806000DB6A23F0C0027B685B692D491343CB6256
:108070002B4BDB6A23F020027B689B692849134362
:10808000CB62274BDB6A264A23F01003D362244BD2
:10809000DA6B244B13407A68D269D200204913432B
:1080A000CB631F4BDB6A1E4A43F01003D3623B686D
:1080B000002B06D11A4BDB6A194A43F40023D36222
:1080C0000FE03B68012B06D1154BDB6A144A43F4E1
:1080D0008013D36205E0124BDB6A114A43F40013AC
:1080E000D3620F4B1B680E4A43F080631360FAF7AC
:1080F00087F8B86008E0FAF783F80246BB68D31A3D
:10810000022B01D9032306E0054B1B6803F0006333
:10811000002BF0D0FB7B18461037BD4680BD00BF5A
:10812000004402580700FFFF80B584B000AF7860BC
:1081300039600023FB73534B9B6A03F00303032B4B
:1081400001D1012399E04F4B1B684E4A23F0805325
:108150001360FAF755F8B86008E0FAF751F80246EC
:10816000BB68D31A022B01D9032386E0454B1B6859
:1081700003F00053002BF0D1424B9B6A23F07C723A
:108180007B681B681B053F4913438B627B685B68F8
:10819000013BC3F308027B689B68013B5B029BB217
:1081A0001A437B68DB68013B1B0403F4FE031A439C
:1081B0007B681B69013B1B0603F0FE4331491343F7
:1081C0000B64304BDB6A23F440627B685B692D49AA
:1081D0001343CB622B4BDB6A23F400727B689B69F1
:1081E00028491343CB62274BDB6A264A23F480736A
:1081F000D362244B5A6C244B13407A68D269D20064
:10820000204913434B641F4BDB6A1E4A43F48073BF
:10821000D3623B68002B06D11A4BDB6A194A43F440
:108220008003D3620FE03B68012B06D1154BDB6A5C
:10823000144A43F40003D36205E0124BDB6A114A8F
:1082400043F08073D3620F4B1B680E4A43F0805398
:108250001360F9F7D5FFB86008E0F9F7D1FF0246DF
:10826000BB68D31A022B01D9032306E0054B1B6818
:1082700003F00053002BF0D0FB7B18461037BD46AF
:1082800080BD00BF004402580700FFFF80B582B0E8
:1082900000AF78607B68002B01D1012349E07B6847
:1082A00093F83D30DBB2002B06D17B68002283F8C7
:1082B0003C20786800F041F87B68022283F83D207A
:1082C0007B681A687B6804331946104600F0E8F9A9
:1082D0007B68012283F848207B68012283F83E20D6
:1082E0007B68012283F83F207B68012283F84020CD
:1082F0007B68012283F841207B68012283F84220B9
:108300007B68012283F843207B68012283F84420A4
:108310007B68012283F845207B68012283F8462090
:108320007B68012283F847207B68012283F83D2087
:10833000002318460837BD4680BD80B483B000AF27
:10834000786000BF0C37BD465DF8047B70470000C5
:1083500080B485B000AF78607B6893F83D30DBB2C5
:10836000012B01D0012354E07B68022283F83D20D9
:108370007B681B68DA687B681B6842F00102DA6080
:108380007B681B68264A934222D07B681B68B3F146
:10839000804F1DD07B681B68224A934218D07B68AF
:1083A0001B68214A934213D07B681B681F4A934283
:1083B0000ED07B681B681E4A934209D07B681B68FD
:1083C0001C4A934204D07B681B681B4A934215D118
:1083D0007B681B689A68194B1340FB60FB68062B8F
:1083E00015D0FB68B3F5803F11D07B681B681A6815
:1083F0007B681B6842F001021A6008E07B681B681A
:108400001A687B681B6842F001021A6000E000BF36
:10841000002318461437BD465DF8047B704700BF43
:10842000000001400004004000080040000C004033
:108430000004014000180040004001400700010016
:1084400080B584B000AF78607B681B68DB68FB6038
:108450007B681B681B69BB60BB6803F00203002BD1
:1084600020D0FB6803F00203002B1BD07B681B6845
:108470006FF002021A617B6801221A777B681B6821
:108480009B6903F00303002B03D0786800F0E9F840
:1084900005E0786800F0DBF8786800F0ECF87B68BD
:1084A00000221A77BB6803F00403002B20D0FB687E
:1084B00003F00403002B1BD07B681B686FF00402E1
:1084C0001A617B6802221A777B681B689B6903F438
:1084D0004073002B03D0786800F0C3F805E078689B
:1084E00000F0B5F8786800F0C6F87B6800221A77CB
:1084F000BB6803F00803002B20D0FB6803F00803DF
:10850000002B1BD07B681B686FF008021A617B6828
:1085100004221A777B681B68DB6903F00303002BD6
:1085200003D0786800F09DF805E0786800F08FF8D7
:10853000786800F0A0F87B6800221A77BB6803F027
:108540001003002B20D0FB6803F01003002B1BD07E
:108550007B681B686FF010021A617B6808221A772B
:108560007B681B68DB6903F44073002B03D07868D9
:1085700000F077F805E0786800F069F8786800F0B6
:108580007AF87B6800221A77BB6803F00103002B9E
:108590000CD0FB6803F00103002B07D07B681B683D
:1085A0006FF001021A617868F9F728F9BB6803F0E7
:1085B0008003002B04D1BB6803F40053002B0CD0C4
:1085C000FB6803F08003002B07D07B681B686FF407
:1085D00002521A61786800F013F9BB6803F48073E3
:1085E000002B0CD0FB6803F08003002B07D07B68C6
:1085F0001B686FF480721A61786800F00BF9BB6831
:1086000003F04003002B0CD0FB6803F04003002B69
:1086100007D07B681B686FF040021A61786800F031
:1086200034F8BB6803F02003002B0CD0FB6803F088
:108630002003002B07D07B681B686FF020021A61B3
:10864000786800F0D3F800BF1037BD4680BD80B415
:1086500083B000AF786000BF0C37BD465DF8047B87
:10866000704780B483B000AF786000BF0C37BD4660
:108670005DF8047B704780B483B000AF786000BFC2
:108680000C37BD465DF8047B704780B483B000AF03
:10869000786000BF0C37BD465DF8047B7047000072
:1086A00080B485B000AF786039607B681B68FB6080
:1086B0007B68464A934213D07B68B3F1804F0FD05A
:1086C0007B68434A93420BD07B68424A934207D06F
:1086D0007B68414A934203D07B68404A934208D169
:1086E000FB6823F07003FB603B685B68FA68134328
:1086F000FB607B68354A93421FD07B68B3F1804FA3
:108700001BD07B68324A934217D07B68314A934230
:1087100013D07B68304A93420FD07B682F4A934234
:108720000BD07B682E4A934207D07B682D4A934238
:1087300003D07B682C4A934208D1FB6823F4407332
:10874000FB603B68DB68FA681343FB60FB6823F05F
:1087500080023B685B691343FB607B68FA681A60C0
:108760003B689A687B68DA623B681A687B689A6241
:108770007B68164A93420FD07B68184A93420BD00D
:108780007B68174A934207D07B68164A934203D00E
:108790007B68154A934203D13B681A697B681A6368
:1087A0007B6801225A617B681B6903F00103012B7E
:1087B00005D17B681B6923F001027B681A6100BF49
:1087C0001437BD465DF8047B704700BF00000140D0
:1087D0000004004000080040000C0040000401407C
:1087E00000400140004401400048014080B483B093
:1087F00000AF786000BF0C37BD465DF8047B704762
:1088000080B483B000AF786000BF0C37BD465DF820
:10881000047B704780B483B000AF786000BF0C3732
:10882000BD465DF8047B704780B582B000AF7860CC
:108830007B68002B01D1012342E07B68D3F88830AC
:10884000002B06D17B68002283F884207868F9F732
:10885000DDFA7B682422C3F888207B681B681A68CD
:108860007B681B6822F001021A607B689B6A002B00
:1088700002D0786801F040FC786800F0D5FE03462D
:10888000012B01D101231BE07B681B685A687B68C0
:108890001B6822F490425A607B681B689A687B6868
:1088A0001B6822F02A029A607B681B681A687B6842
:1088B0001B6842F001021A60786801F0BFFC0346B1
:1088C00018460837BD4680BD80B58AB002AFF86053
:1088D000B9603B601346FB80FB68D3F88830202BDF
:1088E0007BD1BB68002B02D0FB88002B01D1012378
:1088F00074E0FB680022C3F89020FB682122C3F8D3
:108900008820F9F77DFC7861FB68FA88A3F8542089
:10891000FB68FA88A3F85620FB689B68B3F5805F74
:1089200008D1FB681B69002B04D10023FB61BB68E5
:10893000BB6103E0BB68FB610023BB6130E03B68C7
:1089400000937B6900228021F86801F021FD034635
:10895000002B05D0FB682022C3F8882003233DE0CC
:10896000FB69002B0BD1BB691B881A46FB681B688F
:10897000C2F308029A62BB690233BB6107E0FB697C
:108980001A78FB681B689A62FB690133FB61FB681C
:10899000B3F856309BB2013B9AB2FB68A3F856205D
:1089A000FB68B3F856309BB2002BC8D13B680093EC
:1089B0007B6900224021F86801F0EAFC0346002BA5
:1089C00005D0FB682022C3F88820032306E0FB685B
:1089D0002022C3F88820002300E002231846203715
:1089E000BD4680BD80B58AB002AFF860B9603B601B
:1089F0001346FB80FB68D3F88C30202B40F0B58009
:108A0000BB68002B02D0FB88002B01D10123ADE015
:108A1000FB680022C3F89020FB682222C3F88C2058
:108A2000FB680022DA66F9F7EBFB7861FB68FA88ED
:108A3000A3F85C20FB68FA88A3F85E20FB689B68BB
:108A4000B3F5805F0ED1FB681B69002B05D1FB6875
:108A500040F2FF12A3F860202DE0FB68FF22A3F88C
:108A6000602028E0FB689B68002B0DD1FB681B6928
:108A7000002B04D1FB68FF22A3F860201BE0FB68F9
:108A80007F22A3F8602016E0FB689B68B3F1805F4B
:108A90000DD1FB681B69002B04D1FB687F22A3F872
:108AA000602008E0FB683F22A3F8602003E0FB6839
:108AB0000022A3F86020FB68B3F860307B82FB687B
:108AC0009B68B3F5805F08D1FB681B69002B04D15C
:108AD0000023FB61BB68BB6103E0BB68FB61002353
:108AE000BB6136E03B6800937B6900222021F86877
:108AF00001F04EFC0346002B05D0FB682022C3F892
:108B00008C20032332E0FB69002B0CD1FB681B682F
:108B10005B6A9AB27B8A13409AB2BB691A80BB69BE
:108B20000233BB610CE0FB681B685B6ADAB27B8ACC
:108B3000DBB21340DAB2FB691A70FB690133FB61E7
:108B4000FB68B3F85E309BB2013B9AB2FB68A3F8B6
:108B50005E20FB68B3F85E309BB2002BC2D1FB688D
:108B60002022C3F88C20002300E00223184620377F
:108B7000BD4680BD80B58AB000AFF860B9601346CD
:108B8000FB80FB68D3F88830202B67D1BB68002BB3
:108B900002D0FB88002B01D1012360E0FB68BA689A
:108BA0001A65FB68FA88A3F85420FB68FA88A3F8D2
:108BB0005620FB680022C3F89020FB682122C3F8EE
:108BC0008820FB68DB6F002B28D0FB68DB6F264A10
:108BD000DA63FB68DB6F254A1A64FB68DB6F244AA3
:108BE000DA64FB68DB6F00221A65FB68D86FFB68EC
:108BF0001B6D1946FB681B6828331A46FB88F9F77A
:108C0000E7FF0346002B09D0FB681022C3F8902031
:108C1000FB682022C3F88820012320E0FB681B6842
:108C200040221A62FB681B6808337B617B6953E84A
:108C3000003F3B613B6943F080037B62FB681B683C
:108C400008337A6A3A62FB61F9693A6A41E80023BB
:108C5000BB61BB69002BE5D1002300E0022318466D
:108C60002837BD4680BD00BF09A700089FA70008A0
:108C700021A9000880B58AB000AFF860B96013463A
:108C8000FB80FB68D3F88C30202B37D1BB68002BDE
:108C900002D0FB88002B01D1012330E0FB680022C9
:108CA000DA66FB681B68184A93421FD0FB681B6892
:108CB0005B6803F40003002B18D0FB681B687B6122
:108CC0007B6953E8003F3B613B6943F080637B6213
:108CD000FB681B681A467B6A3B62FA61F9693A6A6B
:108CE00041E80023BB61BB69002BE6D1FB881A4633
:108CF000B968F86801F0BAFB034600E002231846A1
:108D00002837BD4680BD00BF000C005880B590B02C
:108D100000AF78607B68D3F88830FB637B68D3F85A
:108D20008C30BB637B681B689B6803F08003802BDF
:108D300039D1FB6B212B36D17B681B6808333B6232
:108D40003B6A53E8003FFB61FB6923F080037B63D0
:108D50007B681B6808337A6BFA62BB62B96AFA6A8D
:108D600041E800237B627B6A002BE5D17B68DB6FE7
:108D7000002B15D07B68DB6F1846FAF793F9034692
:108D8000002B0DD07B68DB6F1846FBF719FE0346FE
:108D9000202B05D17B681022C3F89020032347E0E5
:108DA000786801F009FC7B681B689B6803F040034E
:108DB000402B3CD1BB6B222B39D17B681B6808331D
:108DC000FB60FB6853E8003FBB60BB6823F04003D7
:108DD0003B637B681B6808333A6BBA617B617969D6
:108DE000BA6941E800233B613B69002BE5D17B6810
:108DF000D3F88030002B17D07B68D3F8803018462A
:108E0000FAF750F90346002B0ED07B68D3F8803078
:108E10001846FBF7D5FD0346202B05D17B681022B1
:108E2000C3F89020032303E0786801F007FC0023D7
:108E300018464037BD4680BD80B5BAB000AF7860F7
:108E40007B681B68DB69C7F8E4307B681B681B68BC
:108E5000C7F8E0307B681B689B68C7F8DC30D7F840
:108E6000E42040F60F031340C7F8D830D7F8D830C5
:108E7000002B1BD1D7F8E43003F02003002B15D0D2
:108E8000D7F8E03003F02003002B05D1D7F8DC3011
:108E900003F08053002B09D07B685B6F002B00F040
:108EA00077837B685B6F7868984771E3D7F8D83031
:108EB000002B00F02381D7F8DC208D4B1340002BD2
:108EC00006D1D7F8E0208B4B1340002B00F0168121
:108ED000D7F8E43003F00103002B11D0D7F8E030CD
:108EE00003F48073002B0BD07B681B6801221A628D
:108EF0007B68D3F8903043F001027B68C3F8902080
:108F0000D7F8E43003F00203002B11D0D7F8DC309F
:108F100003F00103002B0BD07B681B6802221A624E
:108F20007B68D3F8903043F004027B68C3F890204C
:108F3000D7F8E43003F00403002B11D0D7F8DC306D
:108F400003F00103002B0BD07B681B6804221A621C
:108F50007B68D3F8903043F002027B68C3F890201E
:108F6000D7F8E43003F00803002B17D0D7F8E0302F
:108F700003F02003002B05D1D7F8DC205C4B134015
:108F8000002B0BD07B681B6808221A627B68D3F821
:108F9000903043F008027B68C3F89020D7F8E430A3
:108FA00003F40063002B12D0D7F8E03003F08063A5
:108FB000002B0CD07B681B684FF400621A627B6840
:108FC000D3F8903043F020027B68C3F890207B6890
:108FD000D3F89030002B00F0DD82D7F8E43003F0B6
:108FE0002003002B13D0D7F8E03003F02003002B30
:108FF00005D1D7F8DC3003F08053002B07D07B6815
:109000005B6F002B03D07B685B6F786898477B6849
:10901000D3F89030C7F8D4307B681B689B6803F0A6
:109020004003402B05D0D7F8D43003F02803002BA1
:1090300054D0786801F002FB7B681B689B6803F0E2
:109040004003402B46D17B681B680833C7F89C302F
:10905000D7F89C3053E8003FC7F89830D7F89830DD
:1090600023F04003C7F8D0307B681B680833D7F87B
:10907000D020C7F8A820C7F8A430D7F8A410D7F894
:10908000A82041E80023C7F8A030D7F8A030002B73
:10909000D9D17B68D3F88030002B17D07B68D3F808
:1090A0008030154A1A657B68D3F880301846FAF785
:1090B00017FB0346002B19D07B68D3F880301B6D5B
:1090C0007A68D2F88020104698470FE0786800F060
:1090D00095FA0BE0786800F091FA07E0786800F004
:1090E0008DFA7B680022C3F8902053E200BF51E262
:1090F0000100001020010004A1A900087B68DB6EBC
:10910000012B40F0E781D7F8E43003F01003002B87
:1091100000F0E081D7F8E03003F01003002B00F0FE
:10912000D9817B681B6810221A627B681B689B6868
:1091300003F04003402B40F051817B68D3F880302E
:109140001B68964A934268D07B68D3F880301B68CE
:10915000934A934261D07B68D3F880301B68914A70
:1091600093425AD07B68D3F880301B688E4A934272
:1091700053D07B68D3F880301B688C4A93424CD024
:109180007B68D3F880301B68894A934245D07B685E
:10919000D3F880301B68874A93423ED07B68D3F86F
:1091A00080301B68844A934237D07B68D3F8803084
:1091B0001B68824A934230D07B68D3F880301B68AA
:1091C0007F4A934229D07B68D3F880301B687D4A60
:1091D000934222D07B68D3F880301B687A4A93424E
:1091E0001BD07B68D3F880301B68784A934214D038
:1091F0007B68D3F880301B68754A93420DD07B683A
:10920000D3F880301B68734A934206D07B68D3F84A
:1092100080301B68704A934206D17B68D3F8803057
:109220001B685B689BB205E07B68D3F880301B68E5
:109230005B689BB2A7F8BE30B7F8BE30002B00F0D9
:10924000AB817B68B3F85C30B7F8BE209A4280F0FF
:10925000A3817B68B7F8BE20A3F85E207B68D3F8B3
:109260008030DB69B3F5807F00F087807B681B6806
:10927000C7F88830D7F8883053E8003FC7F8843003
:10928000D7F8843023F48073C7F8B8307B681B6844
:109290001A46D7F8B830C7F89430C7F89020D7F8F6
:1092A0009010D7F8942041E80023C7F88C30D7F805
:1092B0008C30002BDAD17B681B6808337B677B6FAF
:1092C00053E8003F3B673B6F23F00103C7F8B4301E
:1092D0007B681B680833D7F8B420C7F88020FB6789
:1092E000F96FD7F8802041E80023BB67BB6F002BE4
:1092F000E1D17B681B6808333B663B6E53E8003F57
:10930000FB65FB6D23F04003C7F8B0307B681B683A
:109310000833D7F8B020FA66BB66B96EFA6E41E83A
:1093200000237B667B6E002BE3D17B682022C3F891
:109330008C207B680022DA667B681B68FB64FB6C10
:1093400053E8003FBB64BB6C23F01003C7F8AC309C
:109350007B681B681A46D7F8AC30BB657A65796DB7
:10936000BA6D41E800233B653B6D002BE4D17B687F
:10937000D3F880301846F9F795FE7B6802221A6709
:109380007B68B3F85C207B68B3F85E309BB2D31A7D
:109390009BB21946786800F03BF9FDE010000240EE
:1093A0002800024040000240580002407000024085
:1093B00088000240A0000240B800024010040240B1
:1093C0002804024040040240580402407004024055
:1093D00088040240A0040240B80402407B68B3F84D
:1093E0005C207B68B3F85E309BB2D31AA7F8CE300E
:1093F0007B68B3F85E309BB2002B00F0CF80B7F8EB
:10940000CE30002B00F0CA807B681B68BB63BB6B4F
:1094100053E8003F7B637B6B23F49073C7F8C8303D
:109420007B681B681A46D7F8C8307B643A64396C8D
:109430007A6C41E80023FB63FB6B002BE4D17B6873
:109440001B6808337B627B6A53E8003F3B623A6AE1
:10945000554B1340C7F8C4307B681B680833D7F8F6
:10946000C4203A63FB62F96A3A6B41E80023BB62AD
:10947000BB6A002BE3D17B682022C3F88C207B6879
:109480000022DA667B6800225A677B681B683B61B2
:109490003B6953E8003FFB60FB6823F01003C7F80B
:1094A000C0307B681B681A46D7F8C030FB61BA61D0
:1094B000B969FA6941E800237B617B69002BE4D13B
:1094C0007B6802221A67B7F8CE301946786800F038
:1094D0009FF863E0D7F8E43003F48013002B0ED03C
:1094E000D7F8DC3003F48003002B08D07B681B68BE
:1094F0004FF480121A62786801F093FA51E0D7F8BD
:10950000E43003F08003002B14D0D7F8E03003F0F0
:109510008003002B05D1D7F8DC3003F40003002BC7
:1095200008D07B689B6F002B3AD07B689B6F786874
:10953000984735E0D7F8E43003F04003002B09D01A
:10954000D7F8E03003F04003002B03D0786801F037
:109550003DFA26E0D7F8E43003F40003002B09D0ED
:10956000D7F8E03003F08043002B03D0786801F097
:109570006CFA16E0D7F8E43003F08073002B10D0BB
:10958000D7F8E030002B0CDA786801F054FA08E0E4
:1095900000BF06E000BF04E000BF02E000BF00E043
:1095A00000BFE837BD4680BDFEFFFFEF80B483B04B
:1095B00000AF786000BF0C37BD465DF8047B704794
:1095C00080B483B000AF786000BF0C37BD465DF853
:1095D000047B704780B483B000AF786000BF0C3765
:1095E000BD465DF8047B704780B483B000AF7860FF
:1095F00000BF0C37BD465DF8047B704780B483B074
:1096000000AF786000BF0C37BD465DF8047B704743
:1096100080B483B000AF78600B467B8000BF0C370E
:10962000BD465DF8047B70472DE9B04F92B000AFA6
:109630007861002387F842307B699A687B691B69EF
:109640001A437B695B691A437B69DB6913437B645B
:109650007B691B681A68BE4B13407A691268796C83
:109660000B4313607B691B685B6823F440517B6983
:10967000DA687B691B680A435A607B699B697B6473
:109680007B691B68B34A934204D07B691B6A7A6C7E
:1096900013437B647B691B689A68AF4B13407A69FC
:1096A0001268796C0B4393607B691B68DB6A23F05B
:1096B0000F017B695A6A7B691B680A43DA627B691E
:1096C0001B68A64A934277D1A54B5B6D03F0380324
:1096D000282B6DD801A252F823F000BF8197000813
:1096E000B1970008B1970008B1970008B19700083A
:1096F000B1970008B1970008B19700088997000852
:10970000B1970008B1970008B1970008B197000819
:10971000B1970008B1970008B19700089197000829
:10972000B1970008B1970008B1970008B1970008F9
:10973000B1970008B1970008B19700089997000801
:10974000B1970008B1970008B1970008B1970008D9
:10975000B1970008B1970008B1970008A1970008D9
:10976000B1970008B1970008B1970008B1970008B9
:10977000B1970008B1970008B1970008A9970008B1
:10978000012387F8433022E2042387F843301EE2A6
:10979000082387F843301AE2102387F8433016E293
:1097A000202387F8433012E2402387F843300EE24B
:1097B000802387F843300AE27B691B68694A934239
:1097C00030D1674B5B6D03F00703052B26D801A250
:1097D00052F823F0ED970008F5970008FD97000870
:1097E000059800080D98000815980008002387F8D0
:1097F0004330ECE1042387F84330E8E1082387F89D
:109800004330E4E1102387F84330E0E1202387F878
:109810004330DCE1402387F84330D8E1802387F8E8
:109820004330D4E17B691B684F4A934230D14C4BA3
:109830005B6D03F00703052B26D801A252F823F035
:109840005998000861980008699800087198000804
:109850007998000881980008002387F84330B6E122
:10986000042387F84330B2E1082387F84330AEE1A0
:10987000102387F84330AAE1202387F84330A6E17C
:10988000402387F84330A2E1802387F843309EE1EC
:109890007B691B68354A934230D1314B5B6D03F0D5
:1098A0000703052B26D801A252F823F0C59800081B
:1098B000CD980008D5980008DD980008E5980008C4
:1098C000ED980008002387F8433080E1042387F8EF
:1098D00043307CE1082387F8433078E1102387F890
:1098E000433074E1202387F8433070E1402387F848
:1098F00043306CE1802387F8433068E17B691B6863
:109900001B4A934242D1164B5B6D03F00703052BB4
:1099100038D801A252F823F031990008399900088B
:109920004199000849990008759900087D99000837
:10993000002387F843304AE1042387F8433046E1A7
:10994000082387F8433042E1102387F843303EE193
:10995000F369FFCF000C0058FFF4FF110010014025
:10996000004402580044004000480040004C0040C1
:1099700000500040202387F8433028E1402387F837
:10998000433024E1802387F8433020E17B691B6862
:10999000CB4A934276D1CB4B5B6D03F03803282B37
:1099A0006CD801A252F823F04D9A00087D9A000865
:1099B0007D9A00087D9A00087D9A00087D9A00082B
:1099C0007D9A00087D9A0008559A00087D9A000843
:1099D0007D9A00087D9A00087D9A00087D9A00080B
:1099E0007D9A00087D9A00085D9A00087D9A00081B
:1099F0007D9A00087D9A00087D9A00087D9A0008EB
:109A00007D9A00087D9A0008659A00087D9A0008F2
:109A10007D9A00087D9A00087D9A00087D9A0008CA
:109A20007D9A00087D9A00086D9A00087D9A0008CA
:109A30007D9A00087D9A00087D9A00087D9A0008AA
:109A40007D9A00087D9A0008759A0008012387F81E
:109A50004330BCE0042387F84330B8E0082387F89C
:109A60004330B4E0102387F84330B0E0202387F878
:109A70004330ACE0402387F84330A8E0802387F8E8
:109A80004330A4E07B691B688F4A934230D18D4BF1
:109A90005B6D03F00703052B26D801A252F823F0D3
:109AA000B99A0008C19A0008C99A0008D19A00081A
:109AB000D99A0008E19A0008002387F8433086E02D
:109AC000042387F8433082E0082387F843307EE0A0
:109AD000102387F843307AE0202387F8433076E07C
:109AE000402387F8433072E0802387F843306EE0EC
:109AF0007B691B68754A934230D1724B5B6D03F0F2
:109B00000703052B26D801A252F823F0259B000855
:109B10002D9B0008359B00083D9B0008459B0008D5
:109B20004D9B0008002387F8433050E0042387F85A
:109B300043304CE0082387F8433048E0102387F88F
:109B4000433044E0202387F8433040E0402387F847
:109B500043303CE0802387F8433038E07B691B6862
:109B60005B4A934230D1574B9B6D03F00703052BA3
:109B700026D801A252F823F0919B0008999B000877
:109B8000A19B0008A99B0008B19B0008B99B000895
:109B9000022387F843301AE0042387F8433016E0A5
:109BA000082387F8433012E0102387F843300EE093
:109BB000202387F843300AE0402387F8433006E04B
:109BC000802387F8433002E0802387F843307B69A5
:109BD0001B683F4A934240F0F88097F84330202BAF
:109BE00046DC022BC0F28280023B1E2B7ED801A2F3
:109BF00052F823F0779C0008ED9C00087F9C000839
:109C0000ED9C0008ED9C0008ED9C00088F9C00086E
:109C1000ED9C0008ED9C0008ED9C0008ED9C000800
:109C2000ED9C0008ED9C0008ED9C00089F9C00083E
:109C3000ED9C0008ED9C0008ED9C0008ED9C0008E0
:109C4000ED9C0008ED9C0008ED9C0008ED9C0008D0
:109C5000ED9C0008ED9C0008ED9C0008ED9C0008C0
:109C6000ED9C0008ED9C0008ED9C0008DF9C0008BE
:109C7000402B37D03AE0FDF7E7FEF8633CE007F110
:109C800024031846FDF7F6FEBB6AFB6334E007F1D8
:109C900018031846FEF742F8FB69FB632CE0094BFA
:109CA0001B6803F02003002B16D0064B1B68DB0853
:109CB00003F00303074A22FA03F3FB631CE000BF2F
:109CC000001401400044025800780040007C00402D
:109CD000000C00580090D0039D4BFB630CE09D4BA3
:109CE000FB6309E04FF40043FB6305E00023FB63E3
:109CF000012387F8423000BFFB6B002B00F0DE81B0
:109D00007B695B6A944A32F813301A46FB6BB3FBEB
:109D1000F2F33B637B695A6813465B0013443A6B6A
:109D20009A4205D37B695B681B033A6B9A4203D95D
:109D3000012387F84230C1E1FB6B0022BB60FA606F
:109D40007B695B6A844A32F813309BB200223B6025
:109D50007A60D7E90023D7E90201F6F759FB0246FA
:109D60000B46104619464FF000024FF000030B025D
:109D700043EA1063020279694968490800200C46E9
:109D8000054612EB040843EB05097B695B6800227A
:109D90009A46934652465B4640464946F6F738FB9C
:109DA00002460B461346BB63BB6BB3F5407F08D33B
:109DB000BB6BB3F5801F04D27B691B68BA6BDA609A
:109DC0007CE1012387F8423078E17B69DB69B3F5F8
:109DD000004F40F0C58097F84330202B48DC002B23
:109DE0007BDB202B79D801A252F823F0779E000864
:109DF0007F9E0008DB9E0008DB9E0008879E00080F
:109E0000DB9E0008DB9E0008DB9E0008979E000892
:109E1000DB9E0008DB9E0008DB9E0008DB9E00083E
:109E2000DB9E0008DB9E0008DB9E0008A79E000862
:109E3000DB9E0008DB9E0008DB9E0008DB9E00081E
:109E4000DB9E0008DB9E0008DB9E0008DB9E00080E
:109E5000DB9E0008DB9E0008DB9E0008DB9E0008FE
:109E6000DB9E0008DB9E0008DB9E0008CD9E0008FC
:109E7000402B2ED031E0FCF76FFBF86333E0FCF7AA
:109E800081FBF8632FE007F124031846FDF7F2FD8C
:109E9000BB6AFB6327E007F118031846FDF73EFF96
:109EA000FB69FB631FE02D4B1B6803F02003002BB5
:109EB00009D02A4B1B68DB0803F00303244A22FA6B
:109EC00003F3FB630FE0224BFB630CE0214BFB63CE
:109ED00009E04FF40043FB6305E00023FB6301232B
:109EE00087F8423000BFFB6B002B00F0E7807B69F6
:109EF0005B6A194A32F813301A46FB6BB3FBF2F374
:109F00005A007B695B685B081A447B695B68B2FB3B
:109F1000F3F3BB63BB6B0F2B16D9BB6BB3F5803F61
:109F200012D2BB6B9BB223F00F03FB86BB6B5B08AB
:109F30009BB203F007039AB2FB8E1343FB867B6947
:109F40001B68FA8EDA60B9E0012387F84230B5E089
:109F50000090D00300093D00A8EB0108004402581E
:109F600097F84330202B49DC002B7CDB202B7AD860
:109F700001A252F823F000BF03A000080BA00008C4
:109F800067A0000867A0000813A0000867A00008E9
:109F900067A0000867A0000823A0000867A00008C9
:109FA00067A0000867A0000867A0000867A0000875
:109FB00067A0000867A0000833A0000867A0000899
:109FC00067A0000867A0000867A0000867A0000855
:109FD00067A0000867A0000867A0000867A0000845
:109FE00067A0000867A0000867A0000867A0000835
:109FF00067A0000867A0000859A00008402B2ED0D9
:10A0000031E0FCF7A9FAF86333E0FCF7BBFAF86338
:10A010002FE007F124031846FDF72CFDBB6AFB6314
:10A0200027E007F118031846FDF778FEFB69FB638C
:10A030001FE02D4B1B6803F02003002B09D02A4B97
:10A040001B68DB0803F00303284A22FA03F3FB63CF
:10A050000FE0264BFB630CE0254BFB6309E04FF45C
:10A060000043FB6305E00023FB63012387F84230D4
:10A0700000BFFB6B002B21D07B695B6A1D4A32F865
:10A0800013301A46FB6BB3FBF2F27B695B685B082B
:10A090001A447B695B68B2FBF3F3BB63BB6B0F2BAA
:10A0A00009D9BB6BB3F5803F05D2BB6B9AB27B6914
:10A0B0001B68DA6002E0012387F842307B690122E5
:10A0C000A3F86A207B690122A3F868207B6900223B
:10A0D0005A677B6900229A6797F8423018464837DA
:10A0E000BD46BDE8B08F00BF004402580090D003C9
:10A0F00000093D00A8EB010880B483B000AF786090
:10A100007B689B6A03F00803002B0AD07B681B68FE
:10A110005B6823F400417B689A6B7B681B680A4389
:10A120005A607B689B6A03F00103002B0AD07B68AE
:10A130001B685B6823F400317B68DA6A7B681B6804
:10A140000A435A607B689B6A03F00203002B0AD023
:10A150007B681B685B6823F480317B681A6B7B68C3
:10A160001B680A435A607B689B6A03F00403002B58
:10A170000AD07B681B685B6823F480217B685A6B7C
:10A180007B681B680A435A607B689B6A03F0100374
:10A19000002B0AD07B681B689B6823F480517B6886
:10A1A000DA6B7B681B680A439A607B689B6A03F0E2
:10A1B0002003002B0AD07B681B689B6823F40051A6
:10A1C0007B681A6C7B681B680A439A607B689B6A91
:10A1D00003F04003002B1AD07B681B685B6823F4F4
:10A1E00080117B685A6C7B681B680A435A607B68E5
:10A1F0005B6CB3F5801F0AD17B681B685B6823F436
:10A20000C0017B689A6C7B681B680A435A607B6854
:10A210009B6A03F08003002B0AD07B681B685B6895
:10A2200023F400217B68DA6C7B681B680A435A6060
:10A2300000BF0C37BD465DF8047B704780B598B011
:10A2400002AF78607B680022C3F89020F7F7D8FF50
:10A2500078657B681B681B6803F00803082B2FD107
:10A260006FF07E4300937B6D00224FF400117868FD
:10A2700000F08EF80346002B22D07B681B68BB637E
:10A28000BB6B53E8003F7B637B6B23F080033B6534
:10A290007B681B681A463B6D7B643A64396C7A6C48
:10A2A00041E80023FB63FB6B002BE6D17B68202297
:10A2B000C3F888207B68002283F88420032363E0AE
:10A2C0007B681B681B6803F00403042B49D16FF003
:10A2D0007E4300937B6D00224FF48001786800F08C
:10A2E00057F80346002B3CD07B681B687B627B6A77
:10A2F00053E8003F3B623B6A23F49073FB647B6846
:10A300001B681A46FB6C3B63FA62F96A3A6B41E8D8
:10A310000023BB62BB6A002BE6D17B681B68083355
:10A320003B613B6953E8003FFB60FB6823F001039E
:10A33000BB647B681B680833BA6CFA61BB61B9699E
:10A34000FA6941E800237B617B69002BE5D17B68DA
:10A350002022C3F88C207B68002283F8842003230A
:10A3600012E07B682022C3F888207B682022C3F893
:10A370008C207B680022DA667B6800221A677B6883
:10A38000002283F88420002318465837BD4680BD3C
:10A3900080B584B000AFF860B9603B601346FB71D4
:10A3A0004FE0BB69B3F1FF3F4BD0F7F729FF0246FF
:10A3B0003B68D31ABA699A4202D3BB69002B01D118
:10A3C00003234EE0FB681B681B6803F00403002BAB
:10A3D00037D0BB68802B34D0BB68402B31D0FB68B2
:10A3E0001B68DB6903F00803082B10D1FB681B68AE
:10A3F00008221A62F86800F021F9FB680822C3F805
:10A400009020FB68002283F88420012329E0FB6868
:10A410001B68DB6903F40063B3F5006F11D1FB68BF
:10A420001B684FF400621A62F86800F007F9FB68D5
:10A430002022C3F89020FB68002283F884200323A5
:10A440000FE0FB681B68DA69BB681340BA689A4280
:10A450000CBF01230023DBB21A46FB799A42A0D03D
:10A46000002318461037BD4680BD000080B596B069
:10A4700000AFF860B9601346FB80FB68BA689A6564
:10A48000FB68FA88A3F85C20FB680022C3F89020E0
:10A49000FB682222C3F88C20FB68D3F88030002BA5
:10A4A0002DD0FB68D3F88030404ADA63FB68D3F8DC
:10A4B00080303F4A1A64FB68D3F880303D4ADA6442
:10A4C000FB68D3F8803000221A65FB68D3F880005F
:10A4D000FB681B6824331946FB689B6D1A46FB8892
:10A4E000F8F776FB0346002B09D0FB681022C3F86F
:10A4F0009020FB682022C3F88C20012351E0FB68E8
:10A500001B69002B18D0FB681B68FB63FB6B53E8CF
:10A51000003FBB63BB6B43F480737B65FB681B68C8
:10A520001A467B6DBB647A64796CBA6C41E800238F
:10A530003B643B6C002BE6D1FB681B680833BB62B5
:10A54000BB6A53E8003F7B627B6A43F001033B65D3
:10A55000FB681B6808333A6D7A633B63396B7A6B2F
:10A5600041E80023FB62FB6A002BE5D1FB681B6816
:10A5700008337B617B6953E8003F3B613B6943F0F3
:10A580004003FB64FB681B680833FA6C3A62FB61AA
:10A59000F9693A6A41E80023BB61BB69002BE5D148
:10A5A000002318465837BD4680BD00BFBBA7000832
:10A5B000E3A8000821A9000880B48FB000AF78603C
:10A5C0007B681B683B623B6A53E8003FFB61FB69A9
:10A5D00023F0C0037B637B681B681A467B6BFB62BE
:10A5E000BA62B96AFA6A41E800237B627B6A002B8F
:10A5F000E6D17B681B680833FB60FB6853E8003FCB
:10A60000BB60BB6823F400033B637B681B680833B3
:10A610003A6BBA617B617969BA6941E800233B61B1
:10A620003B69002BE5D17B682022C3F8882000BF5E
:10A630003C37BD465DF8047B7047000080B495B0A0
:10A6400000AF78607B681B687B637B6B53E8003FDF
:10A650003B633B6B23F49073FB647B681B681A4677
:10A66000FB6C3B64FA63F96B3A6C41E80023BB6313
:10A67000BB6B002BE6D17B681B6808333B623B6AEF
:10A6800053E8003FFB61FA691E4B1340BB647B68D3
:10A690001B680833BA6CFA62BB62B96AFA6A41E8AD
:10A6A00000237B627B6A002BE5D17B68DB6E012B8C
:10A6B00018D17B681B68FB60FB6853E8003FBB60F8
:10A6C000BB6823F010037B647B681B681A467B6CB5
:10A6D000BB617A617969BA6941E800233B613B69F2
:10A6E000002BE6D17B682022C3F88C207B680022F7
:10A6F000DA667B6800225A6700BF5437BD465DF8B2
:10A70000047B7047FEFFFFEF80B590B000AF78602C
:10A710007B689B6BFB637B68DB69B3F5807F37D01D
:10A72000FB6B0022A3F85620FB6B1B6808337B628F
:10A730007B6A53E8003F3B623B6A23F08003BB63C4
:10A74000FB6B1B680833BA6B3A63FB62F96A3A6BBE
:10A7500041E80023BB62BB6A002BE5D1FB6B1B68A1
:10A760003B613B6953E8003FFB60FB6843F04003FB
:10A770007B63FB6B1B681A467B6BFB61BA61B96933
:10A78000FA6941E800237B617B69002BE6D102E096
:10A79000F86BFEF70BFF00BF4037BD4680BD80B5AC
:10A7A00084B000AF78607B689B6BFB60F868FEF755
:10A7B00007FF00BF1037BD4680BD80B59CB000AF1D
:10A7C00078607B689B6BFB667B68DB69B3F5807F99
:10A7D00071D0FB6E0022A3F85E20FB6E1B68FB6449
:10A7E000FB6C53E8003FBB64BB6C23F48073BB6617
:10A7F000FB6E1B681A46BB6EBB657A65796DBA6DD8
:10A8000041E800233B653B6D002BE6D1FB6E1B68E6
:10A810000833BB63BB6B53E8003F7B637B6B23F068
:10A8200001037B66FB6E1B6808337A6E7A643B64B7
:10A83000396C7A6C41E80023FB63FB6B002BE5D19C
:10A84000FB6E1B6808337B627B6A53E8003F3B6208
:10A850003B6A23F040033B66FB6E1B6808333A6E8D
:10A860003A63FB62F96A3A6B41E80023BB62BB6A58
:10A87000002BE5D1FB6E2022C3F88C20FB6EDB6E33
:10A88000012B18D1FB6E1B683B613B6953E8003F0D
:10A89000FB60FB6823F01003FB65FB6E1B681A4628
:10A8A000FB6DFB61BA61B969FA6941E800237B611C
:10A8B0007B69002BE6D1FB6E00221A67FB6EDB6E14
:10A8C000012B07D1FB6EB3F85C301946F86EFEF72A
:10A8D0009FFE02E0F86EFEF77DFE00BF7037BD46BA
:10A8E00080BD80B584B000AF78607B689B6BFB60F7
:10A8F000FB6801221A67FB68DB6E012B09D1FB683C
:10A90000B3F85C305B089BB21946F868FEF780FE2E
:10A9100002E0F868FEF768FE00BF1037BD4680BD54
:10A9200080B586B000AF78607B689B6B7B617B698C
:10A93000D3F888303B617B69D3F88C30FB607B694E
:10A940001B689B6803F08003802B09D13B69212B96
:10A9500006D17B690022A3F856207869FFF72CFE08
:10A960007B691B689B6803F04003402B09D1FB689F
:10A97000222B06D17B690022A3F85E207869FFF7BD
:10A980005DFE7B69D3F8903043F010027B69C3F819
:10A9900090207869FEF732FE00BF1837BD4680BDB3
:10A9A00080B584B000AF78607B689B6BFB60FB6810
:10A9B0000022A3F85E20FB680022A3F85620F86866
:10A9C000FEF71CFE00BF1037BD4680BD80B588B0C5
:10A9D00000AF78607B681B68FB60FB6853E8003F52
:10A9E000BB60BB6823F04003FB617B681B681A46B1
:10A9F000FB69BB617A617969BA6941E800233B610F
:10AA00003B69002BE6D17B682022C3F888207B6855
:10AA100000229A677868FEF7C9FD00BF2037BD465F
:10AA200080BD80B483B000AF786000BF0C37BD46F6
:10AA30005DF8047B704780B483B000AF786000BFDE
:10AA40000C37BD465DF8047B704780B483B000AF1F
:10AA5000786000BF0C37BD465DF8047B704780B45A
:10AA600085B000AF78607B6893F88430012B01D10A
:10AA7000022327E07B68012283F884207B6824225C
:10AA8000C3F888207B681B681B68FB607B681B68B9
:10AA90001A687B681B6822F001021A60FB6823F0C9
:10AAA0000053FB607B6800225A667B681B68FA686B
:10AAB0001A607B682022C3F888207B68002283F814
:10AAC0008420002318461437BD465DF8047B704788
:10AAD00080B584B000AF786039607B6893F88430CB
:10AAE000012B01D102232DE07B68012283F8842011
:10AAF0007B682422C3F888207B681B681B68FB6086
:10AB00007B681B681A687B681B6822F001021A6068
:10AB10007B681B689B6823F060417B681B683A6810
:10AB20000A439A60786800F04FF87B681B68FA68FF
:10AB30001A607B682022C3F888207B68002283F893
:10AB40008420002318461037BD4680BD80B584B0F0
:10AB500000AF786039607B6893F88430012B01D1B5
:10AB600002232DE07B68012283F884207B68242265
:10AB7000C3F888207B681B681B68FB607B681B68C8
:10AB80001A687B681B6822F001021A607B681B68E8
:10AB90009B6823F060617B681B683A680A439A608F
:10ABA000786800F011F87B681B68FA681A607B68A7
:10ABB0002022C3F888207B68002283F884200023A9
:10ABC00018461037BD4680BD80B485B000AF7860B0
:10ABD0007B685B6E002B08D17B680122A3F86A209A
:10ABE0007B680122A3F8682031E01023FB73102357
:10ABF000BB737B681B689B685B0EDBB203F00703CB
:10AC00007B737B681B689B685B0FDBB203F00703F9
:10AC10003B73BB7B3A7B11498A5C02FB03F33A7BB3
:10AC20000F498A5C93FBF2F39AB27B68A3F86A201F
:10AC3000FB7B7A7B09498A5C02FB03F37A7B084938
:10AC40008A5C93FBF2F39AB27B68A3F8682000BF9A
:10AC50001437BD465DF8047B704700BFC0EB0108A8
:10AC6000C8EB010880B58AB000AF78600023FB61B3
:10AC700001F0F2FF5A4B1B68002B01D100F086F95E
:10AC8000584B1A687B681340002B40F090807B681B
:10AC9000002B1ED008227B6813447B607B6803F086
:10ACA0000703002B15D07B6823F0070308337B6074
:10ACB0007B6803F00703002B0BD04FF0500383F3A6
:10ACC0001188BFF36F8FBFF34F8F7B6100BF00BF51
:10ACD000FDE77B68002B6AD0434B1B687A689A4279
:10ACE00065D8424B3B62414B1B687B6204E07B6A48
:10ACF0003B627B6A1B687B627B6A5B687A689A420C
:10AD000003D97B6A1B68002BF1D1354B1B687A6A2B
:10AD10009A424CD03B6A1B6808221344FB617B6A51
:10AD20001A683B6A1A607B6A5A687B68D21A0823E1
:10AD30005B009A4220D97A6A7B681344BB61BB6985
:10AD400003F00703002B0BD04FF0500383F311885F
:10AD5000BFF36F8FBFF34F8F3B6100BF00BFFDE7B5
:10AD60007B6A5A687B68D21ABB695A607B6A7A68C8
:10AD70005A60B86900F06CF91B4B1A687B6A5B6813
:10AD8000D31A194A1360184B1A68194B1B689A4258
:10AD900003D2154B1B68164A13607B6A5A68114B25
:10ADA0001B681A437B6A5A607B6A00221A6001F0B2
:10ADB00061FFFB6903F00703002B0BD04FF050033A
:10ADC00083F31188BFF36F8FBFF34F8FFB6000BF1A
:10ADD00000BFFDE7FB6918462837BD4680BD00BFB0
:10ADE000B8CC0024C4CC0024BCCC0024B0CC0024BB
:10ADF000C0CC002480B586B000AF78607B687B61F2
:10AE00007B68002B4AD008235B427A6913447B613C
:10AE10007B693B613B695A68224B1B681340002BDE
:10AE20000BD14FF0500383F31188BFF36F8FBFF343
:10AE30004F8FFB6000BF00BFFDE73B691B68002B25
:10AE40000BD04FF0500383F31188BFF36F8FBFF324
:10AE50004F8FBB6000BF00BFFDE73B695A68114BD5
:10AE60001B681340002B19D03B691B68002B15D1C0
:10AE70003B695A680B4B1B68DB431A403B695A60BD
:10AE800001F0EAFE3B695A68074B1B681344064A07
:10AE90001360386900F0DCF801F0ECFE00BF1837F1
:10AEA000BD4680BDC4CC0024BCCC002480B487B097
:10AEB00000AF78607B687B6108235B427A6913444A
:10AEC0007B617B693B613B695A68064B1B68DB43CE
:10AED0001340FB60FB6818461C37BD465DF8047BD9
:10AEE000704700BFC4CC002480B584B000AF786048
:10AEF000396001F0B1FE3868FFF7B4FEB860BB6896
:10AF0000002B17D07B68002B14D07868FFF7CEFF9A
:10AF1000034608229B1AFB603A68FB689A4201D2FA
:10AF20003B68FB60FA687968B86811F04EFD786894
:10AF3000FFF760FF01F09EFEBB6818461037BD4664
:10AF400080BD80B586B000AF7860396001F084FEC6
:10AF50003B687A6802FB03F37B617869FFF782FE46
:10AF6000F860FB683B6104E03B695A1C3A610022CF
:10AF70001A707B695A1E7A61002BF5D101F07AFEB6
:10AF8000FB6818461837BD4680BD000080B485B008
:10AF900000AF4CF25033BB60274BFB60FB6803F003
:10AFA0000703002B0CD0FB680733FB60FB6823F022
:10AFB0000703FB60BA68FB68D31A1F4A1344BB60DF
:10AFC000FB687B601D4A7B6813601C4B00225A6043
:10AFD0007B68BA681344FB600822FB689B1AFB601D
:10AFE000FB6823F00703FB60FB68154A1360144BF2
:10AFF0001B6800225A60124B1B6800221A607B6893
:10B000003B603B68FA68D21A3B685A600C4B1A687E
:10B010003B681A603B685B680A4A13603B685B6880
:10B02000094A1360094B4FF000421A6000BF143701
:10B03000BD465DF8047B704760090024B0CC002455
:10B04000B8CC0024C0CC0024BCCC0024C4CC002448
:10B0500080B485B000AF7860284BFB6002E0FB68ED
:10B060001B68FB60FB681B687A689A42F7D8FB682C
:10B07000BB60FB685B68BA6813447A689A4208D17F
:10B08000FB685A687B685B681A44FB685A60FB6817
:10B090007B607B68BB607B685B68BA681A44FB684E
:10B0A0001B689A4218D1FB681A68154B1B689A42B4
:10B0B0000DD07B685A68FB681B685B681A447B6824
:10B0C0005A60FB681B681A687B681A6008E00C4BC2
:10B0D0001A687B681A6003E0FB681A687B681A606C
:10B0E000FA687B689A4202D0FB687A681A6000BFEF
:10B0F0001437BD465DF8047B704700BFB0CC002418
:10B10000B8CC002480B584B000AF78607B68D3F8F9
:10B110008C32FB604FF400620449F868FDF7AAFD29
:10B12000012318461037BD4680BD00BFC8CC00249F
:10B1300080B584B000AF78607B68D3F88C32FB6058
:10B14000F868FDF7E3FD012318461037BD4680BDC2
:10B1500080B586B000AFF860B9607A603B60FB688C
:10B16000D3F88C327B617B69D3F88830202B18D1DF
:10B170007B689BB21A46B9687869FDF7FBFC034609
:10B18000FB7400BFFB7C002B04D17B69D3F88830B3
:10B19000202BF7D1FB7C002B01D17B6802E0002340
:10B1A00000E0002318461837BD4680BD80B588B042
:10B1B00000AFF860B9607A603B60FB68D3F88C320E
:10B1C0007B610023FB610023BB6172B600BF7B691A
:10B1D000D3F880301B68594A934268D07B69D3F812
:10B1E00080301B68564A934261D07B69D3F8803027
:10B1F0001B68544A93425AD07B69D3F880301B684D
:10B20000514A934253D07B69D3F880301B684F4A30
:10B2100093424CD07B69D3F880301B684C4A9342F0
:10B2200045D07B69D3F880301B684A4A93423ED0B0
:10B230007B69D3F880301B68474A934237D07B69DB
:10B24000D3F880301B68454A934230D07B69D3F8ED
:10B2500080301B68424A934229D07B69D3F8803002
:10B260001B68404A934222D07B69D3F880301B6828
:10B270003D4A93421BD07B69D3F880301B683B4A20
:10B28000934214D07B69D3F880301B68384A9342CC
:10B290000DD07B69D3F880301B68364A934206D0C4
:10B2A0007B69D3F880301B68334A934207D17B69AE
:10B2B000D3F880301B685B68C3F5006306E07B69E8
:10B2C000D3F880301B685B68C3F500632B4A1360BA
:10B2D00062B600BFFB690133FB61012000F066FB31
:10B2E000274B1A68254B1B689A4217D1FA693B68AD
:10B2F0009A42FFF66AAF11E0214B1A68B968BB6940
:10B300000B4420498A5C1A701D4B1B680133C3F340
:10B310000A031B4A1360BB690133BB61184B1A68EF
:10B32000164B1B689A4203D0BA697B689A42E3D3F2
:10B33000BB6918462037BD4680BD00BF10000240E3
:10B3400028000240400002405800024070000240C5
:10B3500088000240A0000240B800024010040240F1
:10B360002804024040040240580402407004024095
:10B3700088040240A0040240B8040240CCD4002457
:10B38000C8D40024C8CC002480B582B000AF786057
:10B3900039600C4B1B681A467B6813441A46094BEC
:10B3A0001A60094B1B681A467B6813441A46064B01
:10B3B0001A607868FFF756FC034618460837BD4602
:10B3C00080BD00BFD0D40024D4D4002480B582B086
:10B3D00000AF786039607B68002B0CD07868FFF78D
:10B3E00065FD0346064A1268D31A1A46044B1A60D2
:10B3F0007868FFF7FFFC00BF0837BD4680BD00BF7F
:10B40000D4D4002480B584B000AFF860B9607A600D
:10B41000154B1B681A46BB6813441A46124B1A6038
:10B42000124B1B681A46BB6813441A460F4B1A602E
:10B43000FB68002B04D1B868FFF714FC03460EE04C
:10B44000F868FFF733FD0346084A1268D31A1A4614
:10B45000064B1A60B968F868FFF746FD03461846C0
:10B460001037BD4680BD00BFD0D40024D4D4002402
:10B4700080B584B000AFF860B9607A60FB68BA68E4
:10B4800002FB03F30C4A126813441A460A4B1A6073
:10B49000FB68BA6802FB03F3084A126813441A46B1
:10B4A000064B1A60B968F868FFF74BFD034618466B
:10B4B0001037BD4680BD00BFD0D40024D4D40024B2
:10B4C0002DE9B04386B000AFC7E902017A600023DE
:10B4D0007B61D7E9020120A3D3E90023F4F748FFF9
:10B4E00002460B467968C1E90023D7E902011AA395
:10B4F000D3E90023F4F73CFF7B689A607B689B6884
:10B50000002B20DA7B689B68114A82FB031212171A
:10B51000DB17D31A01337B617B68D3E90023796998
:10B52000C8170C460546B2EB040863EB05097B68B7
:10B53000C3E900897B689A687B69064901FB03F3CC
:10B540001A447B689A6000BF1837BD46BDE8B083D7
:10B55000A12FB84400CA9A3B00CA9A3B00000000E1
:10B560002DE9B04F8EB000AF7862396207F1280242
:10B570000023136053604FF000024FF00003C7E94F
:10B580000C2307F12803184601F0F8FDBB6ADA170F
:10B59000BB61FA614FF000024FF00003B9690B0084
:10B5A0000022C7E90C23FB6A00221C461546D7E996
:10B5B0000C231119B9606B41FB60D7E90234C7E96C
:10B5C0000C34D7E90C0102460B464FF000044FF053
:10B5D00000055D0145EAD265540122462B46B2EBD7
:10B5E000000863EB01094FF000024FF000034FEA3F
:10B5F000492343EAD8534FEA48229046994618EB2C
:10B60000000A49EB010B4FF000024FF000034FEA34
:10B610008B1343EA9A634FEA8A12B2EB0A043C6046
:10B6200063EB0B037B60D7E9004523461B183B61A6
:10B630002B4641EB03037B613A6AD7E90401FFF72C
:10B640003FFF002318463837BD46BDE8B08F80B4B1
:10B6500083B000AF78607B68002B01D1002300E04D
:10B66000012318460C37BD465DF8047B704780B453
:10B6700083B000AF78607B68002B0C37BD465DF867
:10B68000047B704780B582B000AF78600B46FB70DA
:10B690007868FFF7DCFF00BF0837BD4680BD80B586
:10B6A00082B000AF78607868FFF7E1FF00BF08372D
:10B6B000BD4680BD80B400AF064B1B68002B03D194
:10B6C000054B1B68034A1360024B1846BD465DF8E4
:10B6D000047B7047D80000242803002480B483B082
:10B6E00000AF78607B68002B01D1002300E00123CC
:10B6F00018460C37BD465DF8047B704780B483B0B4
:10B7000000AF78607B68002B0C37BD465DF8047B8A
:10B71000704780B582B000AF78600B46FB707868E8
:10B72000FFF7DCFF00BF0837BD4680BD80B582B0A3
:10B7300000AF78607868FFF7E1FF00BF0837BD46CB
:10B7400080BD000080B400AF064B1B68002B03D106
:10B75000054B1B68034A1360024B1846BD465DF853
:10B76000047B7047880200242803002480B483B03F
:10B7700000AF03463960FB80B7F90630002B0ADBC7
:10B780003B68DAB20C49B7F906301201D2B20B4469
:10B7900083F800230AE03B68DAB20849FB8803F02B
:10B7A0000F03043B1201D2B20B441A7600BF0C37D0
:10B7B000BD465DF8047B704700E100E000ED00E06D
:10B7C00080B500AF054B1B6801F062FE0346012BFC
:10B7D00001D002F059FC00BF80BD00BF10E000E0C6
:10B7E00080B500AF00216FF00400FFF7BFFF00BF7E
:10B7F00080BD000080B483B000AFEFF305833B60F1
:10B800003B68002B03D06FF005037B600CE00A4B14
:10B810001B68002B05D1084B01221A6000237B60B6
:10B8200002E04FF0FF337B607B6818460C37BD4663
:10B830005DF8047B704700BFD8D4002480B582B087
:10B8400000AFEFF305833B603B68002B03D06FF044
:10B8500005037B6010E00B4B1B68012B09D1FFF740
:10B86000BFFF084B02221A6001F086F900237B60BB
:10B8700002E04FF0FF337B607B6818460837BD4617
:10B8800080BD00BFD8D4002480B58EB004AFF8606E
:10B89000B9607A6000233B61EFF305837B617B69CC
:10B8A000002B7ED1FB68002B7BD080233B621823CA
:10B8B000FB6100237B624FF0FF33BB617B68002B91
:10B8C00045D07B681B68002B02D07B681B687B62BD
:10B8D0007B689B69002B02D07B689B69FB61FB69DD
:10B8E000002B08D0FB69382B05D87B685B6803F018
:10B8F0000103002B01D0002354E07B685B69002B1F
:10B9000003D07B685B699B083B627B689B68002B6C
:10B910000ED07B68DB68A72B0AD97B681B69002BDC
:10B9200006D07B685B69002B02D00123BB6110E06D
:10B930007B689B68002B0CD17B68DB68002B08D1EF
:10B940007B681B69002B04D10023BB6101E000234D
:10B95000BB61BB69012B10D17B681B697A68926857
:10B9600002920193FB690093BB683A6A796AF868AE
:10B9700000F01AFE03463B6113E0BB69002B10D1B7
:10B980003B6A9AB207F110030193FB690093BB680D
:10B99000796AF86800F068FE0346012B01D00023A5
:10B9A0003B613B6918462837BD4680BD80B584B0F1
:10B9B00000AF7860EFF30583BB60BB68002B03D05A
:10B9C0006FF00503FB6007E00023FB607B68002B42
:10B9D00002D0786801F09AF8FB6818461037BD4627
:10B9E00080BD000080B485B000AFF860B9607A60B7
:10B9F000FB68074A1A60BB68064A1A607B688022A7
:10BA00001A6000BF1437BD465DF8047B704700BF65
:10BA1000DCD4002484D5002480B485B000AFF86065
:10BA2000B9607A60FB68074A1A60BB68064A1A6008
:10BA30007B684FF480721A6000BF1437BD465DF812
:10BA4000047B704784D700242CD8002480B483B0B2
:10BA500000AF78607B6803F108027B685A607B68FE
:10BA60004FF0FF329A607B6803F108027B68DA606E
:10BA70007B6803F108027B681A617B6800221A6008
:10BA800000BF0C37BD465DF8047B704780B483B0BF
:10BA900000AF78607B6800221A6100BF0C37BD469A
:10BAA0005DF8047B704780B485B000AF7860396082
:10BAB0007B685B68FB603B68FA685A60FB689A6861
:10BAC0003B689A60FB689B683A685A60FB683A6812
:10BAD0009A603B687A681A617B681B685A1C7B68AD
:10BAE0001A6000BF1437BD465DF8047B704780B410
:10BAF00085B000AF786039603B681B68BB60BB688D
:10BB0000B3F1FF3F03D17B681B69FB600CE07B68EE
:10BB10000833FB6002E0FB685B68FB60FB685B6806
:10BB20001B68BA689A42F6D2FB685A683B685A604A
:10BB30003B685B683A689A603B68FA689A60FB68A1
:10BB40003A685A603B687A681A617B681B685A1CBD
:10BB50007B681A6000BF1437BD465DF8047B7047F0
:10BB600080B485B000AF78607B681B69FB607B6840
:10BB70005B687A6892689A607B689B687A685268AA
:10BB80005A60FB685B687A689A4203D17B689A685E
:10BB9000FB685A607B6800221A61FB681B685A1EAA
:10BBA000FB681A60FB681B6818461437BD465DF8D1
:10BBB000047B704780B584B000AF786039607B68E3
:10BBC000FB60FB68002B0BD14FF0500383F311880F
:10BBD000BFF36F8FBFF34F8FBB6000BF00BFFDE7A8
:10BBE00002F0C2F9FB681A68FB68DB6BF968096C44
:10BBF00001FB03F31A44FB689A60FB6800229A6316
:10BC0000FB681A68FB685A60FB681A68FB68DB6BA4
:10BC1000013BF968096C01FB03F31A44FB68DA6025
:10BC2000FB68FF2283F84420FB68FF2283F845204D
:10BC30003B68002B14D1FB681B69002B1AD0FB68F2
:10BC40001033184601F036FA0346002B12D00D4B84
:10BC50004FF080521A60BFF34F8FBFF36F8F09E030
:10BC6000FB6810331846FFF7F1FEFB6824331846D3
:10BC7000FFF7ECFE02F0AAF9012318461037BD4683
:10BC800080BD00BF04ED00E080B58EB002AFF8606B
:10BC9000B9607A603B60FB68002B0BD14FF050031A
:10BCA00083F31188BFF36F8FBFF34F8FBB6200BF69
:10BCB00000BFFDE73B68002B0BD14FF0500383F32F
:10BCC0001188BFF36F8FBFF34F8F7B6200BF00BF40
:10BCD000FDE77B68002B02D0BB68002B01D001235D
:10BCE00000E00023002B0BD14FF0500383F31188A9
:10BCF000BFF36F8FBFF34F8F3B6200BF00BFFDE705
:10BD00007B68002B02D1BB68002B01D1012300E02E
:10BD10000023002B0BD14FF0500383F31188BFF3A6
:10BD20006F8FBFF34F8FFB6100BF00BFFDE7502354
:10BD30007B617B69502B0BD04FF0500383F311884C
:10BD4000BFF36F8FBFF34F8FBB6100BF00BFFDE735
:10BD50007B693B68FB62FB6A002B0DD0FB6A01220A
:10BD600083F8462097F83820FB6A009313467A68D8
:10BD7000B968F86800F005F8FB6A18463037BD4628
:10BD800080BD80B584B000AFF860B9607A60FB70A8
:10BD9000BB68002B03D1BB69BA691A6002E0BB69BA
:10BDA0007A681A60BB69FA68DA63BB69BA681A64B0
:10BDB0000121B869FFF7FEFEBB69FA7883F84C20D1
:10BDC00000BF1037BD4680BD80B58EB000AFF860B3
:10BDD000B9607A603B6000237B63FB683B633B6B2D
:10BDE000002B0BD14FF0500383F31188BFF36F8FFB
:10BDF000BFF34F8FBB6200BF00BFFDE7BB68002BE6
:10BE000003D13B6B1B6C002B01D1012300E000230D
:10BE1000002B0BD14FF0500383F31188BFF36F8FCA
:10BE2000BFF34F8F7B6200BF00BFFDE73B68022B73
:10BE300003D13B6BDB6B012B01D1012300E000231D
:10BE4000002B0BD14FF0500383F31188BFF36F8F9A
:10BE5000BFF34F8F3B6200BF00BFFDE701F018FB4F
:10BE60000346002B02D17B68002B01D1012300E0A7
:10BE70000023002B0BD14FF0500383F31188BFF345
:10BE80006F8FBFF34F8FFB6100BF00BFFDE702F074
:10BE90006BF83B6B9A6B3B6BDB6B9A4202D33B6854
:10BEA000022B29D13A68B968386B00F00FFAF862B2
:10BEB0003B6B5B6A002B10D03B6B2433184601F0C0
:10BEC000F9F80346002B13D03F4B4FF080521A6015
:10BED000BFF34F8FBFF36F8F0AE0FB6A002B07D0D1
:10BEE000394B4FF080521A60BFF34F8FBFF36F8F03
:10BEF00002F06CF8012363E07B68002B03D102F0B1
:10BF000065F800235CE07B6B002B06D107F114037E
:10BF1000184601F05BF901237B6302F057F800F04B
:10BF20009BFE02F021F83B6B93F844305BB2B3F117
:10BF3000FF3F03D13B6B002283F844203B6B93F817
:10BF400045305BB2B3F1FF3F03D13B6B002283F876
:10BF5000452002F03BF83A1D07F11403114618463C
:10BF600001F04AF90346002B24D1386B00F0A6FA01
:10BF70000346002B18D03B6B10337A6811461846E5
:10BF800001F046F8386B00F031FA00F073FE03461A
:10BF9000002B7FF47CAF0C4B4FF080521A60BFF344
:10BFA0004F8FBFF36F8F72E7386B00F01FFA00F00E
:10BFB00061FE6CE7386B00F019FA00F05BFE0023BD
:10BFC00018463837BD4680BD04ED00E080B590B01E
:10BFD00000AFF860B9607A603B60FB68BB63BB6B25
:10BFE000002B0BD14FF0500383F31188BFF36F8FF9
:10BFF000BFF34F8FBB6200BF00BFFDE7BB68002BE4
:10C0000003D1BB6B1B6C002B01D1012300E000238B
:10C01000002B0BD14FF0500383F31188BFF36F8FC8
:10C02000BFF34F8F7B6200BF00BFFDE73B68022B71
:10C0300003D1BB6BDB6B012B01D1012300E000239B
:10C04000002B0BD14FF0500383F31188BFF36F8F98
:10C05000BFF34F8F3B6200BF00BFFDE702F064F803
:10C06000EFF311824FF0500383F31188BFF36F8F0A
:10C07000BFF34F8FFA61BB61FB697B63BB6B9A6B4C
:10C08000BB6BDB6B9A4202D33B68022B2FD1BB6B9D
:10C0900093F8453087F83330BB6B9B6BFB623A6893
:10C0A000B968B86B00F012F997F93330B3F1FF3F7C
:10C0B00012D1BB6B5B6A002B16D0BB6B24331846C6
:10C0C00000F0F8FF0346002B0ED07B68002B0BD04E
:10C0D0007B6801221A6007E097F833300133DBB246
:10C0E0005AB2BB6B83F845200123FB6301E00023B8
:10C0F000FB637B6B7B617B6983F3118800BFFB6B08
:10C1000018464037BD4680BD80B58CB000AFF860A2
:10C11000B9607A600023FB62FB68BB62BB6A002BDC
:10C120000BD14FF0500383F31188BFF36F8FBFF330
:10C130004F8F3B6200BF00BFFDE7BB68002B03D100
:10C14000BB6A1B6C002B01D1012300E00023002BF4
:10C150000BD14FF0500383F31188BFF36F8FBFF300
:10C160004F8FFB6100BF00BFFDE701F091F903466F
:10C17000002B02D17B68002B01D1012300E00023BA
:10C18000002B0BD14FF0500383F31188BFF36F8F57
:10C19000BFF34F8FBB6100BF00BFFDE701F0E4FEBE
:10C1A000BB6A9B6B7B627B6A002B1FD0B968B86A45
:10C1B00000F0F6F87B6A5A1EBB6A9A63BB6A1B6979
:10C1C000002B0FD0BB6A1033184600F073FF0346F4
:10C1D000002B07D03C4B4FF080521A60BFF34F8FBB
:10C1E000BFF36F8F01F0F2FE012369E07B68002B43
:10C1F00003D101F0EBFE002362E0FB6A002B06D1C5
:10C2000007F11003184600F0E1FF0123FB6201F083
:10C21000DDFE00F021FD01F0A7FEBB6A93F844307B
:10C220005BB2B3F1FF3F03D1BB6A002283F8442025
:10C23000BB6A93F845305BB2B3F1FF3F03D1BB6AF1
:10C24000002283F8452001F0C1FE3A1D07F11003DA
:10C250001146184600F0D0FF0346002B23D1B86AE0
:10C2600000F016F90346002B17D0BB6A24337A6816
:10C270001146184600F0CCFEB86A00F0B7F800F09E
:10C28000F9FC0346002B89D10F4B4FF080521A6006
:10C29000BFF34F8FBFF36F8F80E7B86A00F0A6F847
:10C2A00000F0E8FC7AE7B86A00F0A0F800F0E2FCE1
:10C2B000B86A00F0EDF80346002B3FF46FAF00239F
:10C2C00018463037BD4680BD04ED00E080B586B02D
:10C2D00000AFF860B9607A6000237B61FB689B6BFC
:10C2E0003B61FB681B6C002B0DD1FB681B68002BAE
:10C2F0004DD1FB689B68184601F0E8F87861FB684F
:10C3000000229A6043E07B68002B19D1FB685868D3
:10C31000FB681B6C1A46B96810F057FBFB685A683B
:10C32000FB681B6C1A44FB685A60FB685A68FB6820
:10C330009B689A422BD3FB681A68FB685A6026E018
:10C34000FB68D868FB681B6C1A46B96810F03DFBA7
:10C35000FB68DA68FB681B6C5B421A44FB68DA60B6
:10C36000FB68DA68FB681B689A4207D2FB689A6828
:10C37000FB681B6C5B421A44FB68DA607B68022B2B
:10C3800005D13B69002B02D03B69013B3B613B6916
:10C390005A1CFB689A637B6918461837BD4680BDF6
:10C3A00080B582B000AF786039607B681B6C002B71
:10C3B00018D07B68DA687B681B6C1A447B68DA608B
:10C3C0007B68DA687B689B689A4203D37B681A684B
:10C3D0007B68DA607B68D9687B681B6C1A463868B2
:10C3E00010F0F3FA00BF0837BD4680BD80B584B0B9
:10C3F00000AF786001F0B8FD7B6893F84530FB73BF
:10C4000011E07B685B6A002B12D07B6824331846EE
:10C4100000F050FE0346002B01D000F051FFFB7BE3
:10C42000013BDBB2FB7397F90F30002BE9DC00E036
:10C4300000BF7B68FF2283F8452001F0C7FD01F0B3
:10C4400093FD7B6893F84430BB7311E07B681B69F4
:10C45000002B12D07B681033184600F02BFE0346E9
:10C46000002B01D000F02CFFBB7B013BDBB2BB7388
:10C4700097F90E30002BE9DC00E000BF7B68FF225B
:10C4800083F8442001F0A2FD00BF1037BD4680BDF7
:10C4900080B584B000AF786001F066FD7B689B6B6F
:10C4A000002B02D10123FB6001E00023FB6001F0BF
:10C4B0008DFDFB6818461037BD4680BD80B584B041
:10C4C00000AF786001F050FD7B689A6B7B68DB6B96
:10C4D0009A4202D10123FB6001E00023FB6001F0DE
:10C4E00075FDFB6818461037BD4680BD80B485B029
:10C4F00000AF786039600023FB6014E00F4AFB68EE
:10C5000052F83330002B0BD10C49FB683A6841F8E4
:10C5100033200A4AFB68DB0013447A685A6006E05D
:10C52000FB680133FB60FB68072BE7D900BF00BF46
:10C530001437BD465DF8047B704700BF2CDC002437
:10C5400080B586B000AFF860B9607A60FB687B6147
:10C5500001F00AFD7B6993F844305BB2B3F1FF3F11
:10C5600003D17B69002283F844207B6993F845302E
:10C570005BB2B3F1FF3F03D17B69002283F8452012
:10C5800001F024FD7B699B6B002B06D17B69243372
:10C590007A68B968184600F061FD7869FFF726FFF0
:10C5A00000BF1837BD4680BD80B58EB004AFF860BF
:10C5B000B9607A603B607B6B002B0BD14FF050036E
:10C5C00083F31188BFF36F8FBFF34F8F3B6200BFC0
:10C5D00000BFFDE7BB6B002B0BD14FF0500383F383
:10C5E0001188BFF36F8FBFF34F8FFB6100BF00BF98
:10C5F000FDE7A8233B613B69A82B0BD04FF050030C
:10C6000083F31188BFF36F8FBFF34F8FBB6100BF00
:10C6100000BFFDE73B69BB6B002B1ED07B6B002B83
:10C620001BD0BB6B7B627B6A7A6B1A637B6A0222CC
:10C6300083F8A520002303937B6A029307F1140378
:10C6400001933B6B00933B687A68B968F86800F027
:10C6500051F8786A00F0F6F801E000237B617B690D
:10C6600018462837BD4680BD80B58CB004AFF86051
:10C67000B9603B601346FB80FB889B00184601F0C5
:10C6800095FD78617B69002B0ED0A82001F08EFD0E
:10C69000F861FB69002B03D0FB697A691A6305E036
:10C6A000786901F051FE01E00023FB61FB69002B7A
:10C6B00017D0FB69002283F8A520FA880023039392
:10C6C000FB690293FB6A0193BB6A00933B68B968FC
:10C6D000F86800F00FF8F86900F0B4F80123BB61C6
:10C6E00002E04FF0FF33BB61BB6918462037BD46FF
:10C6F00080BD000080B588B000AFF860B9607A6096
:10C700003B603B6B186B7B689B001A46A52110F0C1
:10C7100039F83B6B1A6B79686FF040430B449B0010
:10C720001344BB61BB6923F00703BB61BB6903F022
:10C730000703002B0BD04FF0500383F31188BFF396
:10C740006F8FBFF34F8F7B6100BF00BFFDE7BB68FA
:10C75000002B1FD00023FB6112E0BA68FB69134471
:10C7600019783A6BFB69134434330A461A70BA6875
:10C77000FB6913441B78002B06D0FB690133FB6176
:10C78000FB690F2BE9D900E000BF3B6B002283F867
:10C79000432003E03B6B002283F83420BB6A372B35
:10C7A00001D93723BB623B6BBA6ADA623B6BBA6A68
:10C7B000DA643B6B00221A653B6B04331846FFF7C3
:10C7C00065F93B6B18331846FFF760F93B6B3A6B22
:10C7D0001A61BB6AC3F138023B6B9A613B6B3A6BDF
:10C7E0005A623B6B0022C3F8A0203B6B002283F807
:10C7F000A4203B6B54334C22002118460FF0C2FF9B
:10C800003B6B0D4A9A653B6B0C4ADA653B6B0C4AF5
:10C810001A663A68F968B86901F076FA02463B6B25
:10C820001A60FB6A002B02D0FB6A3A6B1A6000BFE9
:10C830002037BD4680BD00BF30FF012498FF012492
:10C840000000022480B582B000AF786001F08CFB5C
:10C850002D4B1B6801332C4A13602C4B1B68002B9B
:10C8600009D12A4A7B681360274B1B68012B10D122
:10C8700000F04AFD0DE0264B1B68002B09D1234B2D
:10C880001B68DA6A7B68DB6A9A4202D81F4A7B68B7
:10C890001360204B1B6801331E4A13601D4B1A683E
:10C8A0007B685A647B68DA6A1B4B1B689A4203D91F
:10C8B0007B68DB6A184A13607B68DA6A13469B0060
:10C8C00013449B00154A1A447B68043319461046EA
:10C8D000FFF7E9F801F07AFB0D4B1B68002B0ED037
:10C8E0000A4B1B68DA6A7B68DB6A9A4207D20C4BF8
:10C8F0004FF080521A60BFF34F8FBFF36F8F00BFAE
:10C900000837BD4680BD00BF40E100246CDC002438
:10C910004CE100245CE1002448E1002470DC0024A8
:10C9200004ED00E080B584B000AF786001F01CFB3E
:10C930007B68002B02D12D4B1B6800E07B68FB60FD
:10C94000FB6804331846FFF70BF9FB689B6A002B62
:10C9500004D0FB6818331846FFF702F9244B1B6814
:10C960000133234A1360214B1B68FA689A420BD1AA
:10C97000FB68043319461F48FFF795F81E4B1B68E8
:10C9800001331D4A136009E01C4B1B68013B1B4A25
:10C990001360F86800F026FD00F05AFD01F016FB68
:10C9A000174B1B68002B1CD0104B1B68FA689A426F
:10C9B00017D1144B1B68002B0BD04FF0500383F39F
:10C9C0001188BFF36F8FBFF34F8FBB6000BF00BFF5
:10C9D000FDE70D4B4FF080521A60BFF34F8FBFF34E
:10C9E0006F8F00BF1037BD4680BD00BF6CDC0024D8
:10C9F0005CE1002414E1002428E1002440E100244B
:10CA00004CE1002468E1002404ED00E080B58AB028
:10CA100000AF7860396000237B627B68002B0BD10C
:10CA20004FF0500383F31188BFF36F8FBFF34F8F25
:10CA30007B6100BF00BFFDE73B68002B0BD14FF0CF
:10CA4000500383F31188BFF36F8FBFF34F8F3B61A8
:10CA500000BF00BFFDE72A4B1B68002B0BD04FF037
:10CA6000500383F31188BFF36F8FBFF34F8FFB60C9
:10CA700000BF00BFFDE700F0EFF8224B1B683B62F0
:10CA80007B681B683A681344FB617B681B683A6AE1
:10CA90009A420BD27B681B68FA699A4211D2FA69F2
:10CAA0003B6A9A420DD901237B620AE07B681B68CE
:10CAB000FA699A4203D3FA693B6A9A4201D901237F
:10CAC0007B627B68FA691A607B6A002B06D0FA6980
:10CAD0003B6AD31A0021184600F068FD00F0CAF83E
:10CAE000B861BB69002B07D1074B4FF080521A6029
:10CAF000BFF34F8FBFF36F8F00BF2837BD4680BD98
:10CB000068E1002444E1002404ED00E080B584B035
:10CB100000AF78600023FB607B68002B18D0144BBB
:10CB20001B68002B0BD04FF0500383F31188BFF329
:10CB30006F8FBFF34F8FBB6000BF00BFFDE700F0FA
:10CB40008BF80021786800F031FD00F093F8F86070
:10CB5000FB68002B07D1074B4FF080521A60BFF3E0
:10CB60004F8FBFF36F8F00BF1037BD4680BD00BF32
:10CB700068E1002404ED00E080B58AB004AF002332
:10CB8000BB6000237B603A46391D07F10803184655
:10CB9000FEF728FF39687B68BA6802920193002388
:10CBA000009300230A4624492448FFF7FDFC03466E
:10CBB000234A1360224B1B68002B02D001237B61A8
:10CBC00001E000237B617B69012B02D100F042FD73
:10CBD00078617B69012B1BD14FF0500383F31188DF
:10CBE000BFF36F8FBFF34F8F3B6100BF154B1B68C7
:10CBF0005433154A1360154B4FF0FF321A60144B33
:10CC000001221A60134B00221A6001F009F90FE0AB
:10CC10007B69B3F1FF3F0BD14FF0500383F31188D1
:10CC2000BFF36F8FBFF34F8FFB6000BF00BFFDE707
:10CC300000BF1837BD4680BD10EB0108D9D20008EF
:10CC400064E100246CDC00243803002460E100244B
:10CC50004CE1002444E1002480B400AF044B1B6885
:10CC60000133034A136000BFBD465DF8047B704783
:10CC700068E1002480B584B000AF0023FB6000238E
:10CC8000BB60424B1B68002B0BD14FF0500383F36A
:10CC90001188BFF36F8FBFF34F8F3B6000BF00BFA2
:10CCA000FDE701F061F9394B1B68013B374A13601E
:10CCB000364B1B68002B62D1354B1B68002B5ED0B6
:10CCC0002FE0344BDB68DB68FB60FB6818331846E9
:10CCD000FEF746FFFB6804331846FEF741FFFB688A
:10CCE000DA6A2D4B1B689A4203D9FB68DB6A2A4A31
:10CCF0001360FB68DA6A13469B0013449B00274AC3
:10CD00001A44FB68043319461046FEF7CCFEFB6854
:10CD1000DA6A234B1B68DB6A9A4202D3214B012259
:10CD20001A601C4B1B68002BCBD1FB68002B01D079
:10CD300000F08EFB1C4B1B687B607B68002B10D0C7
:10CD400000F046F80346002B02D0164B01221A6071
:10CD50007B68013B7B607B68002BF1D1124B00228A
:10CD60001A60104B1B68002B09D00123BB600F4BCE
:10CD70004FF080521A60BFF34F8FBFF36F8F01F0F7
:10CD800025F9BB6818461037BD4680BD68E1002410
:10CD900040E1002400E1002448E1002470DC00248C
:10CDA0006CDC002454E1002450E1002404ED00E098
:10CDB00080B483B000AF054B1B687B607B6818466E
:10CDC0000C37BD465DF8047B704700BF44E100248A
:10CDD00080B586B000AF00237B614F4B1B68002BF2
:10CDE00040F090804D4B1B6801333B614B4A3B69DF
:10CDF00013603B69002B21D1494B1B681B68002B3A
:10CE00000BD04FF0500383F31188BFF36F8FBFF344
:10CE10004F8F3B6000BF00BFFDE7414B1B68FB60CD
:10CE2000404B1B683E4A13603E4AFB6813603E4B12
:10CE30001B6801333C4A136000F00AFB3B4B1B6844
:10CE40003A699A4249D3364B1B681B68002B04D1C0
:10CE5000364B4FF0FF321A603FE0314B1B68DB6806
:10CE6000DB68BB60BB685B687B603A697B689A4241
:10CE700003D22E4A7B6813602FE0BB680433184648
:10CE8000FEF76EFEBB689B6A002B04D0BB681833AC
:10CE90001846FEF765FEBB68DA6A254B1B689A42A6
:10CEA00003D9BB68DB6A224A1360BB68DA6A13469F
:10CEB0009B0013449B001F4A1A44BB680433194665
:10CEC0001046FEF7F0FDBB68DA6A1B4B1B68DB6A95
:10CED0009A42B8D301237B61B5E7174B1B68DA6A26
:10CEE000144913469B0013449B000B441B68012B01
:10CEF00001D901237B61114B1B68002B07D0012353
:10CF00007B6104E00E4B1B6801330D4A13607B69A3
:10CF100018461837BD4680BD68E1002444E100246E
:10CF2000F8E00024FCE0002458E1002460E1002443
:10CF300048E1002470DC00246CDC002454E100246F
:10CF400050E1002480B485B000AF2B4B1B68002B50
:10CF500003D02A4B01221A6047E0284B00221A60B6
:10CF6000274B1B68FB6011E0FB68002B0BD14FF0D7
:10CF7000500383F31188BFF36F8FBFF34F8F7B6034
:10CF800000BF00BFFDE7FB68013BFB601D49FA687D
:10CF900013469B0013449B000B441B68002BE3D0FB
:10CFA000FA6813469B0013449B00164A1344BB6067
:10CFB000BB685B685A68BB685A60BB685A68BB68E4
:10CFC00008339A4204D1BB685B685A68BB685A60F0
:10CFD000BB685B68DB680C4A1360094AFB68136036
:10CFE000094B1B685433094A136000BF1437BD4610
:10CFF0005DF8047B704700BF68E1002454E1002421
:10D0000048E1002470DC00246CDC00243803002498
:10D0100080B584B000AF786039607B68002B0BD19D
:10D020004FF0500383F31188BFF36F8FBFF34F8F1F
:10D03000FB6000BF00BFFDE7074B1B6818331946B4
:10D040007868FEF754FD0121386800F0AFFA00BFA0
:10D050001037BD4680BD00BF6CDC002480B586B0B3
:10D0600000AFF860B9607A60FB68002B0BD14FF01D
:10D07000500383F31188BFF36F8FBFF34F8F7B6132
:10D0800000BF00BFFDE70A4B1B6818331946F8685C
:10D09000FEF709FD7B68002B02D04FF0FF33BB6029
:10D0A0007968B86800F082FA00BF1837BD4680BDC5
:10D0B0006CDC002480B586B000AF78607B68DB68EC
:10D0C000DB683B613B69002B0BD14FF0500383F3CE
:10D0D0001188BFF36F8FBFF34F8FFB6000BF00BF9E
:10D0E000FDE73B6918331846FEF73AFD1D4B1B68F8
:10D0F000002B1DD13B6904331846FEF731FD3B6917
:10D10000DA6A194B1B689A4203D93B69DB6A164AF3
:10D1100013603B69DA6A13469B0013449B00134A71
:10D120001A443B69043319461046FEF7BCFC05E07F
:10D130003B69183319460E48FEF7B5FC3B69DA6ABD
:10D140000C4B1B68DB6A9A4205D901237B610A4BB1
:10D1500001221A6001E000237B617B6918461837C1
:10D16000BD4680BD68E1002448E1002470DC002455
:10D1700000E100246CDC002454E1002480B584B07C
:10D1800000AF78607B68002B0BD14FF0500383F326
:10D190001188BFF36F8FBFF34F8FFB6000BF00BFDD
:10D1A000FDE700F0E1FE074B1A687B681A60064B4A
:10D1B0001A687B685A6000F009FF00BF1037BD464F
:10D1C00080BD00BF58E1002444E1002480B483B056
:10D1D00000AF7860064B1A687B681A60054B1A68C6
:10D1E0007B685A6000BF0C37BD465DF8047B704712
:10D1F00058E1002444E1002480B588B000AF786095
:10D2000039607B68002B0BD14FF0500383F31188FA
:10D21000BFF36F8FBFF34F8F3B6100BF00BFFDE7D0
:10D220003B68002B0BD14FF0500383F31188BFF301
:10D230006F8FBFF34F8FFB6000BF00BFFDE700F0B3
:10D2400093FE1D4B1B68BB617B685B68BA69D31A90
:10D250007B613B681B68B3F1FF3F02D10023FB6198
:10D2600023E07B681A68154B1B689A4207D07B68DD
:10D270005B68BA699A4202D30123FB6115E03B68FF
:10D280001B687A699A420BD23B681A687B69D21A8A
:10D290003B681A607868FFF799FF0023FB6104E0A0
:10D2A0003B6800221A600123FB6100F08FFEFB69DE
:10D2B00018462037BD4680BD44E1002458E10024D3
:10D2C00080B400AF034B01221A6000BFBD465DF879
:10D2D000047B704754E1002480B582B000AF7860D1
:10D2E00000F052F8064B1B68012BF9D9054B4FF0A3
:10D2F00080521A60BFF34F8FBFF36F8FF0E700BF0C
:10D3000070DC002404ED00E080B582B000AF0023A3
:10D310007B600CE07A6813469B0013449B00124A22
:10D3200013441846FEF792FB7B6801337B607B68F1
:10D33000372BEFD90D48FEF789FB0D48FEF786FB2A
:10D340000C48FEF783FB0C48FEF780FB0B48FEF70A
:10D350007DFB0B4B054A1A600A4B054A1A6000BF59
:10D360000837BD4680BD00BF70DC0024D0E000243B
:10D37000E4E0002400E1002414E100242CE1002476
:10D38000F8E00024FCE0002480B582B000AF19E092
:10D3900000F0EAFD104BDB68DB687B607B680433E0
:10D3A0001846FEF7DDFB0D4B1B68013B0B4A136073
:10D3B0000B4B1B68013B0A4A136000F007FE7868BC
:10D3C00000F010F8064B1B68002BE1D100BF00BF36
:10D3D0000837BD4680BD00BF14E1002440E10024B1
:10D3E00028E1002480B584B000AF78607B685433B6
:10D3F00018460FF019FA7B6893F8A530002B08D176
:10D400007B681B6B184600F09FFF786800F09CFF5C
:10D4100019E07B6893F8A530012B03D1786800F000
:10D4200093FF10E07B6893F8A530022B0BD04FF0F0
:10D43000500383F31188BFF36F8FBFF34F8FFB60EF
:10D4400000BF00BFFDE700BF1037BD4680BD000034
:10D4500080B483B000AF0C4B1B681B68002B04D159
:10D460000A4B4FF0FF321A6008E0074B1B68DB687D
:10D47000DB687B607B685B68044A136000BF0C3725
:10D48000BD465DF8047B7047F8E0002460E10024AD
:10D4900080B483B000AF0B4B1B68002B02D101237B
:10D4A0007B6008E0084B1B68002B02D102237B60E5
:10D4B00001E000237B607B6818460C37BD465DF8B1
:10D4C000047B70474CE1002468E1002480B586B0FD
:10D4D00000AF78607B683B6100237B617B68002B39
:10D4E00058D02F4B1B683A699A420BD04FF050032B
:10D4F00083F31188BFF36F8FBFF34F8FFB6000BFC3
:10D5000000BFFDE73B691B6D002B0BD14FF05003B3
:10D5100083F31188BFF36F8FBFF34F8FBB6000BFE2
:10D5200000BFFDE73B691B6D5A1E3B691A653B69ED
:10D53000DA6A3B69DB6C9A422CD03B691B6D002B8D
:10D5400028D13B6904331846FEF70AFB3B69DA6CC5
:10D550003B69DA623B69DB6AC3F138023B699A6175
:10D560003B69DA6A0F4B1B689A4203D93B69DB6A55
:10D570000C4A13603B69DA6A13469B0013449B0014
:10D58000094A1A443B69043319461046FEF78BFAE0
:10D5900001237B617B6918461837BD4680BD00BFFB
:10D5A0006CDC002448E1002470DC002480B584B0E9
:10D5B00000AF78603960214B1B68FB60204B1B6813
:10D5C00004331846FEF7CCFA7B68B3F1FF3F0AD16B
:10D5D0003B68002B07D01A4B1B68043319461948C7
:10D5E000FEF761FA26E0FA687B681344BB60144BCF
:10D5F0001B68BA685A60BA68FB689A4209D2124B33
:10D600001A680F4B1B68043319461046FEF76FFA71
:10D6100010E00E4B1A680A4B1B680433194610467B
:10D62000FEF765FA0A4B1B68BA689A4202D2084AAA
:10D63000BB68136000BF1037BD4680BD44E10024C5
:10D640006CDC00242CE10024FCE00024F8E0002441
:10D6500060E1002480B58AB004AF00237B6100F054
:10D6600013FB1D4B1B68002B21D00023FB60002304
:10D67000BB603A1D07F1080107F10C031846FEF7DD
:10D68000CBF97968BB68FA68029201930223009390
:10D6900000230A4611491248FEF786FF0346114A45
:10D6A0001360104B1B68002B01D001237B617B6949
:10D6B000002B0BD14FF0500383F31188BFF36F8F12
:10D6C000BFF34F8F3B6100BF00BFFDE77B6918468A
:10D6D0001837BD4680BD00BF9CE1002418EB01084F
:10D6E00021D80008A0E1002480B58AB000AFF8601E
:10D6F000B9607A603B6000237B62FB68002B0BD132
:10D700004FF0500383F31188BFF36F8FBFF34F8F38
:10D710003B6200BF00BFFDE7194B1B68002B2AD0FE
:10D72000BB683B617B687B61FB68BB61BB68052BA9
:10D7300018DCFFF7ADFE0346022B09D1104B186829
:10D7400007F1100100233A6BFEF73EFB786212E00E
:10D750000B4B186807F1100100230022FEF734FB81
:10D76000786208E0064B186807F1100100233A6858
:10D77000FEF72CFC78627B6A18462837BD4680BDD0
:10D780009CE1002480B588B002AF78603960234BFB
:10D790001B68DB68DB687B617B6904331846FEF736
:10D7A000DFF97B6993F8283003F00403002B23D0C2
:10D7B0007B699A697B68D1187B683A68786900F060
:10D7C000D5F80346002B20D00023009300237A686D
:10D7D00000217869FFF788FF38613B69002B14D17D
:10D7E0004FF0500383F31188BFF36F8FBFF34F8F58
:10D7F000FB6000BF00BFFDE77B6993F8283023F092
:10D800000103DAB27B6983F828207B691B6A786997
:10D81000984700BF1837BD4680BD00BF94E1002483
:10D8200080B584B000AF786007F10803184600F0B7
:10D8300059F8F860BB681946F86800F005F800F080
:10D84000D7F800BFF0E7000080B584B000AF786083
:10D850003960FFF701FA07F10803184600F066F88F
:10D86000F860BB68002B30D13B68002B0AD17A6886
:10D87000FB689A4206D8FFF7FDF9F9687868FFF768
:10D8800081FF24E03B68002B08D0134B1B681B680A
:10D89000002B01D1012300E000233B600F4B1868EF
:10D8A0007A68FB68D31A3A681946FEF749FEFFF713
:10D8B000E1F90346002B0AD1094B4FF080521A6060
:10D8C000BFF34F8FBFF36F8F01E0FFF7D3F900BFB6
:10D8D0001037BD4680BD00BF98E100249CE10024C4
:10D8E00004ED00E080B485B000AF78600E4B1B689B
:10D8F0001B68002B01D1012200E000227B681A6026
:10D900007B681B68002B05D1074B1B68DB681B6815
:10D91000FB6001E00023FB60FB6818461437BD463E
:10D920005DF8047B704700BF94E1002480B584B0AB
:10D9300000AF7860FFF73CFAF8600B4B1B68FA68A1
:10D940009A4205D200F03AF97B6801221A6002E09F
:10D950007B6800221A60044AFB681360FB68184663
:10D960001037BD4680BD00BFA4E1002480B586B05D
:10D9700000AFF860B9607A603B6000237B61FB68B0
:10D98000BA685A60FB68FA681A61BA687B689A429A
:10D9900012D87A683B68D21AFB689B699A4202D314
:10D9A00001237B611BE0104B1A68FB6804331946A6
:10D9B0001046FEF79CF812E07A683B689A4206D25D
:10D9C000BA683B689A4202D301237B6107E0074BA8
:10D9D0001A68FB68043319461046FEF788F87B691D
:10D9E00018461837BD4680BD98E1002494E1002414
:10D9F00080B58EB002AFCEE07B68002B19DA3B1DFC
:10DA00000433FB62FB6A002B0BD14FF0500383F30E
:10DA10001188BFF36F8FBFF34F8FFB6100BF00BF53
:10DA2000FDE7FB6A1B68FA6A5068FA6A9268114659
:10DA300098477B68002BC0F2AE80FB68BB62BB6A74
:10DA40005B69002B04D0BB6A04331846FEF788F8E4
:10DA50003B461846FFF76AFF78627B68092B00F2A5
:10DA6000978001A252F823F091DA000891DA0008B9
:10DA700091DA000807DB00081BDB000867DB000801
:10DA800091DA000891DA000807DB00081BDB0008C8
:10DA9000BB6A93F8283043F00103DAB2BB6A83F81B
:10DAA0002820BA68BB6A9B69D118BB687A6AB86AD1
:10DAB000FFF75CFF0346002B6CD0BB6A1B6AB86A99
:10DAC0009847BB6A93F8283003F00403002B61D019
:10DAD000BA68BB6A9B691A440023009300230021A3
:10DAE000B86AFFF701FE38623B6A002B52D14FF053
:10DAF000500383F31188BFF36F8FBFF34F8FBB6168
:10DB000000BF00BFFDE7BB6A93F8283023F0010394
:10DB1000DAB2BB6A83F828203DE0BB6A93F828306C
:10DB200043F00103DAB2BB6A83F82820BA68BB6A03
:10DB30009A61BB6A9B69002B0BD14FF0500383F3B2
:10DB40001188BFF36F8FBFF34F8F7B6100BF00BFA2
:10DB5000FDE7BB6A9A697B6AD1187B6A7A6AB86A00
:10DB6000FFF704FF17E0BB6A93F8283003F00203C5
:10DB7000002B03D1B86A00F0E7FB0CE0BB6A93F816
:10DB8000283023F00103DAB2BB6A83F8282002E0D0
:10DB900000BF00E000BF084B1B68391D002218467B
:10DBA000FEF7B2FA0346002B7FF426AF00BF00BF9A
:10DBB0003037BD4680BD00BF9CE1002480B588B0F1
:10DBC00002AF49E02E4B1B68DB681B683B612C4BA6
:10DBD0001B68DB68DB68FB60FB6804331846FDF7F5
:10DBE000BFFFFB681B6AF8689847FB6893F828300A
:10DBF00003F00403002B2FD0FB689B693A691344A0
:10DC0000BB60BA683B699A420ED9FB68BA685A6031
:10DC1000FB68FA681A611A4B1A68FB6804331946E4
:10DC20001046FDF764FF17E00023009300233A69D4
:10DC30000021F868FFF758FD78607B68002B0BD156
:10DC40004FF0500383F31188BFF36F8FBFF34F8FF3
:10DC50003B6000BF00BFFDE7094B1B681B68002B42
:10DC6000B0D1074B1B687B61064B1B68044A1360ED
:10DC7000044A7B69136000BF1837BD4680BD00BFF2
:10DC800094E1002498E1002480B582B002AF00F056
:10DC90006BF9154B1B68002B20D11448FDF7D6FEFD
:10DCA0001348FDF7D3FE134B104A1A60124B104A6B
:10DCB0001A6000230093114B114A10210A20FDF72E
:10DCC000E3FF0346084A1360074B1B68002B05D08F
:10DCD000054B1B680B491846FEF708FC00F076F967
:10DCE00000BFBD4680BD00BF9CE100246CE1002464
:10DCF00080E1002494E1002498E1002448E200241B
:10DD0000A8E1002420EB010880B485B000AFF860E2
:10DD1000B9607A60FB68043BFB60FB684FF080727F
:10DD20001A60FB68043BFB60BB6823F00102FB68E0
:10DD30001A60FB68043BFB600C4AFB681A60FB68D6
:10DD4000143BFB607A68FB681A60FB68043BFB606D
:10DD5000FB686FF002021A60FB68203BFB60FB6807
:10DD600018461437BD465DF8047B704771DD000826
:10DD700080B485B000AF00237B60134B1B68B3F108
:10DD8000FF3F0BD04FF0500383F31188BFF36F8F29
:10DD9000BFF34F8FFB6000BF00BFFDE74FF05003A4
:10DDA00083F31188BFF36F8FBFF34F8FBB6000BF4A
:10DDB00000BF7B68002BFCD000BF00BF1437BD46FE
:10DDC0005DF8047B704700BF94020024000000004F
:10DDD000074B19680868B0E8F04F80F30988BFF373
:10DDE0006F8F4FF0000080F311887047AFF3008011
:10DDF0006CDC002400BF00BF08480068006880F3A6
:10DE000008884FF0000080F3148862B661B6BFF353
:10DE10004F8FBFF36F8F00DF00BF00BF08ED00E042
:10DE200080B586B000AF474B1B68474A93420BD181
:10DE30004FF0500383F31188BFF36F8FBFF34F8F01
:10DE40003B6100BF00BFFDE73E4B1B683F4A93426A
:10DE50000BD14FF0500383F31188BFF36F8FBFF3E3
:10DE60004F8FFB6000BF00BFFDE7394B7B617B69D3
:10DE70001B78DBB27B607B69FF221A707B691B78A1
:10DE8000DBB2FB70FB78DBB203F05003DAB2314B4C
:10DE90001A70314B07221A6009E02F4B1B68013BB7
:10DEA0002D4A1360FB78DBB25B00DBB2FB70FB78C2
:10DEB000DBB203F08003802BEFD0274B1B68C3F14C
:10DEC0000703042B0BD04FF0500383F31188BFF3EB
:10DED0006F8FBFF34F8FBB6000BF00BFFDE71E4BCE
:10DEE0001B681B021C4A13601B4B1B6803F4E06396
:10DEF000194A13607B68DAB27B691A70174B1B688A
:10DF0000164A43F470031360144B1B68134A43F022
:10DF10007043136000F0DAF8114B00221A6000F031
:10DF2000F9F8104B1B680F4A43F040431360FFF7AA
:10DF300063FFFFF707F8FFF71BFF002318461837AA
:10DF4000BD4680BD00ED00E071C20F4170C20F41BF
:10DF500000E400E098E200249CE2002420ED00E0D0
:10DF60009402002434EF00E080B483B000AF4FF09F
:10DF7000500383F31188BFF36F8FBFF34F8F7B6024
:10DF800000BF104B1B6801330E4A13600D4B1B681A
:10DF9000012B10D10C4B1B68DBB2002B0BD04FF0C8
:10DFA000500383F31188BFF36F8FBFF34F8F3B6034
:10DFB00000BF00BFFDE700BF0C37BD465DF8047B26
:10DFC000704700BF9402002404ED00E080B483B0E9
:10DFD00000AF124B1B68002B0BD14FF0500383F3A3
:10DFE0001188BFF36F8FBFF34F8F7B6000BF00BFFF
:10DFF000FDE70A4B1B68013B084A1360074B1B688F
:10E00000002B05D100233B603B6883F3118800BFE0
:10E0100000BF0C37BD465DF8047B704794020024B6
:10E02000EFF30980BFF36F8F154B1A681EF0100FC6
:10E0300008BF20ED108A20E9F04F10602DE909009B
:10E040004FF0500080F31188BFF34F8FBFF36F8FF5
:10E05000FEF778FF4FF0000080F3118809BC1968C3
:10E060000868B0E8F04F1EF0100F08BFB0EC108A3F
:10E0700080F30988BFF36F8F704700BFAFF3008054
:10E080006CDC002400BF00BF80B582B000AF4FF051
:10E09000500383F31188BFF36F8FBFF34F8F7B6003
:10E0A00000BFFEF795FE0346002B03D0064B4FF052
:10E0B00080521A6000233B603B6883F3118800BFE5
:10E0C00000BF0837BD4680BD04ED00E080B400AF5E
:10E0D0000B4B00221A600B4B00221A600A4B1B6884
:10E0E0000A4AA2FB03239B09094A013B1360044B24
:10E0F00007221A6000BFBD465DF8047B704700BF71
:10E1000010E000E018E000E014000024D34D62109D
:10E1100014E000E0DFF80C00016841F470010160D8
:10E12000704700BF88ED00E080B485B000AFEFF32A
:10E130000583FB60FB680F2B15D9184AFB68134455
:10E140001B78FB72164B1B78FA7A9A420BD24FF06F
:10E15000500383F31188BFF36F8FBFF34F8F7B6042
:10E1600000BF00BFFDE70F4B1B6803F4E0620E4BDE
:10E170001B689A420BD94FF0500383F31188BFF309
:10E180006F8FBFF34F8F3B6000BF00BFFDE700BF45
:10E190001437BD465DF8047B704700BFF0E300E034
:10E1A00098E200240CED00E09CE2002480B58AB0E7
:10E1B00000AF78600023FB61FEF74EFD5C4B1B68EF
:10E1C000002B01D100F024F95A4B1A687B681340E8
:10E1D000002B40F095807B68002B1ED008227B68C6
:10E1E00013447B607B6803F00703002B15D07B682A
:10E1F00023F0070308337B607B6803F00703002BE1
:10E200000BD04FF0500383F31188BFF36F8FBFF330
:10E210004F8F7B6100BF00BFFDE77B68002B6FD095
:10E22000454B1B687A689A426AD8444B3B62434B21
:10E230001B687B6204E07B6A3B627B6A1B687B62D3
:10E240007B6A5B687A689A4203D97B6A1B68002BF9
:10E25000F1D1374B1B687A6A9A4251D03B6A1B68EE
:10E2600008221344FB617B6A1A683B6A1A607B6A66
:10E270005A687B68D21A08235B009A4220D97A6ACE
:10E280007B681344BB61BB6903F00703002B0BD011
:10E290004FF0500383F31188BFF36F8FBFF34F8F9D
:10E2A0003B6100BF00BFFDE77B6A5A687B68D21AFA
:10E2B000BB695A607B6A7A685A60B86900F00AF9EB
:10E2C0001D4B1A687B6A5B68D31A1B4A13601A4B92
:10E2D0001A681B4B1B689A4203D2174B1B68184ADB
:10E2E00013607B6A5A68134B1B681A437B6A5A6037
:10E2F0007B6A00221A60134B1B680133114A1360BA
:10E30000FEF7B8FCFB6903F00703002B0BD04FF0BE
:10E31000500383F31188BFF36F8FBFF34F8FFB6000
:10E3200000BF00BFFDE7FB6918462837BD4680BD2A
:10E33000F8A501240CA60124FCA50124F0A50124C4
:10E3400000A6012404A6012480B586B000AF786041
:10E350007B687B617B68002B4FD008235B427A6926
:10E3600013447B617B693B613B695A68254B1B68A1
:10E370001340002B0BD14FF0500383F31188BFF3F0
:10E380006F8FBFF34F8FFB6000BF00BFFDE73B699E
:10E390001B68002B0BD04FF0500383F31188BFF3A1
:10E3A0006F8FBFF34F8FBB6000BF00BFFDE73B69BE
:10E3B0005A68144B1B681340002B1ED03B691B6826
:10E3C000002B1AD13B695A680E4B1B68DB431A407D
:10E3D0003B695A60FEF740FC3B695A680A4B1B6870
:10E3E0001344094A1360386900F074F8074B1B683E
:10E3F0000133064A1360FEF73DFC00BF1837BD46E7
:10E4000080BD00BF0CA60124FCA5012408A60124A0
:10E4100080B485B000AF4CF25033BB60274BFB603B
:10E42000FB6803F00703002B0CD0FB680733FB608D
:10E43000FB6823F00703FB60BA68FB68D31A1F4A26
:10E440001344BB60FB687B601D4A7B6813601C4BF8
:10E4500000225A607B68BA681344FB600822FB689C
:10E460009B1AFB60FB6823F00703FB60FB68154AFF
:10E470001360144B1B6800225A60124B1B68002269
:10E480001A607B683B603B68FA68D21A3B685A6046
:10E490000C4B1A683B681A603B685B680A4A136059
:10E4A0003B685B68094A1360094B4FF000421A60F1
:10E4B00000BF1437BD465DF8047B7047A0E200241E
:10E4C000F0A50124F8A5012400A60124FCA501243F
:10E4D0000CA6012480B485B000AF7860284BFB60A7
:10E4E00002E0FB681B68FB60FB681B687A689A4265
:10E4F000F7D8FB68BB60FB685B68BA6813447A684E
:10E500009A4208D1FB685A687B685B681A44FB68CA
:10E510005A60FB687B607B68BB607B685B68BA683D
:10E520001A44FB681B689A4218D1FB681A68154B9D
:10E530001B689A420DD07B685A68FB681B685B6851
:10E540001A447B685A60FB681B681A687B681A600B
:10E5500008E00C4B1A687B681A6003E0FB681A68D5
:10E560007B681A60FA687B689A4202D0FB687A6816
:10E570001A6000BF1437BD465DF8047B704700BFCA
:10E58000F0A50124F8A50124044B1A680AB1034838
:10E590007047034A014812681A607047A0020024BD
:10E5A00024030024024A034B12681A60704700BF1C
:10E5B00024030024A0020024044B1A680AB1034873
:10E5C0007047034A014812681A607047B402002479
:10E5D00024030024024A034B12681A60704700BFEC
:10E5E00024030024B402002470B50221044601F083
:10E5F00013F902216518C4F102040544284601F00C
:10E600000BF9022146182E44304601F005F902218B
:10E6100045182E44304601F0FFF802210844064414
:10E62000304601F0F9F8022145183544284601F03A
:10E63000F3F8022108440544284601F0EDF820448F
:10E64000284470BD10B10846FFF7CEBF704700BF29
:10E6500010B10020FFF7C8BF704700BF38B50C46A7
:10E66000F9B1054600F0E4FEA11C284600F0E0FEEA
:10E67000211D284600F0DCFEA11D284600F0D8FE32
:10E6800004F10801284600F0D3FE04F10A012846EF
:10E6900000F0CEFE04F10C012846BDE8384000F041
:10E6A000C7BE084638BD00BF38B338B50D4604466E
:10E6B000B0F90010284600F03BFEB4F902102846DD
:10E6C00000F036FEB4F90410284600F031FEB4F92B
:10E6D0000610284600F02CFEB4F90810284600F079
:10E6E00027FEB4F90A10284600F022FEB4F90C10F7
:10E6F0002846BDE8384000F01BBE704770B50C4698
:10E7000001230221A51C03702046C4F1020401F07C
:10E7100083F805440221284601F07EF802214618BC
:10E720002E44304601F078F8022145182E44304638
:10E7300001F072F8022108440644304601F06CF8FA
:10E74000022145183544284601F066F802210844A4
:10E750000544284601F060F82044284470BD00BFFD
:10E7600000B583B000210DF10700FFF7C7FF03B02C
:10E770005DF804FB00487047C0020024B0B138B512
:10E780000D460121284601F047F86B1C0221C5F116
:10E7900002051C18204601F03FF8022108440444F9
:10E7A000204601F039F82844204438BD704700BFA6
:10E7B00038B50C4661B1054600F094F8A11C284616
:10E7C00000F036FE211D2846BDE8384000F030BE7E
:10E7D000084638BD90B138B50D4604460178284644
:10E7E00000F06AF8B4F90210284600F0A1FDB4F96F
:10E7F00004102846BDE8384000F09ABD704700BFBD
:10E8000090B10121002010B501F006F8441C02214E
:10E81000204601F001F8022108440444204600F09B
:10E82000FBFF0230204410BD704700BF38B5012106
:10E83000002000F0F1FF451C0221284600F0ECFF0B
:10E84000022144182C44204600F0E6FF0230204408
:10E8500038BD00BF00487047E802002438B50D46B7
:10E860000121044600F08CFF48B1A36801211D700E
:10E87000A26823690A4461750B44A2602361A07DEC
:10E8800080F0010038BD00BF38B50D4601210446B7
:10E8900000F076FF60B1A2680121236912F8010B34
:10E8A0000B44003818BF01202870A26023616175F5
:10E8B000A07D80F0010038BD38B50D460121044629
:10E8C00000F05EFF48B1A36801211D70A2682369B2
:10E8D0000A4461750B44A2602361A07D80F00100B1
:10E8E00038BD00BF38B50D460121044600F048FF91
:10E8F00050B1A36801211B782B70A26823690A44D8
:10E9000061750B44A2602361A07D80F0010038BDD9
:10E910002DE9F0410B4682B004460221ADF80630E5
:10E9200000F082FF01462046677D00F0C5FF02210E
:10E93000204600F019FF78BBD4E90135AB4226D957
:10E940005E1BA36023692046C6F10208334441469A
:10E95000236100F015FF00283BD0237D012B4AD016
:10E960009DF807302B70002E40D09DF806306B705C
:10E9700023690221A2680233A07D424461759E1B77
:10E9800080F00100A260266102B0BDE8F0810221A2
:10E99000204600F0F5FE90B1237D012BA36814D032
:10E9A0009DF807109DF806201970A3685A7002217F
:10E9B000A26823690A4461750B44A2602361A07DAB
:10E9C00080F0010002B0BDE8F081BDF806201A8099
:10E9D000EDE7A2682369A07D921B9B1B677580F001
:10E9E0000100A260236102B0BDE8F081A3689DF838
:10E9F00006201A70BCE728460DF106053246294666
:10EA00000DF0E3FF4246A919A0680DF0DEFFAFE765
:10EA10002DE9F043044683B00D460221ADF80620EF
:10EA200000F002FF0146204694F8158000F044FFF4
:10EA30000221204600F098FE70BBD4E90167BE4277
:10EA400025D923692046A660F61B3344C6F1020986
:10EA50002361494600F094FE002839D0012D4AD0A8
:10EA60009DF807303B70002E40D09DF806307B703B
:10EA700023690221A268A07D02334A4461759B1B71
:10EA800080F00100A260236103B0BDE8F0830221A1
:10EA9000204600F075FE88B1012DA36814D09DF8C2
:10EAA00007109DF806201970A3685A700221A26809
:10EAB00023690A4461750B44A2602361A07D80F044
:10EAC000010003B0BDE8F083BDF806201A80EDE731
:10EAD000A2682369A07D921B9B1B84F8158080F09F
:10EAE0000100A260236103B0BDE8F083A3689DF834
:10EAF00006201A70BCE70DF1060532463846294655
:10EB00000DF063FF4A46A919A0680DF05EFFAFE75C
:10EB10002DE9F84304460D46022100F085FE01462A
:10EB2000204694F8158000F0C7FE0221204600F030
:10EB30001BFE60BBD4E90167BE4223D9236920468E
:10EB4000A660F61B3344C6F102092361494600F072
:10EB500017FE002834D0237D012B42D07B782B7008
:10EB6000002E3AD03B786B7023690221A2680233F1
:10EB7000A07D4A4461759B1B80F00100A260236167
:10EB8000BDE8F8830221204600F0FAFD80B1237D24
:10EB9000012BA36811D05B782B70A3681B786B7076
:10EBA0000221A26823690A4461750B44A2602361B3
:10EBB000A07D80F00100BDE8F8831B882B80EFE783
:10EBC000A2682369921BA07D9B1B84F8158080F0AE
:10EBD0000100A2602361BDE8F883A3681B786B7015
:10EBE000C2E73946324628460DF0EFFE4A46A819DC
:10EBF000A1680DF0EAFEB7E72DE9F04704460E469E
:10EC00000221154600F010FE0146204694F81580BA
:10EC100000F052FE0221204600F0A6FD70BBD4E9B0
:10EC200001794F4525D923692046A760A7EB09073D
:10EC30003B44C7F1020A2361514600F0A1FD0028C0
:10EC400034D0012E43D099F801302B70002F3AD0E8
:10EC500099F800306B7023690221A2680233A07D0D
:10EC600052446175DB1B80F00100A2602361BDE8A6
:10EC7000F0870221204600F083FD78B1012EA368C1
:10EC800011D05B782B70A3681B786B700221A2688F
:10EC900023690A4461750B44A2602361A07D80F062
:10ECA0000100BDE8F0871B882B80EFE7A26823698D
:10ECB000D21BA07DDB1B84F8158080F00100A260D0
:10ECC0002361BDE8F087A3681B786B70C3E74946F2
:10ECD0003A4628460DF079FE5246E819A1680DF033
:10ECE00074FEB8E72DE9F04182B004460191042199
:10ECF00000F09AFD01462046677D00F0DDFD04210D
:10ED0000204600F031FD002839D1D4E90135AB426D
:10ED100030D95E1BA36023692046C6F10408334442
:10ED20004146236100F02CFD00284CD0237D012BAF
:10ED300063D09DF807302B70002E51D09DF806301F
:10ED4000012E6B7050D09DF80530022EAB704FD065
:10ED50009DF80430EB7023690421A2680433A07D80
:10ED6000424461759E1B80F00100A260266102B0E2
:10ED7000BDE8F0810421204600F002FDD0B1237DE2
:10ED8000012BA3681CD09DF807009DF806209DF874
:10ED900005101870A3685A70A3689DF80420997034
:10EDA000A368DA700421A26823690A4461750B44E0
:10EDB000A2602361A07D80F0010002B0BDE8F08177
:10EDC000019A1A60EEE7A2682369A07D921B9B1B43
:10EDD000677580F00100A260236102B0BDE8F08198
:10EDE000A3689DF806201A70A3689DF805201A7084
:10EDF000A3689DF804201A70ADE7284601AD32469D
:10EE000029460DF0E2FD4246A919A0680DF0DDFD8E
:10EE1000A1E700BF2DE9F043044683B00D4604216D
:10EE2000019200F001FD0146204694F8158000F0A3
:10EE300043FD0421204600F097FC002838D1D4E996
:10EE40000176B7422FD923692046A760BF1B3B44F8
:10EE5000C7F104092361494600F092FC00284AD01A
:10EE6000012D63D09DF807303370002F51D09DF8ED
:10EE70000630012F737050D09DF80530022FB3700B
:10EE80004FD09DF80430F37023690421A268A07D5F
:10EE900004334A446175DB1B80F00100A2602361EA
:10EEA00003B0BDE8F0830421204600F069FCC8B13E
:10EEB000012DA3681CD09DF807009DF806209DF841
:10EEC00005101870A3685A70A3689DF80420997003
:10EED000A368DA700421A26823690A4461750B44AF
:10EEE000A2602361A07D80F0010003B0BDE8F08343
:10EEF000019A1A60EEE7A2682369A07DD21BDB1B92
:10EF000084F8158080F00100A260236103B0BDE8A1
:10EF1000F083A3689DF806201A70A3689DF8052069
:10EF20001A70A3689DF804201A70ADE701AD3A4647
:10EF3000304629460DF049FD4A46E919A0680DF012
:10EF400044FDA1E72DE9F84304460D46042100F0F5
:10EF50006BFC0146204694F8158000F0ADFC0421BE
:10EF6000204600F001FC002838D1D4E90176B742F0
:10EF70002FD923692046A760BF1B3B44C7F1040972
:10EF80002361494600F0FCFB002846D0237D012B7D
:10EF90005CD0F3782B70002F4CD0B378012F6B70BE
:10EFA00005F102034AD07378022FAB7005F1030319
:10EFB00048D03378EB7023690421A2680433A07D24
:10EFC0004A446175DB1B80F00100A2602361BDE84B
:10EFD000F8830421204600F0D3FBB0B1237D012B40
:10EFE000A36817D0DB782B70A3689B786B70A3683D
:10EFF0005B78AB70A3681B78EB700421A26823696F
:10F000000A4461750B44A2602361A07D80F0010079
:10F01000BDE8F8831B682B60EFE7A2682369D21B69
:10F02000A07DDB1B84F8158080F00100A2602361C5
:10F03000BDE8F883A3689B786B70AB1CA26852781C
:10F0400003F8012BA26812781A70B4E731463A46E9
:10F0500028460DF0BAFC4A46E819A1680DF0B5FC47
:10F06000A9E700BF2DE9F04704460E4604211546E6
:10F0700000F0DAFB0146204694F8158000F01CFCF5
:10F080000421204600F070FB00283CD1D4E9013770
:10F09000BB4233D9A3EB0709A36023692046C9F11A
:10F0A000040A4B445146236100F06AFB002848D013
:10F0B000012E61D0FB782B70B9F1000F50D0BB78D6
:10F0C000B9F1010F6B7005F102034DD07B78B9F1F6
:10F0D000020FAB7005F103034AD03B78EB70236954
:10F0E0000421A2680433A07D52446175A3EB090397
:10F0F00080F00100A2602361BDE8F0870421204672
:10F1000000F03EFBA8B1012EA36817D0DB782B706E
:10F11000A3689B786B70A3685B78AB70A3681B785F
:10F12000EB700421A26823690A4461750B44A26054
:10F130002361A07D80F00100BDE8F0871B682B6093
:10F14000EFE7A2682369A2EB0902A07DA3EB090304
:10F1500084F8158080F00100A2602361BDE8F0878B
:10F16000A3689B786B70AB1CA268527803F8012BE4
:10F17000A26812781A70B2E739464A4628460DF05E
:10F1800024FC524605EB0900A1680DF01EFCA6E721
:10F190002DE9F041044682B00821CDE9002300F0BA
:10F1A00043FB01462046677D00F086FB0821204690
:10F1B00000F0DAFA00284ED1D4E90135AB4245D946
:10F1C0005E1BA36023692046C6F10808334441460C
:10F1D000236100F0D5FA002874D0237D012B00F0C4
:10F1E0009B809DF807302B70002E78D09DF806305C
:10F1F000012E6B7077D09DF80530022EAB7076D063
:10F200009DF80430032EEB7075D09DF80330042E6A
:10F210002B7174D09DF80230052E6B7173D09DF860
:10F220000130062EAB7172D09DF80030EB7123696E
:10F230000821A2680833A07D424461759E1B80F0BE
:10F240000100A260266102B0BDE8F08108212046DD
:10F2500000F096FA50B3237D012B2DD0A3689DF8C2
:10F2600007009DF806209DF805101870A3685A70D5
:10F27000A3689DF804209DF803009970A368DA70D4
:10F28000A3689DF802209DF801101871A3685A71B7
:10F29000A3689DF800209971A368DA710821A2681B
:10F2A00023690A4461750B44A2602361A07D80F04C
:10F2B000010002B0BDE8F0816B46A26803CB10608C
:10F2C0005160EBE7A2682369A07D921B9B1B6775C9
:10F2D00080F00100A260236102B0BDE8F081A36864
:10F2E0009DF806201A70A3689DF805201A70A3687F
:10F2F0009DF804201A70A3689DF803201A70A36873
:10F300009DF802201A70A3689DF801201A70A36866
:10F310009DF800201A708AE728466D463246294635
:10F320000DF053FB4246A919A0680DF04EFB7EE795
:10F330002DE9F0410B4682B004460221ADF80630BB
:10F3400000F072FA01462046677D00F0B5FA02210E
:10F35000204600F009FA78BBD4E90135AB4226D942
:10F360005E1BA36023692046C6F102083344414670
:10F37000236100F005FA00283BD0237D012B4AD001
:10F380009DF807302B70002E40D09DF806306B7032
:10F3900023690221A2680233A07D424461759E1B4D
:10F3A00080F00100A260266102B0BDE8F081022178
:10F3B000204600F0E5F990B1237D012BA36814D01D
:10F3C0009DF807109DF806201970A3685A70022155
:10F3D000A26823690A4461750B44A2602361A07D81
:10F3E00080F0010002B0BDE8F081BDF806201A806F
:10F3F000EDE7A2682369A07D921B9B1B677580F0D7
:10F400000100A260236102B0BDE8F081A3689DF80D
:10F4100006201A70BCE728460DF10605324629463B
:10F420000DF0D3FA4246A919A0680DF0CEFAAFE765
:10F430002DE9F84304460D46022100F0F5F9014696
:10F44000204694F8158000F037FA0221204600F09B
:10F450008BF960BBD4E90167BE4223D923692046FA
:10F46000A660F61B3344C6F102092361494600F049
:10F4700087F9002834D0237D012B42D07B782B7074
:10F48000002E3AD03B786B7023690221A2680233C8
:10F49000A07D4A4461759B1B80F00100A26023613E
:10F4A000BDE8F8830221204600F06AF980B1237D8F
:10F4B000012BA36811D05B782B70A3681B786B704D
:10F4C0000221A26823690A4461750B44A26023618A
:10F4D000A07D80F00100BDE8F8831B882B80EFE75A
:10F4E000A2682369921BA07D9B1B84F8158080F085
:10F4F0000100A2602361BDE8F883A3681B786B70EC
:10F50000C2E73946324628460DF05FFA4A46A81946
:10F51000A1680DF05AFAB7E72DE9F04182B0044630
:10F520000191042100F080F901462046677D00F03A
:10F53000C3F90421204600F017F9002839D1D4E995
:10F540000135AB4230D95E1BA36023692046C6F16A
:10F55000040833444146236100F012F900284CD0DE
:10F56000237D012B63D09DF807302B70002E51D0E6
:10F570009DF80630012E6B7050D09DF80530022E9C
:10F58000AB704FD09DF80430EB7023690421A26862
:10F590000433A07D424461759E1B80F00100A2608F
:10F5A000266102B0BDE8F0810421204600F0E8F8B1
:10F5B000D0B1237D012BA3681CD09DF807009DF8D6
:10F5C00006209DF805101870A3685A70A3689DF86E
:10F5D00004209970A368DA700421A26823690A44A0
:10F5E00061750B44A2602361A07D80F0010002B030
:10F5F000BDE8F081019A1A60EEE7A2682369A07D58
:10F60000921B9B1B677580F00100A260236102B012
:10F61000BDE8F081A3689DF806201A70A3689DF8E4
:10F6200005201A70A3689DF804201A70ADE72846DB
:10F6300001AD324629460DF0C8F94246A919A06825
:10F640000DF0C3F9A1E700BF2DE9F84304460D46CC
:10F65000042100F0E9F80146204694F8158000F0F6
:10F660002BF90421204600F07FF8002838D1D4E996
:10F670000176B7422FD923692046A760BF1B3B44C0
:10F68000C7F104092361494600F07AF8002846D002
:10F69000237D012B5CD0F3782B70002F4CD0B378F6
:10F6A000012F6B7005F102034AD07378022FAB7003
:10F6B00005F1030348D03378EB7023690421A26875
:10F6C0000433A07D4A446175DB1B80F00100A26019
:10F6D0002361BDE8F8830421204600F051F8B0B161
:10F6E000237D012BA36817D0DB782B70A3689B7850
:10F6F0006B70A3685B78AB70A3681B78EB70042118
:10F70000A26823690A4461750B44A2602361A07D4D
:10F7100080F00100BDE8F8831B682B60EFE7A2686A
:10F720002369D21BA07DDB1B84F8158080F00100CB
:10F73000A2602361BDE8F883A3689B786B70AB1C63
:10F74000A268527803F8012BA26812781A70B4E705
:10F7500031463A4628460DF038F94A46E819A1687C
:10F760000DF033F9A9E700BF837D3BB9D0E9010370
:10F770001944884234BF00200120704700207047A0
:10F78000837D43B9D0E9012110B59142044605D2E9
:10F790000123184610BD00231846704782693AB10C
:10F7A000C169904780F00103A075DBB2184610BD17
:10F7B0000120A075FAE700BFC0E90612704700BF3C
:10F7C00010B4019C0A44016042600A191C44826022
:10F7D0000022C0E903349DF8083042755DF8044BFF
:10F7E00082750375C0E90622704700BF10B582B06C
:10F7F000049C009401240194FFF7E2FF02B010BDC5
:10F8000010B5002482B00094FFF7F0FF02B010BDE5
:10F810000023FFF7F5BF00BFB0FBF1F202FB1100C0
:10F820004B1E081A18407047437D8B4209D203696A
:10F830004A1EB3FBF1F001FB1030091A01EA020085
:10F8400070470020704700BF38B504460D46FFF7EB
:10F85000EBFFA36865751A1823691844636893421F
:10F86000206128BF1346A36038BD00BF82680068CE
:10F87000101A7047D0E90120101A704738B5837DFF
:10F88000A3B904460D46D0E901329A4200D331B9FA
:10F890002046FFF7EFFFA84228BF284638BD8369FE
:10F8A00033B1C1699847A0750028F1D0002038BD58
:10F8B00001238375FAE700BF38B504460D46FFF70C
:10F8C00053FF78B12369A2682B442A4423610123A2
:10F8D000A260637538BDA2682D1A236902441844DA
:10F8E000A2602061294601222046FFF7C7FF0028B9
:10F8F000F1D10123637538BD002846D0034630B5E9
:10F90000027885B00A2A42D8DFE802F012121814F1
:10F91000140606061A2E16000A6A596B002052F8C1
:10F920002120121A18BF012283F8392005B030BDFA
:10F930000A68F2E78A69F0E78A68EEE70A69ECE7A5
:10F940005C68084604F1430204F1440304F14205F3
:10F9500004F11001CDE90132009504F1410304F1F5
:10F96000400209F0B7FDE1E75C68084604F12202B5
:10F9700004F1230104F12103CDE9002104F1200267
:10F9800004F1100109F0C0FFD0E70B2070470120FF
:10F99000CCE700BFF0B59BB0002800F0888003786A
:10F9A00004460A2B00F26781DFE803F02D2D154491
:10F9B000441919195A061500406890F82030002B98
:10F9C00040F0B28090F82230002B40F0E48090F8B4
:10F9D0002130002B6FD1002528461BB0F0BD426BB3
:10F9E0000B6A53F82230002BF5D0826800F1100129
:10F9F000406801F06FFE05460028ECD040F2592324
:10FA0000984213D029E0426B0B6853F82230002B48
:10FA1000E1D000230AAAD0E9010101F09FFF0546C9
:10FA20000028D9D040F29113984216D1002384F8CF
:10FA30003930D1E7426B8B6953F82230002BCAD0A2
:10FA4000826800F11001406800F0FEFD05460028C4
:10FA5000C1D040F2F5139842BED003F001F9BBE7E4
:10FA6000406890F84230002B7DD1C3691BB190F8FB
:10FA70004030002B44D190F84430002B40F0AC8053
:10FA800090F84330002BA6D0C26A0AA9103009F0C2
:10FA9000F9FB05460028E0D16068DDE90E230AF095
:10FAA00063F8002898D0012380F8233094E70B25D1
:10FAB00028461BB0F0BD04AE10300AAA314609F04A
:10FAC00057FE05460028C8D10AA960680AF00CF85C
:10FAD0000746002800F0BB80012190F9080009F0DA
:10FAE0008DFF0328844640F0A78007F158040FCE0D
:10FAF0000FC496E8030084E8030087F808C06BE7AA
:10FB0000816A103009F03EFC05460028A5D16068E6
:10FB1000816A09F0E9FF0346002800F0A380012272
:10FB2000606883F82220A6E709F0B8FF06466068FF
:10FB3000002E3FF447AF706006F12801F2691030E3
:10FB400009F05EFD0546002840F08E80F7690FCF72
:10FB50003572C6F80900C6F80D106068C6F81120A5
:10FB6000C6F815302EE704AA0AA9103009F012FBD6
:10FB7000054600287FF471AF6068DDE90E2309F0C7
:10FB8000E1FF30B19DF81030012280F8213080F87B
:10FB90002020606869E7103004AA0AA909F0A8FDCE
:10FBA000054600287FF459AF04A9606809F09CFF5E
:10FBB000074660B10AAD00F140064FF0020C0FCDD0
:10FBC0000FC695E8030086E8030087F808C0606860
:10FBD000002380F82230FAE600F130020AA9103042
:10FBE00009F090FB054600287FF437AF6068DDE937
:10FBF0000E2309F0CBFF06466068002E3FF440AFAD
:10FC00000127836BB784002B3FF43AAF436B05EBBE
:10FC1000450103EBC10109F067FF38B160680135A8
:10FC200086F82570836BAB42F0D829E76068013510
:10FC3000836BAB42EAD823E706AB0FCB8DE80F000E
:10FC40000321606896E80C000AF016F8C4E606ABDB
:10FC50000FCB8DE80F000221606896E80C000AF0D7
:10FC60000BF8B9E6606806E73146606809F026FFE0
:10FC700002F0F6FFB0E60125AEE600BFF0B503786E
:10FC800085B004460A2B00F23981DFE803F06842B0
:10FC90004D5BA70606061D726200062B00F026814A
:10FCA000072B036B40F01C8104F11005D0E90A1208
:10FCB00080689847A26A2946606801F04BFD0446B7
:10FCC00078B302F0CDFF2CE0406890F84230002B72
:10FCD00000F08E800026012704E009F0B9FE98B9F3
:10FCE0002F72606809F064FF054600287FD06368C2
:10FCF000E26A9B6995F8211085F82060984795F88D
:10FD000021302846002BE8D16068294609F0D6FE4C
:10FD1000E7E790F83900D4E90B1300B1A06800249C
:10FD20009847204605B0F0BD406801F02BFF40F237
:10FD300021330446984201D00028C2D10024204635
:10FD400005B0F0BD0024036B80689847204605B0DD
:10FD5000F0BD0024036B9847204605B0F0BD90F835
:10FD60003900236B00B1A06800249847204605B0F5
:10FD7000F0BD406890F824303BBB90F82030002B59
:10FD80007DD040F63406012707E0284609F028FF19
:10FD90002946606809F092FE6068002109F0BAFE09
:10FDA0000546002868D06368E16A9B699847B042BD
:10FDB0004FF00001E9D10121284609F011FF2F720F
:10FDC000EAE7486809F07AFE606809F0AFFE01468C
:10FDD0000028F6D1606880F82410CEE70024036B79
:10FDE00000F1100180689847204605B0F0BD6068BA
:10FDF00090F840308BB1C5682DB3002695F82230BD
:10FE000043B1C36985F8226023B1816A2846E26A5A
:10FE1000984760682D68002DF0D190F8443093B178
:10FE2000C56885B1002695F824304BB1436A85F842
:10FE300024602BB1284695F82510E26A984760683F
:10FE40002D68002DEFD190F84330002B3FF476AFB2
:10FE500000270BE06368E26AD96A1E6A85F823709E
:10FE6000B0476068294609F029FE606809F0ACFED9
:10FE700005460028EED161E7606880F8205090F8D0
:10FE80002130002B3FF45AAFC568B5B1022601E01E
:10FE90002D6895B195F90830032BF9D1C36928462F
:10FEA000E16A9847034605F16002284685F8253047
:10FEB00043B109F0B5FE6068EAE700231C4680F80C
:10FEC00021302EE70FCA05F158078DE80F000121F8
:10FED0006068D7E9002309F0CFFE2E726068D7E78B
:10FEE000816A04F1100580689847E3E600F1100587
:10FEF000036B826A294680689847DBE6012410E795
:10FF000000283DD000293CD0034690F8380000225C
:10FF1000002835D030B493F800C0BCF1080F1DD1D3
:10FF20005C68256C35F07F4505D194F8440010B924
:10FF300094F8430028B130BC704793F8390000288A
:10FF4000F9D101324033914217D093F8380000289C
:10FF5000F1D093F800C0BCF1080FE1D0BCF1090F5B
:10FF6000EBD15C68256A002DE5D194F824000028C7
:10FF7000E1D1013240339142E7D1002030BC7047DB
:10FF800070470846704700BF10B5044688220249F2
:10FF90000CF01BFD204610BD30EE010800000000F3
:10FFA00000296AD02DE9F0410546B0B000285CD0A8
:10FFB0001646184688461F4602F070FD002E54D0A3
:10FFC00080F0010414F0FF044FD1882230490EA8BC
:10FFD0000CF0FBFC0EA9882228460CF0F6FC6846C3
:10FFE000C5F80080AE6001F043FFEC4605F1140E49
:10FFF000D7F80080BCE80F00AEE80F00BCE80F00A7
:020000040801F1
:10000000AEE80F00BCE80F009FED1F7BAEE80F00CD
:10001000DCF80030B0013969CEF800302F6185ED91
:100020001A7BC047686008B929E0686800EB841053
:100030000134314600F07CFAA642F6D805F14800BA
:1000400000F06AFA134A00236868C5E91E2368B104
:10005000AB6873B12A69B2FA82F35B094AB11846F8
:1000600085F8803030B0BDE8F0810B2030B0BDE8BD
:10007000F081002030B0BDE8F0810B2070470A20ED
:10008000F4E700BFAFF3008000CA9A3B0000000015
:1000900030EE010801FF0008002B18BF002A70B5E0
:1000A00004460CBF012000209DF810C0002908BFA5
:1000B00040F0010028BBB4FA84F56D090CB3D4E913
:1000C0000206864201D3012070BD60684FEA861E99
:1000D00000F80E5000EB8610013603630123C56261
:1000E00004F1140580F801C00387C0E90112284615
:1000F000E66001F0D1FE30B9A36C00200133A364A7
:1001000070BD0B2070BD284601F0CCFE0028F3D056
:1001100070BD00BF002844D0F0B500F114059BB0BD
:100120000446284601F0B8FE10B100201BB0F0BD17
:10013000284601F0B7FE002830D10CA804AE01F02B
:1001400097FE0DF1300CAE462769BCE80F00AEE813
:100150000F00BCE80F00AEE80F00BCE80F00AEE8EF
:100160000F00DCF80030CEF800300FCF0FC63B6830
:10017000284622683360636E616DCDE90232D4E9AE
:100180001332CDE90021226EA16C02F08BF9002818
:10019000CCD00B9002F064FD0B98C7E702F060FD35
:1001A000CBE70B20704700BF2DE9F84F054691467D
:1001B0009846FFF7AFFF05F11406304601F03EFF09
:1001C0000746002840F0A880AB680BB30446696876
:1001D000A20101EB841C9CF83830CBB18B5C0A2B5C
:1001E00000F2DE80DFE803F09D9DA98D8D060606F6
:1001F000CEC1B5000CF13402DCF80410304602F038
:100200006DFA002840F087800134AB689C42DED351
:1002100043464A46304602F08FFA95F88030002B6C
:1002200000F0C680012B40F0BB80AB68002B00F0D3
:100230005981002440F29119A0460AE0FFF75CFBC7
:10024000044610B1484540F0B180AB68984580F055
:1002500026816A68314602EB881008F1010890F89F
:1002600038C0BCF1000FE9D119461046D5E91E325D
:100270009847002800F09A80AB68002B00F0968029
:100280004FF0000840F2911909E0FFF783FB0446A4
:1002900010B1484540F08A80AB68984509D268683B
:1002A000314600EB881008F1010890F83820002A48
:1002B000EBD1002B7AD000260EE012F80C20082A91
:1002C00000F0FC80092A00F0EE8090F839208AB90D
:1002D00001369E4267D200246A684FEA861C02EB10
:1002E000861090F83810002960D041780029E4D0B9
:1002F0000129EDD1FFF7C2FC002840F0B580AB68C2
:10030000E6E70CF13402DCF80410304602F0BAF9EA
:1003100000283FF479AF074602F0A2FC3846BDE85A
:10032000F88F0CF13402DCF80410304601F05AFE6C
:1003300000283FF469AF0746EEE70CF13402DCF821
:100340000410304602F06EF900283FF45DAF074616
:10035000E2E70CF13402DCF80410304602F036F922
:1003600000283FF451AF0746D6E7DCF804100CF143
:1003700034023046103109F073FA00283FF444AFDC
:100380000746C9E7DCF8041000230CF134023046BC
:10039000103109F03BF800283FF436AF0746BBE7C1
:1003A000012702F05DFC3846BDE8F88F2746FAE7E2
:1003B000AB68002B00F09380002440F29119A04616
:1003C00008E0FFF799FA044608B14845EED1AB685A
:1003D000984566D26A68314602EB881008F1010838
:1003E00090F838C0BCF1000FEBD119461046D5E9A2
:1003F0001E3298470028D9D0AB68002BD6D04FF0DA
:10040000000A40F2911840F259290EE013F80B301F
:10041000082B34D0092B29D090F8393003BB0AF1CE
:10042000010AAB689A45BED2002468684FEA8A1B6D
:1004300000EB8A1090F83830002BB7D03146FFF728
:10044000A9FA002818BF404501D048450CD16B6877
:1004500013EB0B0021D04278002AD7D0012ADED13D
:10046000FFF70CFC0028DAD007469CE743681A6ABD
:10047000002AF5D193F82430002BD0D0F0E7436860
:100480001A6C32F07F42EBD193F84420002AE7D176
:1004900093F84330002BC2D0E2E70B2783E76A686A
:1004A000E2E66A68A1E74268116A00297FF422AF98
:1004B00092F82420002A3FF40BAF1BE74268116C2E
:1004C00031F07F417FF416AF92F8441000297FF499
:1004D00011AF92F84320002A3FF4FAAE0AE76A68A7
:1004E0001C4682E76A681C46BEE600BF90B170B544
:1004F0000446006816461D4600F044F930B1324605
:100500002B462046BDE87040FFF74EBE02F0A8FB28
:10051000012070BD0B20704730B12022002108B5AA
:100520000CF030F9002008BD0B20704700000000DF
:10053000034678B100224FF00B0C41631046A3F83C
:1005400000C01A631A879FED047BC3E9012283ED83
:100550000A7B70470B20704700000000000000007D
:100560002DE9F04383B00A9F002B18BF002F27D03E
:10057000044628B3E9461D460E469046484600F01C
:10058000F7F82A46234699E8030084E80300414629
:10059000304600F0D1F9054660B93A4604F10C0145
:1005A0000320A76001F05AFA054618B9284603B09F
:1005B000BDE8F08302F054FB284603B0BDE8F083A9
:1005C0000B25284603B0BDE8F08300BF18B10068D2
:1005D00008B1D0F80801704770B582B0F8B1044690
:1005E0000068E0B1D0F80831CBB10E46E1B1154654
:1005F000D2B1052100F5887002F05EFA02460B4682
:100600003146C5E9002323682A46D3F8080103F0E0
:100610003DFC064660B10126304602B070BD4FF485
:10062000FA76304602B070BD0B26304602B070BD7F
:1006300020680521D5E9002300F58870009102F0BB
:10064000A7FA304602B070BD70B58E468CB00C462D
:1006500016460DF1180C0546BEE80F00ACE80F0079
:100660009EE803008CE803005DB32B684BB3D3F81E
:10067000080130B346B30023324602A98DF8073093
:100680000DF107039FED127B8DED027B8DED047B59
:1006900003F004FD0546C8B99DF8072040F2F513A4
:1006A000002A08BF1D460DF1180EA446BEE80F0033
:1006B000ACE80F009EE803008CE8030028460CB06D
:1006C00070BD4FF4FA75EEE70B25ECE70125EAE77C
:1006D000000000000000000030B1006820B1D0F838
:1006E0000801003818BF0120704700BF002B18BF59
:1006F000002A2DE9F04316460CBF01220022A1B0CA
:10070000002908BF42F0010222BB044610B30DF1DC
:1007100010081F460D460DF11809404600F042FB37
:1007200098E8030084E80300484600F0B5FC404622
:1007300000F038FBCDF800903B46324698E80300C5
:1007400084E803002946204600F036FB30B921B08A
:10075000BDE8F0830B2021B0BDE8F083039002F0E8
:100760007FFA02F07DFA039821B0BDE8F08300BF64
:10077000034A034692E8030083E8030018467047E3
:10078000B8EE010818B14068003818BF0120704762
:100790002DE9F8430646002300687360002849D01D
:1007A0004769D0F80480D0F8109037B1143000F0C9
:1007B00031FA0746002844D13068036B43B1283032
:1007C00003F06CF818B1002F3ED002F049FA3068FF
:1007D000036ADBB1D0E9062C012A7CF1000111DBB0
:1007E0000024254653F824004946B8B1C047336871
:1007F0000134D3E9062C45F100051B6A944275EBE0
:100800000C01EFDB18464946C04730684946C047EF
:1008100000233846C6E90033BDE8F883013445F1CA
:100820000005944275EB0C01DCDB18464946C047D5
:100830003068EBE7074600233846C6E90033BDE8D9
:10084000F88302F00DFAB7E709F036FA0746BCE77D
:10085000002B18BF002A2DE9F04116460CBF0122DB
:100860000022A0B0002908BF42F001021ABB0446D2
:1008700008B30DF110081F460D4600F013FD20606F
:10088000404600F0AFFD50220D4940460CF09DF867
:100890003B46324629462046CDF8008000F008FD50
:1008A00010B920B0BDE8F081039002F0D9F90398A7
:1008B00020B0BDE8F0810B2020B0BDE8F08100BF82
:1008C000C0EE0108002B18BF002A2DE9F0411646A2
:1008D0000CBF01220022A0B0002908BF42F0010293
:1008E0001ABB044608B30DF110081F460D4600F070
:1008F00053FF2060404601F003F850220D49404666
:100900000CF063F83B46324629462046CDF800807D
:1009100000F048FF10B920B0BDE8F081039002F06C
:100920009FF9039820B0BDE8F0810B2020B0BDE80E
:10093000F08100BF10EF01082DE9F047051E9EB0C1
:100940000E4690461F4640F39F80002900F09F808E
:10095000A1F1040E4FF0000C5EF8044F0CF1010CF5
:10096000002C00F094806545F6D1B8F1000F00F03E
:100970008E80D8F80040002C00F089800DF1640CC6
:100980000FCCACE80F00236819A8CCF8003002F0B7
:1009900085F880F00100C0B2002878D1002F76D011
:1009A0003B68002B78D178210120DDE91C32984783
:1009B00004463860002800F0B68002A802F070FCFF
:1009C00002A904F1280050220BF0FFFF19ACD7F860
:1009D00000E00FCCF446ACE80F0023680EF11401E0
:1009E0004046CCF8003000F03FF90446002844D1DE
:1009F000D7F800904FEAE578C9F82000C9F81850F8
:100A0000C9F81C80002D4ED0002E4CD00421284661
:100A1000DDE91C329847C9F82000D7F80090D9F8D2
:100A20002030CA4643B3012D78F100033BDB00249C
:100A3000043EA1460BE031680BF0C7FF013449F1D9
:100A40000009C84508BFA5422BD0D7F800A056F82A
:100A5000040FEFF785FC421C199B10461D99DAF82C
:100A600020A0019298473B684AF824001B6A019A2B
:100A700053F824000028DED10A243846FFF788FE08
:100A800020461EB0BDE8F08700293FF46EAF0B246E
:100A900020461EB0BDE8F087642420461EB0BDE8A5
:100AA000F087D7F8009026490B68013336D01A46F4
:100AB00000240B60D9F814007B60436A0133C0E95D
:100AC000062434D090F830303BB9303000F048F98B
:100AD00004460028D1D13B68586918AA17A9406B71
:100AE00001F0B4F904460028C7D1179BEBB9396867
:100AF0004B6903F12802586B00F094FD044600286E
:100B0000BBD1396848692831183002F091FD04469C
:100B10000028BDD009F0D0F80446AEE701221C46FB
:100B20000A601346C6E70A24B2E70124A5E7243089
:100B300009F0D6F8044600289FD13B685869C1E700
:100B400010A601240020704784B0F0B597B01DAE08
:100B500086E80E00002858D00368054633B16424A7
:100B6000204617B0BDE8F04004B07047304601F0B1
:100B700095FF002849D0B44611ACBCE80F000FC463
:100B8000DCF800305020219923601D9B98470446D3
:100B9000286000283BD00DF1440C8646BCE80F00CD
:100BA000AEE80F00DCF8003002A8CEF8003002F00A
:100BB0008BFB0DF1080E04F1180C2F6820ACBEE879
:100BC0000F00ACE80F00BEE80F00ACE80F00BEE875
:100BD0000F00ACE80F009EE803008CE8030094E8E7
:100BE00003008DE8030096E80E0007F1180002F0FC
:100BF00021FC04460028B3D021991E9B2868984701
:100C0000204609F059F80446AAE70B24A8E70A246D
:100C1000A6E700BF30B587B0F0B103680446DBB18A
:100C20009C460DF1040EBCE80F00AEE80F00DCF8A6
:100C3000003001A8CEF8003001F030FF60B120682C
:100C4000183002F0B1FC054650B92068029B0599A6
:100C50009847284607B030BD0B25284607B030BD61
:100C600009F02AF80546F8E72DE9F04194B000288C
:100C70005BD004460068002857D00E4601F00EFFF6
:100C8000002E52D080F00100C0B200284DD1336850
:100C900023B16424204614B0BDE8F08127680FAD6D
:100CA000BC46D7F80080BCE80F000FC5DCF8003068
:100CB000502019462B60C04705463060D0B30DF177
:100CC0003C0C8646BCE80F00AEE80F00DCF80030B4
:100CD0006846CEF8003002F0F7FAEE4605F1180C3F
:100CE00024683568BEE80F00ACE80F00BEE80F00CE
:100CF000ACE80F00BEE80F00ACE80F009EE8030070
:100D00008CE8030004F1180005F1180102F0FAFB69
:100D100004460028BED001F08BFF01F0A1FF304651
:100D2000FFF778FF40B10446B4E70B24204614B027
:100D3000BDE8F0810A24ADE7204614B0BDE8F041DB
:100D400008F0BABF20B1036813B1002059627047A0
:100D50000B20704710B1006800B11830704700BF19
:100D600010B5002382B00193B8B1044601A90C4824
:100D700001F046FF10B1012002B010BD019B13B17C
:100D80001A78312A04D002230020237002B010BD4B
:100D90005B78002BF7D10123F6E70B2002B010BDE2
:100DA00060EF0108034A034692E8030083E803006A
:100DB0001846704790EF01082DE9F04FA9B004469E
:100DC0000E461546DDF8C88023A81F4609F0AEF987
:100DD000B8F1000F00F0F380404601F05FFE002DF7
:100DE00018BF002C80F001000CBF4FF0010C4FF039
:100DF000000C002E08BF4CF0010C4CEA000C1CF05B
:100E0000FF0940F0DC80D4F804A0BAF1000F40F0F4
:100E1000FC80002F00F0D3803846FFF7B3FC8346F8
:100E2000002800F0D2805246304622A9CDF888A092
:100E300004F062FA8246002840F0C380229800281D
:100E400040F0F1802846EFF78BFA002840F0C08090
:100E5000794D22A90022284604F030FA8246002863
:100E600040F0AF802298002840F0D580D8F80030BC
:100E70007820D8F81010984782466060002800F06B
:100E8000CF800022002308A8CAE91A23CAE91C233C
:100E900000F002F908A9504668220BF096FD61683F
:100EA0004046276000F006F9002858D12846EFF7A1
:100EB00057FA284410F8013CCDE903562F2BD8F8F7
:100EC000103000930CBF5D4B5D4B02934FF40063F9
:100ED0000193D4F804A098E80F0001F0EDFE236818
:100EE000CAF87400314618682A466668283002F04D
:100EF00087FD6368B066986E002832D002F010FE5D
:100F0000824660B3D8F800300820D8F81010666820
:100F100098476368F066D3F86CB0BBF1000F20D03F
:100F200006A823AE09F076F806A86368C44603C88D
:100F3000D3F86CE08BE80300BCE80F000FC6DCF8C8
:100F40000030336028AB13E90F008DE80F005146E5
:100F50003A467046239B09F067F8824628B36368D7
:100F6000F3B1586F28B1D8F80430D8F8101098476A
:100F70006368986E10B102F055FD6368D86E48B191
:100F800009F0AEF86368D8F81010D86ED8F80430BD
:100F9000984763681846D8F81010D8F80430984776
:100FA00000234FF0010AC4E90033B9F1000F08D063
:100FB000D8F804302846D8F81010984701E04FF0D0
:100FC0000B0A504629B0BDE8F08F4FF0650AF8E7EC
:100FD0002B782F2B3FF43DAF0395D8F810300093BA
:100FE000184B02934FF40063019398E80F0001F04F
:100FF00063FE0546E0B1002222A9229204F05EF9C8
:1010000082460028D4D1D9462CE74FF0640A5046D6
:1010100029B0BDE8F08F4FF0CA0A04F061F9C4E7C7
:101020004FF00A0AC1E74FF0C90A04F0B9F9C8E75E
:101030004FF00A0AC5E700BF78EF010880EF01080A
:1010400088EF01087CEF010830B1436823B19B6E43
:1010500013B10068FFF796BB0020704720B14068CD
:1010600010B1806E00B18068704700BF20B1406849
:1010700010B1806E00B1C068704700BF28B14068F1
:1010800018B1836E002B08BF0020704710B1406874
:1010900000B1806E704700BF10B504466822002181
:1010A0000BF070FB204601F0EBFC0123204623757A
:1010B00010BD00BF002818BF88421BD0F8B5B1FA98
:1010C00081F60C46760999B10546878A84468E4694
:1010D0000FCDAEE80F002B6850220CF1180104F17F
:1010E0001800CEF80030A7820BF06FFC3046F8BD38
:1010F0000B20F8BD0B20704782B02DE9F04F91B066
:101100001AAC9DF87C8084E80C0000283DD00C4689
:101110000546FFF7B3FF00283AD02846FFF79EFFA9
:10112000064628460BADFFF7A1FF0DF1680E0746F6
:10113000AC46BEE80F00ACE80F00DEF80030CCF89B
:101140000030219B0BB38946DDF878A001F02CFF1D
:1011500010AB089013E907008DE80700002108A8EC
:1011600095E80C0001F096FF8346A0B101F060FD08
:1011700001F076FDBBF10A0F18BF4FF0010B584686
:1011800011B0BDE8F04F02B070474FF00B0BF6E71F
:101190004FF0010BF3E70990079008A808F034FF1F
:1011A000834680B10A2808A818BF4FF0010B01F050
:1011B000B1FF044600285BD151460998C847514603
:1011C0002046C847DBE709ABEC4605930FCDACE8FA
:1011D0000F002B683A4631462046CCF8003008AB69
:1011E00008F0B2FD8346D8B9099C024609900AA9C5
:1011F000204603F093FF50BB0A9D002D40D1219B58
:1012000008A81C6001F086FF8346002843D001F047
:101210000FFDA8464FF0010B2C4601F021FD0AE01E
:10122000672814BF4FF0000808F00108079C08A8C1
:1012300001F070FF50BB51460998C84751462046FF
:10124000C847B8F1000F18BF4FF0680B97E701F0DF
:10125000EFFC01F005FD08A801F05CFF98B95146CC
:101260000998C847514620464FF0010BC84786E70A
:10127000DDF81C8001F0DCFC01F0F2FC4446DAE70A
:101280004FF0670BD3E7D8464FF0010B01F0D0FCCD
:1012900001F0E6FCCFE751460998C8475146584649
:1012A000C8476CE7014B1868704700BF98EF01080A
:1012B0002DE9F04788B0109E002E6BD006F1500A41
:1012C00005460F4690465046994601F0E7FB80F0F0
:1012D0000104E4B2002C5DD1002D5BD02B6823B15A
:1012E0006424204608B0BDE8F0873846FFF7ACFE1E
:1012F000002854D0B8F1000F4CD0B9FA89F35B093B
:10130000B9F1000F46D007AA0793CDE9033306F1E0
:101310005803059293E807008DE8070049463846D0
:101320009AE80C00FFF7E8FE00284FD1336DC82083
:10133000316E98472860002850D03846FFF7A6FE47
:1013400006F164034146079A009333462C6802F085
:1013500051FC2B68C4F8C400D3F8C40070B303F187
:10136000700102F02BFD2B680446D0B996F8482096
:101370003146184683F8B82070220BF026FB3A68F5
:10138000C0F8C0200798736D316E9847204608B0AA
:10139000BDE8F0870B24204608B0BDE8F087C824DC
:1013A0009FE7CBB1D3F8C42042B13846FFF76EFEB9
:1013B0002B68D3F8C41002F015FD2B681846726D27
:1013C000316E0124904700232B60DBE7672807D0AC
:1013D000692805D00A2801D00124D3E70A24D1E7DF
:1013E0006724CFE770B5144D88B0044650221349E6
:1013F00028460BF0EAFA02A801F042FB0DF1080CB6
:1014000005F1500E6E46BCE80F00AEE80F00DCF8A8
:1014100000303046CEF8003003F0C8FD05F164031B
:10142000702296E8030083E80300294620460BF06B
:10143000CCFA204608B070BD18A60124A0EF010820
:10144000F8B1036870B50446B3B11646D3F8C420AA
:1014500092B1D3F8C0000D46FFF794F960B123684C
:10146000D3F8C40040B155B13246294602F062FBC0
:10147000003818BF012070BD4FF4967070BD0B206E
:1014800070BD4FF496707047A0B1036810B5044664
:1014900073B1D3F8C4205AB1D3F8C000FFF772F982
:1014A00030B12368D3F8C400003818BF012010BD44
:1014B000002010BD0020704730B1006820B1D0F886
:1014C000C400003818BF0120704700BFF0B502F11A
:1014D00008070B4685B01446064697E807008DE8D6
:1014E00007001846194994E80C0001F0D7FB33783F
:1014F00005462F2B23D004F10C0393E803008DE85D
:101500000300701C94E80E0001F0CEFB064697E83D
:1015100007008DE807003146284694E80C0001F0EA
:10152000BDFB0346304662681E4621699047284647
:101530003546636821699847284605B0F0BD737841
:10154000002BD8D1284605B0F0BD00BF2CF0010813
:101550002DE9F04385B068B1074608460C4601F016
:101560009DFA38B100232D4803A9039301F048FBED
:10157000054620B10025284605B0BDE8F083039B51
:101580001A78002AF6D004F10C0999E803008DE8D6
:101590000300184694E80E0001F0C8FC80460028BD
:1015A000E8D003A91E48039501F02AFB60B100268C
:1015B00030466368216998474046636821699847C7
:1015C000284605B0BDE8F083039B1E78F6B199E884
:1015D00003008DE80300184694E80E0001F0A6FC15
:1015E00006460028E3D022464146FFF76FFF054636
:1015F000002DDDD0284601F04FFB03460028D7D14F
:10160000284621691D4663689847D1E72246384637
:101610004146FFF75BFF0546EAE700BF38F00108E7
:1016200050F001082DE9F04182B0002306460F4634
:10163000214801A99046019301F0E2FA20B1012569
:10164000284602B0BDE8F08104461C490198EEF737
:1016500027FE0546F0B90190B8F1000F21D001A98D
:10166000174801F0CDFA0028E9D116490198EEF7A4
:1016700017FE034639463046B3FA83F35B0988F810
:101680000030FFF765FF70B1C8F80400284602B0CB
:10169000BDE8F081254688F80040284602B0BDE844
:1016A000F0810B25CCE798F80050A5F10105B5FABB
:1016B00085F56D09C4E700BFF0EF010804F00108EB
:1016C0000CF0010824F0010818B1006808B1D0F846
:1016D0000801704770B58E468CB00C4616460DF169
:1016E000180C0546BEE80F00ACE80F009EE80300AA
:1016F0008CE803000DB32B68FBB1D3F80801E0B10F
:1017000036B30023324602A98DF807300DF10703E6
:1017100002F00AFC054698B10A2818BF01250DF110
:10172000180EA446BEE80F00ACE80F009EE80300C8
:101730008CE8030028460CB070BD4FF41675EEE738
:101740009DF8072040F25923002A08BF1D46E6E70E
:101750000B25E4E770B1006860B1D0F8080148B12A
:1017600069B110B54AB102F03DFC10B1022818BFB2
:10177000012010BD4FF4167070470B2010BD0B20D8
:10178000704700BF30B1006820B1D0F808010038C0
:1017900018BF0120704700BF014B1868704700BF99
:1017A00070F001082DE9F04788B0109FFFB107F1F4
:1017B000500A05460E4691465046984601F06EF98D
:1017C00080F00104E4B294B98DB13046FFF73CFCDF
:1017D000002855D0B9F1000F09D0B8F1000F06D09C
:1017E0002B684BB16424204608B0BDE8F0870B2479
:1017F000204608B0BDE8F087CDE9033307AA079378
:1018000007F15803059293E807008DE80700414669
:1018100030469AE80C00FFF76FFC00285FD1C82122
:101820000120D7E917329847286000285FD030465A
:10183000FFF72CFC07F164034946079A00933B46E7
:101840002C6802F0B7FCC4F8C0002C68D4F8C000C3
:1018500048B304F1700102F0A3FD0446A8B928685A
:10186000702297F84830394680F8B8300BF0ADF860
:1018700007987B6D396E9847204608B0BDE8F08721
:10188000C824204608B0BDE8F0872C686CB3D4F8B3
:10189000C0304BB13046FFF7F9FB2B68D3F8C010CE
:1018A00002F092FD2C6894B104F15006304601F02C
:1018B000F5F858B1E06E48B1314603F07FFB0646BB
:1018C000C8B9636D216EE06E9847E6662C687B6D43
:1018D0002046396E0124984700232B60C8E767280B
:1018E00007D0692805D00A2801D00124C0E70A24BE
:1018F000BEE76724BCE708F0DFF92C68E7E700BF24
:1019000070B5144D8AB004465022134928460BF096
:101910005CF804A801F0B4F80DF1100C05F1500EBC
:101920006E46BCE80F00AEE80F00DCF80030304631
:10193000CEF8003003F05CFB05F1640396E8070085
:1019400083E807007022294620460BF03EF8204627
:101950000AB070BD88A6012478F00108002849D09B
:101960002DE9F04115460268A4B00446002A39D09A
:101970001F46D2F8C030ABB30E46002938D0002D38
:101980003CD002A84FF0000803F0C0FB0DF1080C9A
:10199000AE46BCE80F00AEE80F00BCE80F00AEE8B2
:1019A0000F00BCE80F00AEE80F009CE80F008EE8C7
:1019B0000F008DF84F802B4620680DF14F02314605
:1019C000D0F8C000009702F061FD0346C0B99DF851
:1019D0004F1040F29112002908BF1346184624B058
:1019E000BDE8F0814FF4C873184624B0BDE8F0811B
:1019F0000B23F3E74FF4C8731846704714ADC0E7E4
:101A000008F05AF90346E9E718B1006808B1D0F8C0
:101A1000C000704730B1006820B1D0F8C000003875
:101A200018BF0120704700BF084601F0EBBB00BFA4
:101A3000084601F00DBC00BF037A10B50C4643B157
:101A4000052101F039F802460B460020C4E90023C5
:101A500010BD0846BDE8104001F0D4BBF8B50546FE
:101A6000104614460E4601F019F828B1032D03D88C
:101A7000DFE805F01F3059064FF00B0C6046F8BD4B
:101A8000002CF9D0B6FA86F35B09002EF4D033614E
:101A90009C4606F11405324F4FF0030EC6E90133A0
:101AA0000FCC0FC5236860462B60F76086F800E016
:101AB000F8BD002EE0D0002306F1140533709C46DB
:101AC000C6E90133C6E903330FCC0FC5236860466E
:101AD0002B60F8BD002CCFD0B6FA86F56D09002E2C
:101AE000CAD0A646357006F1140CBEE80F00C6E950
:101AF0000155C6E90355ACE80F00DEF800301020B0
:101B0000CCF80030236821699847306120B3002267
:101B10000023AC460572C0E90023124A0123604647
:101B2000F2603370F8BD002CA6D0B6FA86F35B09DC
:101B3000002EA1D033619C4606F11405DFF828E0A1
:101B40000227C6E901330FCC0FC5236860462B601E
:101B5000C6F80CE03770F8BD4FF00A0C8EE700BFF6
:101B6000311A0108391A0108291A010840B139B19E
:101B700003781BB1C3680BB1006918470120704797
:101B80000B2070472DE9F04F87B000286CD0036818
:101B90000446002B62D0BFF35B8F93F83830BFF35D
:101BA0005B8F002B4FD1036804A91868FFF7DEFF95
:101BB0000546002849D1DDE90423002B49DB052631
:101BC00020680096203000F0E3FF23688046BFF3D2
:101BD0005B8FD3F810B0BFF35B8F20688946314626
:101BE000283000F069FF0F4631460646206818305D
:101BF00000F062FF024604980B46B618DDF814C0E8
:101C0000924647EB0107864277EB0C0104DA53EA70
:101C100002012ED1064667462068052132463B4622
:101C20002830009100F07EFFBBF1000F0DD0049A28
:101C30002046059BB2EB080263EB0903D847284610
:101C400007B0BDE8F08F40F22135284607B0BDE867
:101C5000F08F0125284607B0BDE8F08F4FF4487596
:101C6000284607B0BDE8F08F0B25284607B0BDE831
:101C7000F08F801B6CEB0701013861F10001CDE9A9
:101C80000232EEF775FB029B013041F1000100FBCF
:101C900003F301FB0A33A0FB0A0A8619534443EB02
:101CA0000707B9E770B582B080B3036804468BB309
:101CB0000D4659B3BFF35B8F93F83830BFF35B8F9A
:101CC00053B9036869461868FFF750FF064648B1E4
:101CD00040F22133984202D100231E462B70304639
:101CE00002B070BD20680521283000F0E5FE009BA1
:101CF000C01A019B61EB03010128304671F100031A
:101D0000B4BF012300232B7002B070BD0B263046F8
:101D100002B070BD4FF44876E1E700BF70B582B005
:101D200030B3036804463BB30D4609B3BFF35B8F82
:101D300093F83830BFF35B8FABB903686946186816
:101D4000FFF714FF064658B920680521283000F037
:101D5000B3FE009BC01A019B61EB03012860696020
:101D6000304602B070BD40F22136304602B070BD40
:101D70000B26304602B070BD4FF44876F0E700BF46
:101D800030B1006820B1C3680BB108307047184605
:101D9000704700BF002849D070B51546C2B09AB14F
:101DA0001E466A4601AB0C4603F034FA8446B8B9C5
:101DB000009971B1072919D04B1E052B3AD8DFE8DD
:101DC00003F026292C2F321D4FF00B0C604642B039
:101DD00070BD07290AD0002360462B6042B070BD59
:101DE00007F06AFF8446604642B070BDFF2CF2D90E
:101DF0002960002EEAD0FE233360E7E706232B603C
:101E0000002EE3D0019B6046336042B070BD0123D9
:101E10002B60F5E702232B60F2E703232B60EFE74B
:101E200004232B60ECE705232B60E9E74FF00B0C54
:101E3000604670470B46044A4FF4807102A801F0D7
:101E400027F84FF0010CC1E7C8F0010868B170B580
:101E50000D4616460446EEF783FA334601462A46F7
:101E60002046BDE87040FFF795BF0B20704700BFCC
:101E700010B5084C864684460FCCACE80F000FCC5A
:101E8000ACE80F000FCCACE80F0023687046CCF82C
:101E9000003010BD28F1010818B1006B003818BFE0
:101EA000012070472DE9F04182B0002800F09580B4
:101EB000066B0446002E00F08C80F06B02F0C0FC34
:101EC000256B061E18BF4FF46176002D00F081804F
:101ED00000272068D5F84C80A96D67602F6020B17D
:101EE0000191C047256B01992760A86820B1C047C0
:101EF000256B0023C5E901334FF00008A068EF6CA3
:101F0000A96DC4F80C80C5F80C8028B1B847256BC2
:101F1000C4F80880EF6CA96D4FF000086869C5F837
:101F2000108028B1B847C5F81480256BEF6CA96DF7
:101F30004FF000082069C4F81480C5F8408028B12B
:101F4000B847256BC4F81080EF6CA96D4FF00008FE
:101F5000A069C4F81C80C5F8188028B10191B84761
:101F6000256B0199C4F81880286A20B1B847256B01
:101F70000023C5E907330027206AD5F84C80A96DF6
:101F800067626F6220B10191C047256B019927629A
:101F9000E86A20B1C047256B0023C5E90A33002752
:101FA000A06AD5F84C80A96DE7622F6320B101913A
:101FB000C047256B0199A762A86B20B1C047256B6C
:101FC0000023C5E90D33EB6C2846A96D9847002323
:101FD0002363304602B0BDE8F0810B26304602B0E4
:101FE000BDE8F08118B338B5036B04460BB319B3E1
:101FF0001D684068854217D2681C1860236843F842
:10200000251002B115600846FFF7FEFC50B1236BA6
:10201000426800209B6843F82520226B53680133F7
:10202000536038BD012038BD40F2863038BD0B20EA
:1020300070474FF4617038BD0B2038BD002874D054
:10204000036B10B50446002B71D0006838B162688C
:10205000002192000AF096FB236B00221A60A06810
:1020600038B1E268002192000AF08CFB236B002259
:10207000DA60A06938B1E269002192000AF082FBBF
:10208000236B00229A61206A38B1626A00219200B3
:102090000AF078FB236B00225A62A06A38B1E26A28
:1020A000002192000AF06EFB236B00221A63206964
:1020B00038B16269002192000AF064FB236B0022B0
:1020C0001A64986838B15A68002192000AF05AFBE5
:1020D000236B00225A60586938B11A6900219200B6
:1020E0000AF050FB236B00221A61186A38B1DA69D2
:1020F000002192000AF046FB236B0022DA61D86AC5
:1021000038B19A6A002192000AF03CFB236B00224E
:102110009A62986B40B15A6B002192000AF032FB30
:102120000023226B1846536310BD0B2070474FF4F9
:10213000617010BD002800F080812DE9F04F046B24
:1021400083B00546002C00F07A814FF000091F464D
:10215000D4F858A088461646D4E913B3C0F80490C2
:10216000C4F80090002900F0BF808C00524600683F
:10217000214601939847019B2860002800F0F680D3
:102180002246494601930AF0FDFAC5F804805246FA
:10219000D5F830802146019BD8F80800C8F8049093
:1021A00098472B6BC8F808009B68002B00F04A8109
:1021B0002246494618460AF0E5FA2C6B4FF0000813
:1021C000D4F85890D4E91323C5F80C80C4F80C80D7
:1021D000002E40F09B80A86828B1494690472C6BA0
:1021E000AE60D4F858904FF00008F619C4F810808B
:1021F00040F0A280606930B14946E36C984766615F
:102200002C6BD4F858900026D4E913A86E6126648C
:10221000002F40F0AF80286938B14946D0472C6B79
:102220002F61D4F85890D4E913A800260C9BEE61D6
:10223000A661002B40F09380A86920B14946D047A1
:102240000C9B2C6BAB61206A28B14946D0472C6BA4
:102250000023C4E9073300260D9BA76DD4E9138939
:102260006E626662002B00F098804FEA830A3A465D
:10227000286A5146C8472862002877D0524631461E
:102280000AF080FA2C6B0D9B3A46E06A51466B626D
:10229000A662C8472B6BE062DC6A002C00F0F2807B
:1022A0002046524631460AF06DFA2C6B00260E9BF2
:1022B000A76DD4E91389EE622663002B40F0978066
:1022C000A86A20B13946C0470E9B2C6BAB62A06B4D
:1022D00000284CD03946C04700232A6B1846C2E973
:1022E0000D3303B0BDE8F08F006820B15146D847E8
:1022F0002C6BC5F80080A06800283FF45FAF514602
:10230000D8472C6B0023C4E9013357E7B4004A4691
:10231000A86821469847A86040B3224641460AF083
:1023200031FA4FF000082C6BEE60F619D4F8589093
:10233000C4F810803FF45EAFB6004A46236D606972
:102340003146984781466061002800F0848032461B
:1023500041460AF017FA2C6BD4F8589053E79C00CA
:102360004A46A8692146C047A86140BB0A2003B07D
:10237000BDE8F08FBC004A4628692146C047286165
:102380000028F3D0224631460AF0FCF92C6B6F612D
:10239000D4F85890D4E913A847E7286A20B1394601
:1023A000C0470D9B2C6B2B62E06A00283FF47EAF88
:1023B0003946C0472C6B0023C4E90A3376E722462E
:1023C00031460AF0DFF92F6B0C9B4A46386A2146EA
:1023D000EB61FE61C0472B6B38621F6A002F4AD049
:1023E0002246314638460AF0CDF92C6B33E79C0083
:1023F0003A46A86A2146C847A8620028B6D02246B5
:1024000031460AF0BFF9D5F830A00E9B3A46214676
:10241000DAF83800EB62CAF83460C8472B6BCAF8A8
:1024200038009B6B002B34D02246314618460AF008
:10243000A9F9304603B0BDE8F08F0B2070474FF488
:10244000617094E7286851460193D847019B0A20A0
:10245000C5E900338BE72B6BA868996DDB6C984757
:102460002B6B2869DA6C996DC5E9029990470A20AF
:10247000C5E904997BE7A8694946D0470A20C5E920
:10248000067774E7286A3946C0470A20C5E9084438
:102490006DE7A86A39460193C047019B0A20C5E948
:1024A0000A3364E72DE9F04F85B005460E4617461E
:1024B00012A89846DDF8449000F0F0FA002D72D092
:1024C00080F00100C0B200286DD1D5F830A0BAF17B
:1024D000000F04D06424204605B0BDE8F08FB9F1A8
:1024E000000F60D04846FEF74DF9002868D0129BD7
:1024F0005C20169998472863002863D05C225146D7
:102500000AF040F912ACD5F830B0DDE90F320BF12A
:10251000480CCBF8449003EB020E0E9BD9F80090C8
:102520009E440FCCCBE901AACBE904AACBE907AAC8
:10253000CBE90AAACBE90DAABE44ACE80F00236898
:102540000EEB460109F12800CCF8003002F06EF9DC
:102550002B6BCBF83C00D86B50B3109C43463A46EB
:102560003146029428460F9C01940E9C0094FFF77C
:10257000E1FD04460028AED02B6B2BBB002628467D
:102580003346324631460096CDE90166FFF7D2FD6B
:10259000286B00289FD0C36C816D984720462E631E
:1025A00005B0BDE8F08F0B24204605B0BDE8F08FE4
:1025B000012402F045F9002818BF4FF46174DDE7EB
:1025C000652488E70A2486E7D86BF2E718B338B5A4
:1025D000036B04460BB319B3DD68C068854217D29C
:1025E000681CD860A36843F8251002B1156008463E
:1025F00007F0B8FD50B1236B426800205B6943F8D7
:102600002520226B13690133136138BD012038BDC9
:1026100040F2863038BD0B2070474FF4617038BDF2
:102620000B2038BD28B338B5036B04461BB329B360
:10263000186C6569A84219D2451C1D64236943F8CA
:10264000201002B110600846FFF79AFB68B1226BB8
:10265000E368156C013B1D4407F084FD80B1236BDA
:10266000426800205B6943F8252038BD40F286307F
:1026700038BD0B2070474FF4617038BD0B2038BD5A
:10268000012038BD18B338B5036B04460BB319B33A
:102690009D69C069854217D2681C9861A36943F897
:1026A000251002B115600846FDF790FF50B1236B6D
:1026B000426800201B6A43F82520226BD36901334E
:1026C000D36138BD012038BD40F2863038BD0B20C3
:1026D00070474FF4617038BD0B2038BD18B338B562
:1026E000036B04460BB319B35D6A406A854217D287
:1026F000681C5862236A43F8251002B11560084629
:10270000FEF7E2FF50B1236B42680020DB6A43F81A
:102710002520226B936A0133936238BD012038BDB6
:1027200040F2863038BD0B2070474FF4617038BDE1
:102730000B2038BD000000002DE9F04F2DED028B7D
:102740008DB0CDE90423002800F04F81066B0546CB
:10275000002E00F01A81436883B9EB6873B96B6986
:1027600063B9EB6953B96B6A43B9EB6A33B940F2A9
:1027700085300DB0BDEC028BBDE8F08F049B326C50
:10278000012B059B73F10003C0F2F880DDE904879B
:10279000002A00F00F810024134640F2213932460E
:1027A000A246A3469FED988B14E00028E1D1DDE915
:1027B0000823424573EB070103DA90461F464FF0AA
:1027C000010B2A6B136C01344AF1000A9C427AF126
:1027D000000128D2286908A9A60050F82400002882
:1027E000F1D0EB68D2F814C023445CF823E0BEF1CA
:1027F000000F06D013694CF823E0013313612B69F5
:1028000098598DED088BFFF789FA4845CDD12B6992
:10281000002201349A512A6B4AF1000A136C9C423F
:102820007AF10001D6D359461646DDE90432134346
:1028300040F0B480002300220C46CDE90823CDE906
:102840000A2308AB029306F13403F26B06F1100180
:102850000093301D06F11C03019206F1280201F0DD
:1028600081FE2B6B80461A6CE2B14FF000094F4697
:102870002A690DF11F014FEA890652F8290060B15B
:102880008DF81F70FFF70EFA00287FF472AF9DF8E5
:102890001F300BB92A6993512B6B09F101091A6C8E
:1028A0004A45E5D838F0020076D16F687FB102461C
:1028B00002E00132BA420AD0996851F82210002988
:1028C000F7D12E6846F822100132BA42F4D1EF68EF
:1028D0007FB1002202E00132BA420AD0596951F8B0
:1028E00022100029F7D1AE6846F822100132BA4210
:1028F000F4D1EF697FB1002202E00132BA420AD07E
:10290000196A51F822100029F7D1AE6946F8221051
:102910000132BA42F4D16F6A7FB1002202E0013283
:10292000BA420AD0D96A51F822100029F7D12E6A8A
:1029300046F822100132BA42F4D1EF6A7FB1002288
:1029400002E00132BA420AD0996B51F822100029F4
:10295000F7D1AE6A46F822100132BA42F4D1B8F18A
:10296000020F7FF406AF84F00103DBB2002B18BF27
:1029700002200DB0BDEC028BBDE8F08F002A3AD0EA
:102980004FF0FF386FF0004705E74FF461700DB06E
:10299000BDEC028BBDE8F08F0120EAE6049B0C46FB
:1029A000012B059B73F10003A8BF44F0010414B987
:1029B000234647E71146002F02DA4FF0000847464A
:1029C0000C464046394612A3D3E90023EDF7D0FC6C
:1029D0000FA3D3E90023CDE9080140463946EDF7BE
:1029E000C7FCCDE90A2308AB2CE70B200DB0BDECEA
:1029F000028BBDE8F08F11464FF0FF386FF00047B3
:102A000013E700BFAFF30080FFFFFFFFFFFFFF7F73
:102A100000CA9A3B0000000008F06CBD08F0F8BE48
:102A200008F0D4BD08F0CABD10B5054C86468446F2
:102A30000FCCACE80F0023687046CCF8003010BD16
:102A40005CF10108A8B10268A2B14168A1B110B45B
:102A5000C46864B1806838B1084B1A600022C3E9C9
:102A600001100120C3E903425DF8044B7047204682
:102A7000FAE7704710467047084670471003002475
:102A800010B5054C864684460FCCACE80F00236891
:102A90007046CCF8003010BD1003002458B1036814
:102AA00043B1436833B1C36823B18068003818BFAD
:102AB000012070471846704780EA1041164A174BAC
:102AC0004FF0010C81F03D0101EBC10181EA1111D0
:102AD00002FB01F181EAD131A3FB01231B0903EBC6
:102AE0004302C3EBC203D0B4C91A0D4C6218D2E83A
:102AF0004F3FC2E846CF002EF9D1DBB2BFF35B8F68
:102B0000002BF4D1D0E90067BFF35B8F63543046EC
:102B10003946D0BC704700BF2DEBD427C94216B24E
:102B2000F8A6012470B580EA104E1649164C8EF0B6
:102B30003D0E0EEBCE0E8EEA1E1E01FB0EFE13495D
:102B40008EEADE3EA1FB0E514FF00105090901EBB3
:102B5000410CC1EBCC01AEEB010E04EB0E0CDCE83A
:102B60004F1FCCE8465F002EF9D1C9B2BFF35B8F8F
:102B70000029F4D1C0E90023BFF35B8F04F80E10E5
:102B800070BD00BF2DEBD427F8A60124C94216B2B0
:102B900080EA104C17498CF03D0C0CEBCC0C8CEA05
:102BA0001C1C01FB0CFC14498CEADC3C70B586460D
:102BB000A1FB0C01114D4FF00100090901EB41048B
:102BC000C1EBC401ACEB010C05EB0C01D1E84F4F9C
:102BD000C1E8460F002EF9D1E4B2BFF35B8F002CA1
:102BE000F4D1DEE90001CEE90023BFF35B8F05F8E5
:102BF0000C4070BD2DEBD427C94216B2F8A60124B3
:102C000068B110B50C4629B108F090FC20B12060E5
:102C1000002010BD034810BD034B236010BD0348C6
:102C2000704700BF8CF10108D4F2010870F101086F
:102C3000064B1B783BB1064B1A780AB901221A7071
:102C4000044B18787047044B187870470FA701247D
:102C500021A7012420A70124A8F1010800000000F9
:102C60009FED077B0023084A08481380084903703A
:102C70000B7082ED027B074A13707047AFF3008040
:102C8000000000000000000010A7012421A701247B
:102C900020A701240FA701240020704782B0002044
:102CA0008DE80C0002B0704784B000200DF1040CD8
:102CB00004B08CE80E0070470FB4F0B583B008ACD8
:102CC0000E9E84E80F0026B308A8FFF7E7FE00B3C6
:102CD00000210FAB32460846CDE9003300F006F97B
:102CE000431C054615D0471C0D9B9F4201D95D1E14
:102CF0001F46089B38460C999847044648B132460F
:102D00003946019B00F0F2F8002809DB00236355E7
:102D100000E00024204603B0BDE8F04004B0704756
:102D20002046099B0C9900249847F3E72DE9F04FC2
:102D30002DED028B87B0002680468A46009008461B
:102D400008EE102A99461025EDF70AFB3746B346E0
:102D500001901EE00BF1010B019B5E4504EB0308A3
:102D600011D22E44D9F80830D9F8102005EB4505CA
:102D7000B1009847002800F08880B5F5801F07460D
:102D800028BF4FF48015009A07EB8B03A41A43F871
:102D9000044C5146404609F01CFD04463846002CC0
:102DA000D8D14046EDF7DCFA009BA8EB030808EB0E
:102DB00000040294BBF1000F45D018EE100AEDF7A5
:102DC000CFFA019A0646D9F80030821AD9F81010C5
:102DD0000BFB0242501C059298478246002854D0B3
:102DE0003A683D460099012409F0EFFD3B68CDE9C2
:102DF000037A0AEB030818EE107ADDF800A0CDF88C
:102E00000090DDF80490324639464046B04409F05F
:102E1000DCFD55F8042BA3454A440AEB02012AD0F5
:102E20002868821A4046904409F0CFFD621CA345F1
:102E30001446E8D8DDF80090DDE9037A0023059A0E
:102E40000AF802300BE02046D9F80030D9F810100B
:102E500001309847824610B1009909F0AEFD38461E
:102E6000D9F80430D9F810109847504607B0BDEC97
:102E7000028BBDE8F08F029B4046DDF800909A1A65
:102E8000DDE9037A09F0A1FDD8E74FF0000AE6E793
:102E90000CB430B583B006AB53F8042B0193E2B108
:102EA000B0FA80F4B1FA81F550EA010C4FEA5414FB
:102EB0004FEA551508D084B97DB909F097FB03B0E6
:102EC000BDE8304002B070476146604609F08EFBB5
:102ED00003B0BDE8304002B0704709F041FD162252
:102EE00003464FF0FF301A60E9E700BF70B5B2B19A
:102EF000B0FA80F4B1FA81F550EA010C4FEA5414AB
:102F00004FEA551505D054B94DB9BDE8704009F0E8
:102F10006DBB61466046BDE8704009F067BB09F0D3
:102F20001FFD162303604FF0FF3070BD84B070B5F5
:102F300082B0054607AC84E80E00B0B1EDF710FA98
:102F4000421C079B06460B9910460192984704467F
:102F500028B1019A294609F038FD0023A3552046DF
:102F600002B0BDE8704004B070470446F7E700BF08
:102F700082B0F8B506AC054684E80C0088B14F1C59
:102F80000E460A9938469047044628B13A462946E3
:102F900009F01BFD0023A3552046BDE8F84002B010
:102FA00070470446F8E700BF0020014B18607047E7
:102FB00024A7012400285ED02DE9F0410C460168C9
:102FC00082B0054629B1CB68A34206D91C46002928
:102FD000F9D11F2002B0BDE8F0818B68A34246D032
:102FE0000E6A002C33D0B4F1804F42D2A700D1F842
:102FF0001880086832463946C047002839D02B6807
:103000003246394618605868C047002831D02D68CC
:10301000AB686860A34225D22A6800EB070C9900D0
:1030200002EB830E00EB8306E64503D202EB070CAE
:10303000664522D3E31A704600219A00019209F0F6
:10304000A1FB019A0021304609F09CFB0AE04F6980
:1030500008683146B8472B68314658681C60B84745
:103060002D686C600020AC6002B0BDE8F0810020EB
:10307000B0E70A20AEE70B2070470B1F184413443B
:10308000043A1744002243F8042FBB4240F8042FAF
:10309000F9D1E7E782B070B504AC84E80C0080B3E6
:1030A000066804462EB11E252846BDE8704002B0D1
:1030B000704704A80D46FFF7F1FC10B3049B2420D1
:1030C00008999847206010B30DF1100E00F1100C14
:1030D000C0E90066C0E90266BEE80F00ACE80F0078
:1030E000DEF8003029462046CCF80030FFF762FFBA
:1030F00005460028D8D0059B089920689847266087
:10310000D2E70B252846BDE8704002B070470A257B
:10311000CAE700BF2DE9F04182B000283AD0046828
:103120000646002C32D0A3682BB3002522682F4618
:1031300052F82500E0B1216AD4F814800191C0470B
:103140000199D4E9003243F8257052F82500C047B0
:10315000E3686268013B42F825700135E36034683A
:10316000A3689D4207D2226852F825000028E2D1C8
:1031700001359D42DCD300213046FFF71BFF04469A
:1031800020B930684369016A98473460204602B02C
:10319000BDE8F0810B24204602B0BDE8F08100BFFD
:1031A00078B32DE9F84FD0F800B0BBF1000F1FD075
:1031B000B1FA81F488466409D1B1DBF80870DBF814
:1031C0000060AFB19146043E56F8045F4FEA840AAE
:1031D0000134284655B1EDF7C3F80246294640466A
:1031E0004A4538BF4A4609F0E2FA20B1A742EBD17E
:1031F0000020BDE8F88FDBF8043053F80A00BDE882
:10320000F88F704700B370B584B00446012069465A
:10321000F8F7A6F9DDE90031002912DB53EA0102D3
:10322000029D01D1002D0CDB084E0020A3FB0632CD
:103230005B1906FB012242EBE572C4E9003204B0DF
:1032400070BD022004B070BD0B20704700CA9A3BCD
:1032500000B370B584B0044600206946F8F780F9E1
:10326000DDE90031002912DB53EA0102029D01D1A0
:10327000002D0CDB084E0020A3FB06325B1906FB79
:10328000012242EBE572C4E9003204B070BD0220B5
:1032900004B070BD0B20704700CA9A3B00000000CC
:1032A00010B50446103000F00FF800232046A3604C
:1032B000A364E3649FED027B84ED007B10BD00BF3F
:1032C000000000000000000010B504463822002174
:1032D00009F058FA04F1100001F06CFE4FF0FF33D2
:1032E0002046E36010BD00BF70B4059CDDE90365B6
:1032F0007AB173B1002E18BF002D0AD04CB1646BA7
:10330000207400206562C4E90512C4E9073670BC68
:1033100070470B2070BC70471F4B1A7B70B5054679
:10332000ADF5247D0E4692B11C6884B1A06832468A
:10333000294600F5287002F069FB646880F00103FB
:10334000D8B20CB10028F1D10DF5247D70BD134B1E
:1033500000211A7818698DF800225A689C90A3926F
:103360005869DA689B689B926A469D9008469A93D2
:1033700001F0E0F80028E7D1324629469EA802F085
:1033800091FB0446684602F00DFB84F00103D8B2BD
:103390000DF5247D70BD00BF20FE012428A7012467
:1033A00070B528B1044600680D4601F0F1FD10B972
:1033B0000124204670BD6368002BF9D0002DF7D0A2
:1033C000286801F0E5FD0028F2D06E68002EEFD0ED
:1033D000646832692069D0F8883300F5287019686C
:1033E00002F052FC02462069D0F89033D0F88813DE
:1033F00001F054FD20693269D0F8883300F5287057
:10340000196802F013F802462069D0F89033D0F81A
:10341000881301F043FD03462846002B14BF002407
:10342000022401F019FCC4E7014B1868704700BF83
:1034300000F8010884B0F0B583B009AD85E80E004E
:1034400030B104462846FFF729FB08B1A6682EB123
:103450000B2003B0BDE8F04004B070470022002309
:1034600004F1200CDFF898E06F46C4E90023204BFC
:103470001B68A3600FCDACE80F002B683846CCF872
:103480000030C4F81CE0E66001F094FD04F1100384
:10349000032297E8030083E80300164816492676BE
:1034A00001F01AFB134807F039F8F0B1134A8368AA
:1034B0005168636310785961D1681874D9611169D2
:1034C00019625169926859629A6104F017FC08F018
:1034D00033F908F05FF9636B98620028F9D0002097
:1034E00003B0BDE8F04004B070470120B1E700BF71
:1034F00000F80108E0FD0124D8A8012428A7012430
:1035000078EF0108002847D070B50D4649B1044650
:10351000806820B1224B1968ECF7C2FEA8BBAB68EB
:103520001BB14FF00B0C604670BD23462A4604F1D8
:103530003006D3F800E0103353F80CCC103253F8B7
:10354000080C53F8041CB34242F810EC42F80CCCBF
:1035500042F8080C42F8041CEBD119685B6811486A
:103560001160536006F0DAFF98B183684FF0000CE9
:103570006B63656B03F1100410350FCD0FC495E834
:10358000070084E80700604670BD4FF00C0C6046F1
:1035900070BD4FF0010CC6E74FF00B0C6046704752
:1035A00000F80108E0FD012410B58EB088B3044690
:1035B0002030FFF773FA60B3A06820B11A4B196886
:1035C000ECF76EFE68BB194B196831B3626B01E012
:1035D000496811B38B689A42FAD1144806F0AEFFDD
:1035E0006846FFF771FEEE46A4460024BEE80F00D1
:1035F000ACE80F00BEE80F00ACE80F00BEE80F001B
:10360000ACE80F009EE803008CE8030020460EB0F3
:1036100010BD0B2420460EB010BD012420460EB074
:1036200010BD0C24F2E700BF00F80108E0FD012402
:103630002DE9F04383B0002800F0D3800E46002926
:1036400000F0CF80436B0546002B00F0CA80784B1A
:1036500080681F6828B13946ECF722FE002840F048
:10366000CA80744C4FF0000873497448D5E90023B0
:10367000B760C6E90023EB680122B36401F0CCF91E
:10368000204606226E4901F007FA6C4884F80D8046
:1036900006F044FF002800F0A9808468686B04F1FC
:1036A0001009416A90F810C0D0E9062301916146E3
:1036B000006A0090484602F037F94FF47A7204F538
:1036C000805360496048C4E9E32204F55E72C4E9AE
:1036D000E122C3F894850122C3F89885C3F89C853C
:1036E000C3F8A085C4E9DA78F46401F075F906221C
:1036F0005649574801F050F906225649564801F0FC
:103700002BF901225549564801F0E6F801225549A6
:10371000554801F001F90C225449554801F09CF933
:1037200003225449544801F0D7F90422534954481C
:1037300001F0F2F953495448042201F00DFA4246CF
:10374000696BF06C00F0F6FE0746002858D16B6BF1
:1037500004F5287504F522719A6A284602F018FCCF
:1037600022464A49284602F037FC3A46484928464C
:1037700002F02EFC3A464749284602F031FC3A4610
:103780004549284602F030FCB4F89822042304F599
:1037900065719200284602F067FCB4F89822042371
:1037A00004F694319200C4F87403284602F032FC07
:1037B000C4F87803284602F051FC41F29431C4F871
:1037C000800328462144B4F8982202F011FCC4F882
:1037D0007C03284603F02AFAF8B1384603B0BDE866
:1037E000F0830B27384603B0BDE8F0830127384645
:1037F00003B0BDE8F0830C27384603B0BDE8F08382
:10380000484602F0CFF821460C4806F097FE3846AD
:10381000C6F84C8003B0BDE8F083484602F0C2F819
:103820002146064806F08AFEF7640127D5E700BF67
:1038300000F8010830FE0124D8AF012420FE012445
:1038400080C501245CA90124F0FD012400F70124B6
:1038500040FE012400AA012400FE012410AF01242F
:1038600010FE012490A7012480A7012410FC01244C
:1038700050FE0124D8A80124E0FD012460FD0124AC
:1038800060FE012458A80124D0FD012455A301089D
:103890004DA30108EDA3010889A40108174BC16CD1
:1038A00070B51C68054634B30026D4E901400269AE
:1038B0008A4218D0002CF8D189B1D1F8883301F5AB
:1038C00028709B78012B14BF0A21002103F086F990
:1038D000E86C01F061F9E86C103002F063F8002345
:1038E0003046EB6470BD183000F09CF8E96C064679
:1038F000002CDAD1E0E72646DEE700BFF0FD012428
:103900002DE9F04383B0002B64D0064638480F46BB
:1039100090461D4606F002FE00285BD08468EB6CE2
:1039200004F12C0904F118052361FFF77DFDC4F8AB
:103930002090C4E906043046ECF712FD421C3C2AF4
:1039400040D8484604F16809314609F03EF8384647
:10395000C4F82490ECF704FD421C3C2A32D83946C6
:10396000484609F032F82369012103F58053B3F882
:1039700094054218A3F8942502F018F860613B788A
:103980002F2B2CD17B7853BB33461A4A3C211A4843
:1039900008F08AFD206906211FFA88F3D0F88423F5
:1039A00000F528700191144900911168626901F0D5
:1039B00089FD02462069D0F88C33D0F8841301F0D9
:1039C0006DFA18B92846002501F0ECF8284603B036
:1039D000BDE8F0830025284603B0BDE8F0833B46F0
:1039E000064A3C210096044808F05EFDD2E700BF7D
:1039F000F0FD0124BCF1010844A7012488EF01086F
:103A00008C461146BCF1000F0AD09CF800303BB147
:103A100032B1137823B10346826C6046FFF770BF62
:103A200000207047F8B528B30746006820B1374B2F
:103A30001968ECF735FCE8B97D68DDB1344B1C68DA
:103A4000002C60D00026D4E90141D1F880309D429D
:103A500013D0002CF7D12F4B1C68C4B1D4E901411D
:103A60000B6A9D42F9D17C31384600F0ADFC01284B
:103A70000646F2D101263046F8BD8431384600F0C2
:103A8000B1F901280646F5D0002CDCD1E3E7224B42
:103A90001C686CB1D4E901418B6F9D42F9D17C3136
:103AA000384600F043FB01280646E3D0002CF1D154
:103AB0001A4B1C686CB1D4E901418B6F9D42F9D15E
:103AC0007C313846FFF76CFC01280646D2D0002C2A
:103AD000F1D128696A69D0F8883300F5287019682F
:103AE00001F0A4FC02462869D0F88813D0F890337E
:103AF00001F0D4F903463846002B08BF022601F036
:103B000051F83046F8BD2646A5E700BF00F8010889
:103B100000FE012440FE012410FE012480A70124A0
:103B20004368186900F55A70704700BFC96F02F00A
:103B30008DBE00BF002853D070B50D468EB0002951
:103B40004BD00446006801F023FA002845D066688F
:103B5000002E42D0B469284623699847F36905903E
:103B600013B105A898470598D6F880301B690090D6
:103B700003F52870726906ABB16F04F05FF9D8B134
:103B8000A36806A928469847336A04460BB106A8DD
:103B9000984796F87A30012BD6F8803022D01869F1
:103BA000F16F00F5287002F051FE2040C4B284F09D
:103BB0000100C0B20EB070BDD6F880301869059B08
:103BC000029600F528700093094B019306AB7269C9
:103BD000B16F04F063F90028D2D101200EB070BD9E
:103BE00001207047186900F5287002F075FADEE7C9
:103BF0002D3B01082DE9F04F87B0002800F0D2805E
:103C00000E46002900F0CE800446006815461F4687
:103C100001F0BEF980F00100C0B2002840F0C2807F
:103C2000002D00F0BF802B78002B00F0BB80002F10
:103C300000F0B8805E48D4F8049006F06FFC0028CD
:103C400000F0B080846804F19C0AC4F88840FFF753
:103C5000EBFBC4F88400C4F88CA02846ECF780FB8A
:103C6000013004F184083C2800F28F802B46514A31
:103C70003C21504608F018FC4FF47A733946502224
:103C8000E36704F12800C4F8809008F09EFE3B7AB8
:103C900030464949022BD9F810300CBFD3F87C3399
:103CA000D3F87833A3670023C4E9073301F084FB1A
:103CB00000286AD04268A261002A66D029463B46A5
:103CC000484606F079FC6062002862D0D9F81030CE
:103CD0000321062503F58053B3F89805421CA3F889
:103CE000982501F063FED4F88020D9F810302061C7
:103CF000D3F884331069009500F52870196822699B
:103D0000D9F8143001F046FC0246D9F81000D0F87A
:103D10008C33D0F8841301F0C1F8B0B3D9F8103067
:103D200005210DF1100A03F58053B3F89A05421CE2
:103D3000A3F89A2501F03AFED4F880303946606144
:103D40001E695046D9F81030D4F824B006F528760C
:103D5000D3F8847301F0BEF803959AE8030001904C
:103D60003046ADF80810DBF8103000933968D4E91C
:103D7000043201F06FFC0246D9F81000D0F88C3301
:103D8000D0F8841301F08AF870B9606A08B100F0C5
:103D900079FF40464FF0000800F01CFF404607B096
:103DA000BDE8F08F4FF00008404607B0BDE8F08F47
:103DB00000FE0124BCF10108F8EC010878B110B54F
:103DC000B1FA81F4640941B143685022084603F115
:103DD000280108F0FAFD204610BD0B2010BD0B2075
:103DE000704700BF2DE9F04128B1044600680D4638
:103DF00001F0CEF818B901242046BDE8F0816368CF
:103E0000002BF8D0B5FA85F46409002DF3D02868AA
:103E100001F0BEF80028EED06E68002EEBD0706A7C
:103E2000D6F8807006F018FCD6F8803072691869F0
:103E3000D0F8883300F52870196801F0F7FAD6F841
:103E40008030804632691869D0F8883300F52870D0
:103E5000196801F0EBFA064638694246D0F890330B
:103E6000D0F8881301F01AF83F6932460646D7F8B1
:103E700090333846D7F8881301F010F826B118B1FE
:103E8000284600F0A7FEB7E70224F9E72DE9F04342
:103E9000044600688BB00E46154628B1214B1968C0
:103EA000ECF7FEF9002839D1646800276369D4F87B
:103EB00078809B689847D0F804903046D9F8103045
:103EC0009847D8F81030009003F52870226902ABAB
:103ED000216F03F0B3FFC5E9000798B1D9F80830A6
:103EE00002A93046984794F87230D8F81000012B98
:103EF0000CD0616F00F5287002F0A8FC38460BB0BA
:103F0000BDE8F08301200BB0BDE8F08300F5287018
:103F100002F0E2F838460BB0BDE8F0830C200BB09D
:103F2000BDE8F08300F801082DE9F043054600687C
:103F300089B00C4690461E4628B1284B1968ECF70C
:103F4000AFF9002846D10EB100233370D5F80490A4
:103F500000F026FF484600F0FBFE0746B0B3856838
:103F6000D5F83828D5F83C38C4E9083295F8373800
:103F70002374B5F8342895F83638A4F81120E37482
:103F8000D5F82818D5F82C28D5F830386161A26109
:103F9000E361D9F814309B6898474468D5F8102835
:103FA00005F110016846FBF733FC4146E3686846BB
:103FB0009847394604460A4806F0C0FA06B13470FC
:103FC00084F00100C0B209B0BDE8F083012009B05F
:103FD000BDE8F0830C2009B0BDE8F08300F80108CB
:103FE00030FE0124F0B50546006891B00C46164637
:103FF00028B1294B1968ECF753F9002841D16D68B5
:10400000A1686068AF6FD4E9043207932346069233
:1040100013F8012B9B788DF817208DF81630B4F823
:104020000130E268ADF8143002AB6C6907C3E36895
:104030009847446830462369984700F11803386967
:10404000009308AB00F528702A69296F03F0F6FE8B
:1040500010B9012011B0F0BD02A908A805F04AF876
:10406000A36808A93046984795F872303869012B43
:104070000AD0696F00F5287002F0E8FB002011B04B
:10408000F0BD0C2011B0F0BD00F5287002F024F84E
:10409000002011B0F0BD00BF00F801082DE9F0418B
:1040A0000446006888B00F4690461D4620B11D4B5F
:1040B0001968ECF7F5F868BB0DB100232B70646844
:1040C00000F06EFE204600F043FE064630B3636902
:1040D0008468DB6804F5036252E90201C7E908015C
:1040E00098474768D4F8102804F110016846FBF798
:1040F0008FFB4146FB6868469847314604460A48AC
:1041000006F01CFA05B12C7084F00100C0B208B0B2
:10411000BDE8F0810C2008B0BDE8F081012008B0B6
:10412000BDE8F08100F8010830FE012470B528B127
:10413000044600680D4600F02BFF10B9012420460C
:1041400070BD6368002BF9D0002DF7D0286800F00F
:104150001FFF0028F2D06E68002EEFD0646832692D
:104160002069D0F8883300F52870196801F08CFDBB
:1041700002462069D0F89033D0F8881300F08EFE04
:1041800020693269D0F8883300F52870196801F089
:104190004DF902462069D0F89033D0F8881300F02A
:1041A0007DFE03462846002B14BF0024022400F0A5
:1041B0003DFDC4E72DE9F04F8DB0002900F0D88017
:1041C0000446002800F0D48000680E4615461F46BD
:1041D00000F0DEFE80F00100C0B2002840F0C88090
:1041E000002D00F0C5802B78002B00F0C180002F3F
:1041F00000F0BE806748D4F8049006F08FF90446BA
:10420000002800F0B680D0F8088008F1980AC8F8B5
:104210008080FFF709F9C8F87C00C8F884A0284618
:10422000ECF79EF8013008F17C043C2800F2A580F0
:104230002B46594A3C21504608F036F9394650225F
:1042400008F12800C8F8209008F0BFFB3046534919
:1042500001F0B2F8002800F090804268C8F81820F9
:10426000002A00F08A8029463B46484606F0A4F919
:10427000C8F81C00002800F08580D9F8103004210F
:10428000062503F58053B3F89C05421CA3F89C2532
:1042900001F08CFBC8F81000D9F81000D0F8843376
:1042A00000F5287000951968D8F81020D9F8143056
:1042B00001F0A0F90246D9F81000D0F88C33D0F8FC
:1042C000841300F0EBFD002857D0D9F810302946B0
:1042D00008AE03F58053B3F89E05421CA3F89E2553
:1042E00001F064FBD9F810A0D8F81C303946C8F8A2
:1042F00014003046DAF884B3059300F0EBFD039523
:10430000059B96E8030001900AF52870ADF80810A7
:104310001B690093DBF80010D8E9043201F010FAB1
:104320000246D9F81000D0F88C33D0F8841300F08E
:10433000B5FD10B33B7A4FF6FF72D9F81000022B8F
:104340000A92D0F884134FF0000208BFD0F88033EF
:1043500000F5287018BFD0F8D4300B9207930AAB41
:104360000093079BD8F81420096801F053FC00E083
:10437000002420460DB0BDE8F08FD8F81C0008B12D
:1043800000F080FC2046002400F03AFC20460DB0EE
:10439000BDE8F08F40FE0124BCF10108F8EC0108F3
:1043A00078B110B5B1FA81F4640941B14368502283
:1043B000084603F1280108F008FB204610BD0B2039
:1043C00010BD0B20704700BF2DE9F04128B1044615
:1043D00000680D4600F0DCFD18B901242046BDE858
:1043E000F0816368002BF8D0B5FA85F46409002DDC
:1043F000F3D0286800F0CCFD0028EED06E68002EC7
:10440000EBD0376A72693869D0F8883300F52870C4
:10441000196801F039FC02463869D0F89033D0F8B9
:10442000881300F03BFDF06906F016F9336A7269F3
:104430001869D0F8883300F52870196800F0F6FF85
:10444000336A804632691869D0F8883300F52870DD
:10445000196800F0EBFF064638694246D0F8903301
:10446000D0F8881300F01AFD3F6932460646D7F8A7
:1044700090333846D7F8881300F010FD26B118B1F4
:10448000284600F0BDFBA9E70224F9E7F0B5044691
:10449000006889B00F46154628B1244B1968EBF720
:1044A000FFFE00283ED105B3002364682B7000F0A6
:1044B00077FC204600F04CFC0646F0B18168684667
:1044C000D1F810281031FBF7A3F9A36939466846E3
:1044D000DB68984704463146154806F02FF82C70E3
:1044E00084F00100C0B209B0F0BD646800F058FC6F
:1044F000204600F02DFC054610B9012009B0F0BDA2
:10450000A9686846D1F810281031FBF781F9A36932
:1045100039466846DB68984729460446044806F051
:104520000DF8DDE70C2009B0F0BD00BF00F8010870
:1045300030FE012408B508B100F1100239B1496913
:10454000104601F0FBF980F00100C0B208BD044B39
:104550001046596801F0F2F980F00100C0B208BDC0
:1045600028A701242DE9F043984640EA010389B0C9
:1045700048EA0303129C134300F0068105460E46E9
:1045800091466CB1A64B04AF0FCB87E80F008DE8C6
:104590000F0094E80F0000F031FD002800F00B81BF
:1045A0004FF0FF3700F0FCFB9E4B1C684CB12346DC
:1045B0000021D3E9013202F5805282F8A415002BC4
:1045C000F7D1B9F1000F11D0D9F8001071B1D9F8B5
:1045D00004C0002301205CF823200133926F99422C
:1045E000126902F5805282F8A405F4D1B8F1000FE7
:1045F00011D0D8F8001071B1D8F804C00023012000
:104600005CF823200133926F9942126902F58052BF
:1046100082F8A405F4D185B1296871B1D5F804C038
:10462000002301205CF823200133126A99421269A9
:1046300002F5805282F8A405F4D144B32246002347
:10464000D2E9012101F5805191F8A4150B44DBB2A8
:10465000002AF5D1002B5FD07A1C0DD007EE907A9E
:10466000F8EEE76A07EE903AF8EE677A86EEA77AF8
:10467000FDEEC77A17EE907AA06800F5805393F8A4
:10468000A435002B40F08D806468002CF4D1B9F182
:10469000000F00F0A180D9F80070002F00F0A48076
:1046A00000242746D9F8043053F8240000F050FBCA
:1046B00000283BD00134D9F800300127A342F1D8BB
:1046C0000127B8F1000F10D0D8F800306BB10024EA
:1046D000D8F8043053F8240000F03AFB70B30134EA
:1046E000D8F800300127A342F2D8002D35D02B682E
:1046F0009BB300246B6853F8240000F029FB28B317
:1047000001342B680127A342F4D8002E3CD0346832
:10471000002C39D0012723E0A068002100F5287083
:1047200002F05AF86468002CF6D1B0E7D9E90032FB
:1047300042F824000134A342B4D8C2E7D8E90032D9
:1047400042F8240001349C42C2D3CEE7D5E90032BE
:1047500042F824000134A342CCD8A6B1346894B105
:1047600000231D4604E040F823200133A3420AD071
:10477000706850F823100A7C002AF4D001331746E1
:104780000D74A342F4D147B1002009B0BDE8F08315
:104790001EB134682F46002CE2D1022009B0BDE8DA
:1047A000F083394600F5287002F030F86468002C78
:1047B0007FF462AF6BE794E80F0000F075FC002314
:1047C000194AEBF725FEB0F1004F074671F10003DF
:1047D000A8BF6FF00047E5E6B8F1000F0FD0D8F89A
:1047E000003093B14F4672E7B8F1000F07D0D8F808
:1047F0000030002B7FF46BAF55B11F4677E7002DDB
:10480000C6D02B6843B1474673E70DB14F466EE7FC
:104810002F46002EA2D1C0E74746002E9ED1BCE70E
:1048200028EB010820FE012440420F0008B5034890
:1048300005F074FE08B18068103008BD60FE0124E8
:1048400008B5084B196811B90AE0496841B18B688D
:1048500010339842F9D1034805F070FE002008BDDE
:10486000012008BD60FE0124034B186810B1836865
:1048700093F84003704700BF20FE0124054B1B68DE
:1048800023B1986800F5287001F00ABC00200021CF
:10489000704700BF20FE0124054B1B6823B19868B8
:1048A00000F5287001F00EBC00200021704700BF09
:1048B00020FE012408B5074B1B684BB101469868E0
:1048C00000F5287002F03CF880F00100C0B208BD8D
:1048D000012008BD20FE0124E2B12DE9F041057B55
:1048E0000646ADB9C82317460C46A846836040F279
:1048F0000113C0E90055838101352146304605F09A
:104900001DFEAF42A46004F1C80404F8BC8CF3D1CE
:10491000BDE8F081704700BFE2B12DE9F041057BB1
:104920000646ADB9C82317460C46A846836040F238
:104930000113C0E90055838101352146304605F059
:10494000FDFDAF42A46004F1C80404F8BC8CF3D1AF
:10495000BDE8F081704700BFE2B12DE9F041057B71
:104960000646ADB9D82317460C46A846836040F2E8
:104970000113C0E90055838101352146304605F019
:10498000DDFDAF42A46004F1D80404F8CC8CF3D16F
:10499000BDE8F081704700BFE2B12DE9F041057B31
:1049A0000646ADB9D82317460C46A846836040F2A8
:1049B0000113C0E90055838101352146304605F0D9
:1049C000BDFDAF42A46004F1D80404F8CC8CF3D14F
:1049D000BDE8F081704700BFE2B12DE9F041057BF1
:1049E0000646ADB9A42317460C46A846836040F29C
:1049F0000113C0E90055838101352146304605F099
:104A00009DFDAF42A46004F1A40404F8988CF3D196
:104A1000BDE8F081704700BFEAB12DE9F843057B9E
:104A20000646B5B941F2A85840F2011317460C46A4
:104A3000A946C0F808808381C0E9005501352146A8
:104A4000304605F07BFDAF42A46084F80C904444EE
:104A5000F4D1BDE8F8837047E2B12DE9F041057B60
:104A60000646ADB91C2317460C46A846836040F2A3
:104A70000113C0E90055838101352146304605F018
:104A80005DFDAF42A46004F11C0404F8108CF3D166
:104A9000BDE8F081704700BFEAB12DE9F041057B28
:104AA0000646B5B94FF4046317460C46A846836022
:104AB00040F20113C0E9005583810135214630469B
:104AC00005F03CFDAF42A46084F80C8004F504645A
:104AD000F3D1BDE8F0817047E2B12DE9F041057BEB
:104AE0000646ADB92C2317460C46A846836040F213
:104AF0000113C0E90055838101352146304605F098
:104B00001DFDAF42A46004F12C0404F8208CF3D105
:104B1000BDE8F081704700BFE2B12DE9F041057BAF
:104B20000646ADB91C2317460C46A846836040F2E2
:104B30000113C0E90055838101352146304605F057
:104B4000FDFCAF42A46004F11C0404F8108CF3D106
:104B5000BDE8F081704700BFE2B12DE9F041057B6F
:104B60000646ADB9202317460C46A846836040F29E
:104B70000113C0E90055838101352146304605F017
:104B8000DDFCAF42A46004F1200404F8148CF3D1DE
:104B9000BDE8F081704700BF0146014805F0CEBC7A
:104BA00020FE012438B50446006828B1074B196877
:104BB000EBF776FB40B92060616829B10025044815
:104BC0000D6105F0BBFC656038BD00BF00F8010851
:104BD000F0FD012410B50446006828B1064B1968A1
:104BE000EBF75EFB38B92060616821B1034805F03E
:104BF000A5FC0023636010BD00F8010800FE01243D
:104C000010B50446006828B1064B1968EBF748FB5D
:104C100038B92060616821B1034805F08FFC00239A
:104C2000636010BD00F8010840FE012410B5044681
:104C3000006828B1064B1968EBF732FB38B92060E1
:104C4000616821B1034805F079FC0023636010BD61
:104C500000F8010810FE012410B50446006828B1D0
:104C6000064B1968EBF71CFB38B92060616821B16D
:104C7000034805F063FC0023636010BD00F80108E1
:104C800080A7012410B504460348214605F056FCD0
:104C90000023A36110BD00BF50FE012482B02B4948
:104CA00030B50D6803AC84E80C001C46002D4BD0D9
:104CB0002B4600219A685B68D2F81428904208BFFE
:104CC0000131002BF6D19DF80C30022B29D020D8D1
:104CD0008C4228D8B4FA84F2520924B3DDB14FF0E3
:104CE000FF3C6FF0004401E06D68ADB1AB68D3F8F4
:104CF00014188842F8D1D3F8181803F502636145F7
:104D000053F8043C73EB040EEEDA8C461C462A463C
:104D1000EAE7032BDCD000221046BDE8304002B0A9
:104D200070478C4205D90948BDE8304002B005F013
:104D3000F5BBB4FA84F25209002CEDD10348BDE86A
:104D4000304002B005F0EABB2946BCE730FE012442
:104D5000124B1B6830B5F3B14FF0FF3E6FF0004CC3
:104D6000002401E05B68A3B19A68D2F81418884265
:104D7000F8D1D2F8181802F50262714552F8042CE5
:104D800072EB0C05EEDA1C465B688E469446002BEF
:104D9000EAD1204630BD1C46204630BD30FE0124FD
:104DA0003D4B2DE9F04F1F682DED068B8DB0FFF7C1
:104DB00073FD002F5DD0B84681468A4604ACD8F812
:104DC000085095F82038042B9FED2D8B9FED2EABCE
:104DD0009FED2F9B3FD0052B44D0032B3BD08DED77
:104DE000048B8DED06AB08AB8DED088B8DED0A8B3A
:104DF0000FCB8DE80F0094E80F0000F0FFF818B11A
:104E00008DED049B8DED068BD5F8186805F50265D0
:104E100055F8047CD8F804B094E80F0000F044F989
:104E2000301847EB0101484571EB0A0305DB55E9F2
:104E3000022391457AEB030303DA4146164805F055
:104E40007DFBBBF1000F14D0D846D8F8085095F878
:104E50002038042BBFD1D5F8143840330FCB84E869
:104E60000F00C0E7D5F8143848330FCB84E80F00A3
:104E7000B9E70DB0BDEC068BBDE8F08FAFF3008055
:104E80000000000000000000010000000000000021
:104E90001E0000000000000030FE012410B58C78D8
:104EA00086B0012CADF80E200CD0012419460DF16E
:104EB0000E020DF11703009400F5287001F0EAFCD2
:104EC00006B010BD00F5287001F006F9204606B0C6
:104ED00010BD00BF4A7A91F808C0022A18BF00220C
:104EE0000270ACF10202B2FA82F2520942700A7800
:104EF0008988A2F102028180B2FA82F2520982709C
:104F0000704700BF002330B50B7087B003681446AC
:104F1000BBB10E4A1546009503920D4D42680846F6
:104F20000C4904920591029121460B4A019507F024
:104F3000BBFA0028A8BF8442CCBF0120002007B0E4
:104F400030BD064B014A1D46E5E700BFACF1010844
:104F5000C4F10108C0F10108B0F10108D4F2010860
:104F600030B5144683B00546074B084A08460095FD
:104F7000214607F099FA0028A8BF8442CCBF01203F
:104F8000002003B030BD00BFC8F1010880EF010868
:104F900010B5044640B1FEF747FA01462046EBF74C
:104FA0007FF9B0FA80F0400910BD00BF0022026016
:104FB000027170470022027042607047B0B138B58C
:104FC000044608460D46FDF769FD68B1206820B12A
:104FD0006B682969984700232360201D05F08CF930
:104FE000003818BF012038BD0B2038BD0B2070479A
:104FF0000022C0E900228260704700BFF0B484B094
:1050000004AC04E90F0003462549019D104699426E
:105010004FF00202039EAA4130D3224C6FF00041B0
:10502000A3FB043204FB0522DD438C1A8542B44104
:1050300032D310EB030C42EB0601194802220A9D01
:105040000B9FDDE908369842B2411CD3154C6FF036
:105050000040A3FB043204FB0622DE43841AAE4266
:10506000BC4115D35B1942EB07028A4208BF634576
:105070000CBF0120002004B0F0BC70474FF0FF3C93
:105080006FF00041D9E74FF0FF336FF00042ECE7DB
:105090004FF0FF330246E8E74FF0FF3CCDE700BF9B
:1050A000047DC12500CA9A3B70B485B004AC04E904
:1050B0000F0003461349019D104699424FF002022A
:1050C000039EAA4111D3104C6FF00041A3FB0432A0
:1050D00004FB0522DD438C1A8542B4410CD3181819
:1050E00042EB060105B070BC70474FF0FF306FF027
:1050F000004105B070BC70474FF0FF3005B070BC88
:10510000704700BF047DC12500CA9A3B10B5044614
:105110004022002107F036FB204610BD00285DD05C
:105120002DE9F0410D4600295AD004461646EBF70A
:1051300017F950B123782F2B0ED002232B6046B1E4
:10514000002318463360BDE8F08101232B60002E58
:10515000F6D10020BDE8F081431EE25C2F2A41D049
:10516000621EC4F1010E02EB00080EEB020712F8FA
:10517000013F23F02001A3F12F0C413919290FD948
:10518000BCF10A0F0CD9A3F15F03B3FA83F35B09F7
:1051900033B904222A60002EDBD018463760D2E7EC
:1051A0004245E2D101231A4F04E0984204F1010480
:1051B00013461CD9984203F10102F6D021782F2919
:1051C000F3D161782F291ED0C95D4907EDD506229C
:1051D0002A60002EBDD000203360B4E70B2070475A
:1051E0000B20B0E703222A60002EF4D1B1E7F728A4
:1051F00003D8002318462B60A5E707232B60002E59
:10520000A7D0F623E7E705222A60002EE3D1A0E726
:10521000CDF80108002843D070B51446C2B02AB3B7
:1052200001290D461E4602D103782F2B12D001AA68
:105230006946FFF773FF80B9009A4AB1072A07D081
:10524000531E052B2ED8DFE803F01C1F222528143F
:10525000F52D04D800231846236042B070BD072303
:105260002360002EF9D0F4233360F6E70B2042B020
:1052700070BD06232360002EEFD0019B336042B047
:1052800070BD01232360F6E702232360F3E70323C5
:105290002360F0E704232360EDE705232360EAE7BA
:1052A0000B20704713464FF48071034A02A8FDF7A4
:1052B000EFFD0120D1E700BFCCF1010868B170B566
:1052C0000D4616460446EBF74BF8334601462A4690
:1052D0002046BDE87040FFF79DBF0B20704700BF20
:1052E000072803D8024B53F8200070470148704745
:1052F000C4F301081CF20108002842D02DE9F04156
:105300000D4600293FD004461646EBF729F810B3A6
:10531000631EC4F1010103EB0008CF1813F801EF7D
:10532000AEF130022EF0200C092AACF1410C05D967
:10533000BCF1190F02D9BEF15F0F14D19845ECD121
:105340002278164BD35C13F0040313D1FF281CD82A
:1053500018462B600CE001232B607EB10023184619
:105360003360BDE8F08102232B603EB1002037603E
:10537000BDE8F08103232B60002EEFD10020BDE8B3
:10538000F0810B2070470B20F2E704222A60002EE8
:10539000F4D0FE2218463260EAE700BFCDF80108DB
:1053A000042803D8024B53F8200070470148704787
:1053B000D0F40108E4F301088368184710B50446E7
:1053C0000068EAF76DFF00280CBF2046002010BDE2
:1053D0002DE9F041056804460E462846EAF760FFCD
:1053E000C8B1114B1B689D4212D1D4F80480D8F883
:1053F00000406CB1D8F808500027043D314655F8FC
:10540000040FEAF74DFFBB0040B10137BC42F5D1B4
:105410000020BDE8F0812046BDE8F081D8F81020DA
:10542000BDE8F041D35818472403002410B50023E9
:105430008EB004460391CDE9013203230422009388
:1054400006AB01F0D1FC18B9044620460EB010BDE1
:10545000029905AA204601F003FE044605A906A804
:1054600003F0EAFC20460EB010BD00BFC2F3074CAB
:1054700010B5BCF1010F8CB0044602920CBF03F0D2
:10548000010200220E3303919DF838101A4404AB38
:105490000191012192B20091039901F0A5FC18B984
:1054A000044620460CB010BD029920460F9A01F028
:1054B000D7FD04460F9904A803F002FC20460CB067
:1054C00010BD00BF70B5ADF5167D054611ACADF849
:1054D000543203239DF86C62CDE90221237200232C
:1054E00001228DF814309A9B2271CBB18DF81C20CB
:1054F00008934FF4007215A909A8FAF789F905A9CC
:1055000009A802F0C7FF0D9B009628460194E360AE
:105510009BB2DDE90221FFF7A9FF0DF5167D70BDF5
:105520008DF81C30E5E700BF70B5ADF5187D054678
:105530001846059197A99DF8786213ACCDE903321E
:1055400002238DF8503000F053FA9C9B4FF4007208
:1055500017A90BA806939D9B0A9303238DF854303B
:1055600001238DF8243000238DF81C30FAF750F910
:1055700006A90BA802F0B0FF0F9B284600961693D1
:105580009BB20194DDE90421FFF770FF0DF5187D52
:1055900070BD00BFF0B5ADF28C4D03260546184630
:1055A000059192A99DF8A0740EAC8DF83C60CDE9F0
:1055B000033200F01DFA00234FF4007212A906A86E
:1055C0008DF84C328DF854328DF84060FAF720F99E
:1055D00093A906A803F034F80A9B28460097119374
:1055E0009BB20194DDE90421FFF740FF0DF28C4DE1
:1055F000F0BD00BF70B5ADF5916D0546184605913B
:1056000092A99DF898640EACCDE9033204238DF87D
:105610003C3000F0EDF900234FF4007212A906A807
:105620008DF84C328DF8543203238DF84030FAF760
:10563000EFF893A906A803F0B3F80A9B2846009652
:1056400011939BB20194DDE90421FFF70FFF0DF5E3
:10565000916D70BD2DE9F041ADF5227D06461846ED
:1056600003271DACBDF8A8520591A1A99DF8AC82F5
:10567000CDE903320523237100F0BAF90EA9A898E9
:10568000277200F0B5F90023ADF84450003D9DF8B5
:10569000A5228DF8643018BF01258DF846308DF8AD
:1056A0004C308DF85430ADF8403001238DF8425025
:1056B0008DF83A308ABB4FF0230E4FF0130C0B25B8
:1056C000212211210920ADF840309DF8A63223B9DE
:1056D000724661462846ADF840709DF8A432012B11
:1056E00025D0032B29D02BB34FF4007221A906A893
:1056F000FAF78EF80EA906A803F004F90A9BCDF874
:10570000008030460194E3609BB2DDE90421FFF79D
:10571000ADFE0DF5227DBDE8F0814FF0220E4FF079
:10572000120C0A252022102108200227CDE7ADF80F
:105730004010D9E7ADF84000D6E7ADF84020D3E7F8
:105740002DE9F041ADF5247D0646184603271FAC30
:10575000BDF8B0520591A3A99DF8B482CDE90332FA
:105760000623237100F044F90EA9AA98277200F0CD
:105770003FF90023ADF84450003D9DF8AD228DF86F
:10578000703018BF01258DF864308DF846308DF8E3
:105790004C308DF85430ADF8403001238DF8425034
:1057A0008DF83A308ABB4FF0230E4FF0130C0B25C7
:1057B000212211210920ADF840309DF8AE3223B9E5
:1057C000724661462846ADF840709DF8AC32012B18
:1057D00025D0032B29D02BB34FF4007223A906A8A0
:1057E000FAF716F80EA906A803F050F80A9BCDF8B0
:1057F000008030460194E3609BB2DDE90421FFF7AD
:1058000035FE0DF5247DBDE8F0814FF0220E4FF0FE
:10581000120C0A252022102108200227CDE7ADF81E
:105820004010D9E7ADF84000D6E7ADF84020D3E707
:10583000014B1878704700BF70FE01242DE9F04F2E
:10584000934689B0002204468A4605938DF81E20AF
:1058500090F8002222B300F202290DF11F0805AFD3
:105860000DF11E064FF4007502E0059B002B0FDDC5
:10587000D4F87412234622464846CDE90278CDE991
:10588000005601F003FE0028EFD09DF81E30B3B1A2
:105890000F4B00209DF81F201A7009B0BDE8F08F53
:1058A0000DF11F02014600924FF40072D0F87452BD
:1058B000A8470028ECD09DF81E30002BE8D1CBF88B
:1058C00000000120CAF8004009B0BDE8F08F00BF19
:1058D00070FE012430B590F8005287B0144695B997
:1058E000D0F870520DF11703A847031E18BF01230B
:1058F000A04218BF00231BB90A4A9DF81710117067
:10590000184607B030BD0B4600220DF11701009478
:10591000CDE901210246D0F8701200F2022001F018
:10592000D7FBE2E770FE012480F800120199C0E97C
:105930009A23009BC0E99C31704700BF38B5D0F86E
:10594000683203B3D0F86C220446E2B1D0F870227A
:10595000CAB1D0F87422B2B1C0F88C12984705468B
:1059600088B194F800328BB90B4B28460B490C4A8E
:10597000C4F880324FF40073C4F88422A4F888324B
:10598000C4E99E4138BD0025284638BD002104F2F7
:10599000022001F097FBE7E73D580108D5580108C0
:1059A00031580108D0F86C32184700BF82B000238C
:1059B0008DF8061060F30F03BDF8062062F31F4355
:1059C000184602B0704700BF437882B001780020CB
:1059D0001A0903F00F0302EB01128DF80630BDF82F
:1059E000063062F30F0063F31F4002B0704700BF40
:1059F0000246C0F3034382B0C2F30B1C03EB021058
:105A000081F800C0487002B0704700BF2DE9F04334
:105A1000174691B010220646884608A80DEB0201F1
:105A20000025F9F7F5FE1E4B02242A461B8808A81C
:105A30000095ADF80A304FF420633178ADF80830A6
:105A40002B46039402F0F4FA21462B46082208A8BC
:105A500002F0F2F8044602A908A803F0C1F904B163
:105A600018B9002011B0BDE8F08308A8F9F7FEFED0
:105A700081460DE0336FD3E90004A0470446414658
:105A8000304600F0B1FF04EA000C1CF0FF00E9D141
:105A9000AF424A4604A905F10105EBD1E1E700BF99
:105AA00038EB01082DE9F04F2DED028BD3B00646FF
:105AB0008A4600240CA910A805921022F9F7A8FE26
:105AC000534B022522461B88802110A80094ADF874
:105AD00082304FF420632195ADF88030234602F0E8
:105AE000A7FA23462946082210A802F0A5F8814605
:105AF00020A910A803F074F909EA000010F0FF09CA
:105B000007D14FF0000B584653B0BDEC028BBDE8F7
:105B1000F08F10A80494F9F7A9FE08EE100ADDE949
:105B200004239342EDD018EE102A0CA955464FF0ED
:105B30000008D6E90003984702F0C4F803900BE090
:105B400002F0C0F8039BC01A2D1A02F0BBF80390B4
:105B5000002D30DD002F2ED0534609AA08A9306849
:105B6000B4684F46CDF82080A04783460028E7D090
:105B700018A8DDE90812F9F74BFE07AB0DF1190281
:105B800018A90AA8CDE90A8801F022FAC822002142
:105B900020A806F0F7FD18A8F9F76CFE042816D81F
:105BA0009DF83531002B13BF4FF0010B4FF0000B68
:105BB00001270027C4E7049B01330493BBF1000FC6
:105BC000ADD0584653B0BDEC028BBDE8F08F0DF15F
:105BD0001E030DF11B020DF11A0118A88DF81A8091
:105BE000ADF81E808DF81B8002F074FA18A8F9F742
:105BF00041FEBDF81E309842D2D39DF81A30062BD4
:105C0000CED118A920A88DF8358100F0D9FAC7E7C0
:105C100038EB010830B595B00446189D0393002D6C
:105C20008DF81C30CDE904214FF0000214BF012192
:105C300011468DF81D208DF81E208DF8241021D0DE
:105C40006B6810222968CDF82A30CDF82610082379
:105C500000212046CDE900310CAB059901F0C4F8D4
:105C600018B90446204615B030BD049906AA20464E
:105C700001F0F6F9044606A90CA803F087F92046BE
:105C800015B030BD0822E2E710B5002394B00446F9
:105C900005920193ADF81C308DF81E30CDF82630FA
:105CA000CDF82A300823CDE90221012200930CAB64
:105CB0008DF82420102201F097F818B904462046E8
:105CC00014B010BD059906AA204601F0C9F9044692
:105CD00006A90CA803F05AF9204614B010BD00BF65
:105CE0002DE9F04395B0BDF8787013B115B0BDE85B
:105CF000F08306461C980C461546049099461D985C
:105D00009DF8768005900CA8D1E90121521AF9F787
:105D10007FFD0CA8D4E90612F9F74EFDE2699AB1AD
:105D2000B8F1070F82F8149040D0B8F1080F2ED0C8
:105D3000B8F1060F11D00123137529462046F9F753
:105D4000BBFD15B0BDE8F083B8F1070F2ED0B8F158
:105D5000080F1CD0B8F1060FEFD1D6F88880B8F143
:105D6000000F11D00CAB01953A4630460093062344
:105D70008DF81630D6F88C300293DDE90431C04737
:105D80000123E26986F8B430002AD4D1D5E7D6F8E9
:105D9000A430002BF8D00CA806A9DDF8408003F051
:105DA000CFF9A0B9E269002AC5D1C6E7D6F8AC3070
:105DB0003BB106A90CA8DDF8408002F071FE60BB83
:105DC000E269A3682B44A360002AB4D1B5E7109B15
:105DD0000CA8A8EB0308DDE90D21A844521AF9F735
:105DE00017FD0CA81FFA88F8D4E90612F9F7E4FCAD
:105DF0000CAB0821CDF8048000933A468DF81610BC
:105E000006ABD6F8A810304602910599D6F8A470D2
:105E1000B847012386F8B430C4E7DDE90D21109BB3
:105E20000CA8521AA8EB0308F9F7F2FC0CA8A84436
:105E3000D4E90612F9F7C0FC0CAB9DF818101FFA54
:105E400088F800933A469DF819303046CDF8048022
:105E500003EB012307218DF816109BB2D6F8B01082
:105E600002910599D6F8AC70B847012386F8B43092
:105E7000A6E700BF00B58BB00146042202A8F9F7DF
:105E8000C7FC0DF105030DF1060201A902A801F0FE
:105E9000EDFE9DF804300D2B03D000200BB05DF813
:105EA00004FB9DF8053013F0020F14BF02200120FF
:105EB0000BB05DF804FB00BF70B50025ADF5347D77
:105EC0000E4604464FF42472294610A80395049503
:105ED00006F058FC03A9304602F098FFBDF80C30DC
:105EE0002046ADF8403001F0B3F82B460C2205A94E
:105EF000009008A8F9F77AFC10A908A802F0FAFFA8
:105F0000089B2A462946204601F04EF808A8F9F7D2
:105F1000ADFC236F024605A9D3E90004A0470DF5A7
:105F2000347D70BD70B592B005460E46144601F042
:105F30008FF805A9009000230AA81122F9F756FC52
:105F4000182200230A2102FB04540AA80522503417
:105F500001F072FE03A9204604F0DCFE40BA03A95A
:105F60008DF81060ADF80E000AA803F035F8002295
:105F70000A9B2846114601F017F80AA8F9F776FCA3
:105F80002B6F024605A9D3E90004A04712B070BDEB
:105F90009FED0D7B002310B5044680F8A030C0E9CA
:105FA0001C13C0E91E33C0E92033C0E92233C0E925
:105FB000243380ED267B812100F05AFF04F1080094
:105FC000BDE8104001F054BD0000000000000000DA
:105FD000C0E92012704700BFC0E92212704700BF1D
:105FE000C0E92912704700BFC0E92B12704700BFFB
:105FF00010B5044684B0CDE9002101F029F803462C
:1060000004F10800DDE9002104B0BDE8104001F012
:1060100075BD00BF30B589B00446CDE904210393B6
:1060200001F016F80546059904F108000095DDE930
:10603000033201F077FD00225FFA80FCC0F30724F1
:10604000C0F30741030E6CF3070264F30F2261F300
:10605000174263F31F62104609B030BD82B00830AA
:1060600002B001F079BD00BF10B50C4C84B008300F
:10607000009401F087FD00225FFA80FEC0F3072C38
:10608000C0F30741030E6EF307026CF30F2261F3B6
:10609000174263F31F62104604B010BD755E01081D
:1060A00010B5044601F02AFE054AD4E92634C01A88
:1060B0004FF0000361EB0401EAF75AF910BD00BF8D
:1060C00040420F0010B5044601F018FED4E9263214
:1060D000C01A61EB020110BD2DE9F047037E84B0C8
:1060E0000446FBB14FF000090DF1020803AF02AE08
:1060F0004846012204EB00151146083501F05EFC0C
:10610000844643463A4631462846CDF804C004F05A
:106110008BFE00283DD109F10109237E5FFA89F049
:106120008342E6D894F8483083B34FF000090DF16C
:10613000020803AF02AE484600EB800501220221AF
:1061400004EBC50501F03AFC019020350CE0BDF8E8
:1061500002209DF80410029B00F026FF236FDDE96A
:106160000212D3E9000AD04743463A463146284650
:1061700005F07EF803462046002BE8D109F101091D
:1061800094F848305FFA89F08342D5D804B0BDE86E
:10619000F087029B2046BDF8022009F101099DF815
:1061A000041000F001FF236F039A5D6818680299DC
:1061B000A847237E5FFA89F083429AD8B2E700BFEE
:1061C0002DE9F0410D46ADF5247D06466946284689
:1061D00002F018FD044602A928469DF80570F8F75C
:1061E00053FB9DF808300440E4B25BB987A9284608
:1061F000F8F74AFB9DF81C3280464BB90DF5247D1B
:10620000BDE8F08103A9284602F0A8FB0440EDE7B1
:1062100088A92846F8F766FB14EA080FEED0002894
:10622000ECD09DF820320D2BE8D18AA92846F9F749
:10623000FFF838B1BDF92832002B06DD002F14BF5E
:106240000120022086F8B500D8E70020FAE700BF59
:106250002DE9F04F044697B00D46C14E09920DF15D
:106260002F030CAA0DF12E01284601F0FFFC002897
:1062700000F042819DF82E309DF82620023B0D2B28
:10628000EDD801A151F823F0EF6401085F62010825
:10629000DF6401087D640108736401085F6201081E
:1062A0005F620108C96301085B6301081B630108A1
:1062B0005F6201085F6201085F620108C162010854
:1062C00010A9284602F0EAFED4F89080B8F1000F39
:1062D00000F01A8101F012FD02460B46D4F894003A
:1062E0000021149F06908C461598C7FB060C109F42
:1062F000CDE9040C8C461198C7FB060CCDE9020CC5
:10630000DDE91270C7FB0601CDE900012046C04758
:106310004FF0010384F8A030A1E710A9284602F04D
:106320009BFE00219DF8440001F076FBC0F3072896
:106330000F9004F10800414601F05CFC00288ED06B
:10634000BDF84010BDF8422004F0D8FC42469DF84C
:106350003C102046FFF7E6FD81E710A9284602F031
:1063600053FE00219DF8440001F056FBC0F30721C5
:106370000D9004F1080001F027FC804600283FF44E
:106380006EAF9DF842300DF1380A9DF84310BDF80C
:10639000402001EB032189B205F012F8404604F0D9
:1063A000D3FFADF8320005E0236FDDE90E12D3E92B
:1063B0000009C8470DF132030FAA5146404604F0C8
:1063C000C5FF0028F0D14AE79DF825300DF1380AC5
:1063D000BDF8308028468DF8353051469DF827307D
:1063E000A8F104089DF82F908DF837301FFA88F82F
:1063F0009DF8243009F00E098DF836208DF83430E0
:1064000002F04EFB50460FA90DF1320200F048FE9B
:106410000F99D4F880B0BDF832A01091BBF1000FF5
:1064200006D0D4F884305246204600930023D84743
:10643000E26F82B1616F4FF0000C023903E00CF1A2
:10644000010C944507D031F8023F5345F7D1A36FB3
:10645000002203F80C20BDF832104B46424620467D
:1064600002910F9901910D9900912946FFF738FC8F
:10647000F5E629462046FFF7A3FEF0E6002A3ED0C7
:1064800010A9284602F018FD0EA90DAA10A800F0C8
:1064900007FE0E99D4F880A09DF84490BDF8348092
:1064A0000F91BAF1000F06D0D4F88430424620464E
:1064B00000934B46D047E26F002A3FF4D0AE606FA6
:1064C0000021023803E0013191423FF4C8AE30F8B8
:1064D000023F4345F7D1A36F03F80190BFE6002ABE
:1064E0007FF4BDAE2946204600F01EFDB7E62946E2
:1064F0002046FFF7E1FCB2E617B0BDE8F08F294671
:10650000204600F01FFDAAE601F0F8FB4246149F6A
:10651000159BC7FB06321818129F42EB0101139B13
:106520004246C7FB06329C46DDE91037C3FB0678BE
:1065300043461CEB070C42EB0302B0EB0C0361EB90
:106540000202002A08DB5B0843EAC2735210C4F857
:106550009830C4F89C20DBE6013342F10002F2E7F8
:1065600000CA9A3B0B1E2DE9F04FB8BF6FF00043F5
:106570009DB08046059301F0A5FB98F84820814620
:10658000002A00F09A8000266FF000434FF0FF3B96
:106590000F46304603930EE09A6B0136DB6B5A458B
:1065A0000399F0B273EB010101DA9346039398F873
:1065B000483083425FD900EB800402210122E400CD
:1065C00001F0FCF9014604F120053B464A460991D9
:1065D0004544284604F08CFE08EB04030028DBD079
:1065E0009DF825500DF1500A9DF8243040460135A4
:1065F0004444049300F02CFD05EB85050023112293
:106600000CA908EBC505009050460136F9F7EEF8E5
:10661000002305220B21504601F00EFB0121688961
:1066200004F02AFF2B8902460AA9ADF82A30504609
:10663000049BADF828208DF82C3002F0F9FC0022E4
:10664000149B4046114600F0AFFC5046F9F70EF996
:10665000D8F8703002460CA9D3E90005A847039981
:10666000F0B2D4E90E235A4573EB01019DDB98F893
:10667000483083429FD86FF00043039A9A4208BF84
:10668000BBF1FF3F19D0ABEB0903002B059DD8F8F8
:10669000700008AA08BF012307A984689D4200680A
:1066A000A8BF1D462B46A04748B9059B5B1B002B86
:1066B00005933FF760AF044612E0059BE5E7DDE98F
:1066C0000712044600250CA8F9F7A2F80DF11A03E9
:1066D00006AA0CA940468DF8185000F079FC18B9AC
:1066E00020461DB0BDE8F08F29469DF8180001F046
:1066F00093F9C0F30746BDF81AA0C0F30725012E91
:10670000CDE909004BD0022E0FD0002EE8D1314642
:10671000304601F081F902460CA940460A92FFF783
:1067200097FD20461DB0BDE8F08F294608F108000E
:106730009DF8249001F05EFA074638B30E9A0CA833
:106740000392F9F797F803460DF11900039A5146A1
:106750000090384604F0D6F9C0B19DF8193093B3D3
:1067600014AE4FF0020A0AE08DF8289031468DF8F9
:10677000295040468DF82AA00A9AFFF769FD0422A5
:106780003146384604F040FA0028EDD140462A460A
:106790004946FFF7C7FB20461DB0BDE8F08F2946EC
:1067A00008F1080001F01CFA002899D0514604F0C5
:1067B0001FF9002894D08DF82A600CA90A9A404647
:1067C000FFF746FD8CE78DF82A600CA90A9A40462F
:1067D000FFF73EFDC4E700BF70B504460D4601F06B
:1067E00071FA06462046FFF777FC29462046FFF758
:1067F000B9FE01F067FA831BE91A0029F6DC04F1FF
:106800000800BDE8704001F001BA00BF70B5044651
:106810000D4601F057FA06462046FFF75DFC0023BF
:10682000294684F8B43005E001F04CFA831BE91ADC
:10683000002907DD2046FFF795FE94F8B4000028F4
:10684000F2D070BD94F8B40070BD00BF2DE9F041E6
:1068500006460D4601F036FA0746304606F10808AE
:10686000FFF73AFC002D10DB2C4606E0FFF77AFE1E
:1068700001F028FAC31BEC1A07D4404601F0C6F910
:10688000034621463046002BF0D04046BDE8F0419B
:1068900001F0BCB92DE9F84FDDF828B0064688466E
:1068A00092461F46FFF718FCBBF1000F04D05A4672
:1068B000FF21384605F066FFC6F87CB07D1EC6E9AC
:1068C0001DA701F0FFF9414681463046FFF74AFE19
:1068D00001F0F8F9A0EB0900A8EB0001BBF1000FF3
:1068E00029D0AE464FF0000C1EF8014FFF2C15D0FA
:1068F0000CF1010CE345F7D80023F36700E058B131
:106900002B4615F8010F02330128A3EB07038CBFB8
:10691000002001209B45F2D8BDE8F88F3AF81C30E2
:106920000CF1010CDC4501D2002BDDD00029E3DDA8
:10693000002BCAD1E0E70120C6F87CB0BDE8F88F93
:10694000F0B593B004460D4600F082FB14220023FC
:1069500000900AA80DEB0201F8F748FF0023082277
:106960000E210AA801F068F901F0C8F90E460746A1
:106970001BA3D3E90023E9F7FBFC3146039038461B
:1069800017A3D3E90023E9F7F3FC03A90AA80492AB
:1069900002F076FB00220A9B2046114600F004FB21
:1069A0000AA8F8F763FF236F024605A9D3E900069A
:1069B000B04701F087F900230646294684F8A03045
:1069C00000E050B92046FFF7CDFD01F07BF9831BB5
:1069D00094F8A000E91A0029F3DC13B0F0BD00BF61
:1069E00000CA9A3B0000000070B504460D4601F055
:1069F00069F906462046FFF76FFB0023294684F815
:106A0000B53005E001F05EF9831BE91A00290CDDC1
:106A10002046FFF7A7FD94F8B5000028F2D0A0F1BA
:106A20000100B0FA80F0400970BD94F8B500A0F103
:106A30000100B0FA80F0400970BD00BF2DE9F04FB1
:106A400004469DB0FF2003936071002B00F0B680D8
:106A5000894692464FF0000B236F52464946D3E9D0
:106A60000005A84701F02EF94FF47A73054609E0B6
:106A700001F028F9401BC0F57A73002B40DD6079E6
:106A8000FF2845D1226F08A99668106809AAB04767
:106A90000028EDD00CA80026DDE90812F8F7B8FEB2
:106AA0000DF11E0307AA0CA920468DF81C6000F00A
:106AB0008FFA0028DCD031469DF81C0000F0ACFFB6
:106AC000C0F30747BDF81E30C0F30726012F02931D
:106AD000CDE90A005CD0022F20D0002FC8D1394662
:106AE000384600F099FF0CA902460B902046FFF7AC
:106AF000AFFB01F0E7F8401BC0F57A73002BBEDC5A
:106B00000BF1010B039B60795B4501D0FF28A3D0FB
:106B1000FF3818BF01201DB0BDE8F08F9DF8283068
:106B2000314604F10800049301F064F8804648B34C
:106B30000E9A0CA80592F8F79DFE03460DF11D0074
:106B4000059A00904046029903F0DCFFD0B19DF811
:106B50001D30002B3AD0049F0AE04FF002038DF85D
:106B60002C708DF82D608DF82E300B9AFFF770FB8E
:106B700014A90422404604F047F8034614A920460D
:106B8000002BEAD1324604992046FFF7CBF96FE794
:106B9000314604F1080001F023F800283FF468AF03
:106BA000029903F025FF00283FF462AF8DF82E70A4
:106BB0000CA90B9A2046FFF74BFB59E7236FD3E94B
:106BC0000004A04701201DB0BDE8F08F8DF82E70A5
:106BD0000CA90B9A2046FFF73BFBBCE730B58FB002
:106BE00004460D4600F034FA0023102202A900905A
:106BF00006A8F8F7FBFD06A9204600F079F9002267
:106C0000069B2046114600F0CFF906A8F8F72EFEA5
:106C10002B46024602A92046FFF710FF18B1607903
:106C2000B0FA80F040090FB030BD00BF2DE9F04F41
:106C300000F1080B0446ABB058465E4600F022FF58
:106C4000204600F005FA00231C220BA9009012A890
:106C5000F8F7CCFD236F12A920461A8A043A92B2A3
:106C600000F01CF91299204600F08AF912A8F8F7F2
:106C7000FDFDFF23814663710A230393236F4A4678
:106C80000BA9D3E90005A84701F01CF84FF47A736B
:106C9000054609E001F016F8401B6279C0F57A73E9
:106CA000002B38DDFF2A3CD1226F07A997681068B6
:106CB00008AAB8470028EDD01AA80027DDE9071276
:106CC000F8F7A6FD0DF11A0306AA1AA920468DF8B9
:106CD000187000F07DF90028DCD039469DF81800C6
:106CE00000F09AFEC0F30747BDF81AB0C0F30728BA
:106CF000012FCDE9090053D0022F18D0002FC9D1A0
:106D00003946384600F088FE1AA902460A90204605
:106D1000FFF79EFABEE7039B013B039301D0FF2AD6
:106D2000ACD0002A51D000202BB0BDE8F08F9DF8E8
:106D3000243041463046049300F05CFF824648B35D
:106D40001C9A1AA80592F8F795FD03460DF1190053
:106D5000059A59460090504603F0D4FED0B19DF8F4
:106D60001930002B38D0049F0AE04FF002038DF851
:106D700028708DF829808DF82A300A9AFFF768FA72
:106D800022A90422504603F03FFF034622A92046D1
:106D9000002BEAD1424604992046FFF7C3F879E771
:106DA0004146304600F01CFF00283FF473AF5946BF
:106DB00003F01EFE00283FF46DAF8DF82A701AA96B
:106DC0000A9A2046FFF744FA64E7304600F05AFE7C
:106DD00001202BB0BDE8F08F8DF82A701AA90A9A0D
:106DE0002046FFF735FABEE72DE9F04782B00446AA
:106DF000104615461E46C1F3072A9DF8287005F176
:106E000004099DF82C80019100F056FF9DF8063092
:106E10008144012B1DD0022B16D104F108005146EC
:106E200000F0D2FE044658B14946324604F0B2F8AA
:106E300004462CB14346AAB23946304600F0FCFE67
:106E4000204602B0BDE8F0870024204602B0BDE82D
:106E5000F08704F10800514600F0AEFE0446002819
:106E6000EED04946324603F0BFFF0446E1E700BFDB
:106E70004FEA126CFF23027180F801C0C2F3074C85
:106E8000C2F30722017080F802C04371C27000B5DE
:106E90004FF0090EA0F806E05DF804FB30B50023C2
:106EA00089B0124D0C4607931946ADF81C200122FB
:106EB0000193C2808DF804202A6803930092AA8867
:106EC0000693ADF80620D0F8012002920278204601
:106ED0008DF80C201022CDE9043300F0ADFE694698
:106EE000204601F0EBFE09B030BD00BF3CEB0108CD
:106EF0000C4A02234FF4007C10B50C4682B0118975
:106F00000422C3800023ADF8061020460321ADF80B
:106F100004C000F091FE01A9204601F08DFF02B0EF
:106F200010BD00BF3CEB010810B50B4688B004460D
:106F300001A9184601F090FF9DF80430637108B074
:106F400010BD00BF10B584B00446084602A901F088
:106F5000B3FFE388022B01D004B010BD0DF10A008D
:106F6000FEF732FD9DF808209DF8093003EB02235F
:106F70009BB2022BF0D19DF80C306371ECE700BF9F
:106F800010B508228AB004460DEB0200F8F740FC69
:106F900014F8011B002302A801F0800100941A4696
:106FA00001F046F80AB010BD30B58DB004460D466C
:106FB000194604A803920822F8F72AFC14F8011BCA
:106FC000039B2A4604A8009401F032F80DB030BDAE
:106FD0002DE9F041074684B008460C4615461E468A
:106FE000F8F748FC082803D8002004B0BDE8F08179
:106FF0000DF10C0833462A4620460DF10B01CDF861
:10700000008001F033F83A789DF80B309342EBD1D1
:107010001B061BD49DF80C207B789A4203D00120DC
:1070200080F00100E1E79DF80D20B81CBB789A4282
:10703000F5D19DF80E2010F8013F9A42EFD19DF84E
:107040000F2043789A42EAD10020E9E70120CCE7FB
:1070500090F90030002BACBF08200420704700BF1F
:1070600010B582B04FF6F4740191C388A3F10A0100
:1070700089B2A1420FD801339CB2C3F3072CDBB213
:10708000C480911C019882F800C05370FEF7B0FCD8
:10709000204602B010BD0A234FF0000C1C46EFE75B
:1070A00070B5044602300D461646FEF78DFCC0F35F
:1070B0000F4328806B802278637803EB02233380B0
:1070C00070BD00BF0023417003708385704700BF0F
:1070D0002DE9F04F174642780E4683B0A2F17D01AC
:1070E0009B467E2304460129DDF838A080F838301D
:1070F0009DF8340040F21581A0F17D0184F839201B
:107100000222012984F8622052D90C9B032184F8C1
:107110003A00DDB284F86210A5F17D02012A5CD943
:107120000C9B62180131C3F3072082F8385084F8B1
:107130006210A0F17D02012A61D94A1C2144D2B219
:1071400081F8380084F86220002B6AD04FF00008E4
:10715000C14616E0292A68D8A018013280F83810F4
:1071600084F8622088EA01017D4B09F10109C9B266
:1071700033F8112082EA18280C9B4B4569D994F802
:1071800062201BF80910A1F17D000128E2D8501CF3
:10719000C0B2292849D8A0184FF07D03023281F0EF
:1071A000200580F8383080F8395084F86220D9E71B
:1071B00004214FF0030C0C9B22444FF07D0EA4449D
:1071C000DDB280F0200082F838E0A5F17D028CF875
:1071D000380084F86210012AA2D862187D200C9B26
:1071E00085F0200582F838000231C3F3072082F8C9
:1071F000395084F86210A0F17D02012A9DD84D1CFF
:107200008A1C80F02000214454FA85F5D2B24FF058
:107210007D0C81F838C085F8380084F86220002B96
:1072200094D11946ADF8043019E0002500E060B1B2
:1072300005F13801521B534638462144B04794F8B3
:10724000622005449542F2D366D0002003B0BDE829
:10725000F08F5FFA88F194F86220ADF804804FF067
:1072600000094FF07D0BC84613E0292A24D8A31843
:10727000013283F8381084F8622009F10109B9F16C
:10728000020F2DD009F1080394F862206B4413F823
:10729000041CA1F17D03012BE7D8531CDBB2292B81
:1072A0000AD8A31881F02001023283F8391083F83C
:1072B00038B084F86220E0E7002501E00028C4D05F
:1072C00005F13801521B534638462144B04794F823
:1072D000622005449542F1D3B7D184F86280D1E7AA
:1072E00094F862209AB1002501E00028ADD005F1A4
:1072F0003801521B534638462144B04794F8622067
:1073000005449542F1D3A0D1002384F862300C9B50
:1073100098B203B0BDE8F08F4FF0000384F86230FC
:107320002AE77D2182F0200284F83910A0F17D0146
:1073300084F83A200322012984F8622003D8052129
:107340004FF0040C37E70C9B042184F83B00DDB2BE
:1073500084F86210A5F17D02012A3FF6E1AE3CE718
:10736000FCF401082DE9F04F044685B092468946A9
:107370001D460F9E00F0A6FC94F82C2094F82D706A
:107380008046BA425FD017D8013FBA1A0027D2B25E
:10739000B2421AD8D319B34252D8D2B9002600F05B
:1073A00091FC2B68A0EB08001B1A304623EAE3731C
:1073B0002B6005B0BDE8F08F002F60D0C2F12A022B
:1073C000013FD2B2FFB2B242E4D9F2B20027002AA2
:1073D000E4D00E9B50460392009394F82C102B6837
:1073E0000231DFF8A4B02144C84794F82C30064697
:1073F00003445908ABFB01212A22890802FB113101
:1074000084F82C100028C9D0039A9042C7D1002FCD
:10741000C5D00E9B02313A465046214400930023CA
:10742000C84794F82C20064413185A08ABFB021BDB
:107430002A224FEA9B0B02FB1B3384F82C30AEE769
:10744000B61AF7B2A9E70023282EA385BDD90E9B53
:107450002922A11C504600932B68C84794F82C3071
:1074600006462A21034408485A08A0FB0202920853
:1074700001FB123384F82C30002E8FD08FE7C2F13D
:107480002902D2B284E700BF310CC3302DE9F04F9E
:107490001E4690F82C5090F82D3083B00446884654
:1074A0009D42914600F08C812378C34DC34F072B3A
:1074B000FDD8DFE813F01C01FB00D900BA008F00F3
:1074C00051003200080094F82C1094F82D309942A5
:1074D00000F04D81E21892787D2A00F0B8810133E6
:1074E0002A217E2A4FEA5300A5FB00C04FEA9000F4
:1074F00001FB103384F82D3000F05782A38E00205A
:10750000E18E03EB022320709BB29942A38600F028
:107510007881002003B0BDE8F08F94F82C0094F837
:107520002D30984200F03281E21891787D2900F0E8
:10753000708101332A207E294FEA5302A5FB02C243
:107540004FEA920200FB123384F82D3000F01D82C6
:107550000723A1862370AAE7638EB4F830E09E4526
:1075600027D832E0A5FB01B19CF802C04FF02A0BEE
:107570008908BCF17D0F0BFB110100F0D480BCF138
:107580007E0F84F82D1000F0CB8006F803C0E08E4B
:10759000638E80EA0C01B4F830E00133C9B29BB2CB
:1075A00037F811207345638682EA1022E28680F064
:1075B0001D8194F82D2094F82CA0501C04EB020C93
:1075C00092454FEA5001CDD19E4540F014810623EB
:1075D00023706CE794F82C0094F82D30984200F05A
:1075E000C680E21891787D2900F0938101332A202A
:1075F0007E294FEA5302A5FB02C24FEA920200FB2A
:10760000123384F82D3000F0D081238E002003EB5C
:1076100001230C9960869BB2E0868B42238640F260
:10762000E280207003B0BDE8F08F94F82C0094F84D
:107630002D30984200F0AA80E21891787D2900F060
:10764000868101332A207E294FEA5302A5FB02C21C
:107650004FEA920200FB123384F82D3000F095813E
:1076600004232186237022E794F82C0094F82D201F
:10767000904200F0B480A31899787D2900F007812A
:1076800001322A237E294FEA5200A5FB00C04FEAAF
:10769000900003FB102284F82D2000F08A8163788B
:1076A0008B420CBF03230023237000E7002394F8D0
:1076B0002C1084F82E3094F82D3099426AD0E218BC
:1076C00090787D2800F0008101332A217E2884F8FB
:1076D0002E004FEA5302A5FB02C24FEA920201FBC1
:1076E000123384F82D3055D002232370DFE694F84E
:1076F0002CC04FF02A0E94F82D305A1C9C4504EBF8
:1077000003014FEA52033FF404AFA5FB030389785A
:107710009B087E290EFB1323DBB284F82D30ECD1BD
:1077200001232370C3E6501C4FF02A0B023241089C
:10773000A5FB01C189080BFB11016018C9B28A457C
:107740003FF442AF51088078A5FB01A17E2880F06C
:10775000200C4FEA91010BFB112284F82D207FF4BD
:1077600014AF9E453FF433AF012323709FE60F9B78
:107770000093012301934A460E9B41462046FFF7A2
:10778000F1FD00283FF4C5AE237890E60F9B0093EF
:107790000223EFE70F9B4A4641462046009304230D
:1077A00001930E9BFFF7DEFD0028EDD194F82E30FB
:1077B0007E2BE9D0ADE600BF310CC330FCF40108EC
:1077C0000F9B0093052301930E9BFFF7CBFD94F8CD
:1077D0002D2094F82C309A423FF49BAE64E60F9B28
:1077E00000930323C6E70523237060E63FF4EFAE62
:1077F000BCF17E0F94D0AEEB03030F9A02330092DC
:10780000B8E794F82E300D9A1370208E03B0BDE8BF
:10781000F08F591C4FF02A0C4A08A5FB02E292088F
:107820000CFB1212D1B28842B0D0023322449178BC
:107830005A08A5FB02027E294FEA92020CFB123382
:1078400084F82D3000F0A18081F0200180E603F162
:10785000010C2A204FEA5C02A5FB02E2920800FB21
:1078600012C25FFA82FC614581D00233224459087A
:107870009278A5FB01C17E2A4FEA910100FB1133EA
:1078800084F82D3000F0918082F0200236E6511C01
:107890004FF02A0C4B08A5FB03E39B080CFB1313CA
:1078A000D9B288429BD00232234450089B78A5FB72
:1078B00000107E2B4FEA90000CFB102284F82D2044
:1078C00077D083F02001EAE603F1010C2A204FEA89
:1078D0005C02A5FB02E2920800FB12C25FFA82FC86
:1078E00061453FF457AF0233224491785A08A5FB13
:1078F00002C27E2984F82E104FEA920200FB123356
:1079000084F82D303FF446AF81F0200184F82E102A
:10791000EAE6591C4FF02A0C4A08A5FB02E292083D
:107920000CFB1212D1B288423FF421AF0233224441
:1079300091785A08A5FB02027E294FEA92020CFBBD
:10794000123384F82D3030D081F020015DE6591CCF
:107950004FF02A0C4A08A5FB02E292080CFB121217
:10796000D1B288423FF412AF0233224491785A08D0
:10797000A5FB02027E294FEA92020CFB123384F827
:107980002D3002D081F020016AE60F9B0093022384
:1079900001934A460E9B41462046FFF7E3FC002830
:1079A0007FF4F2AE0123237081E50F9B0093012346
:1079B000EEE70F9B00930323EAE700BF012984460B
:1079C00000B583B01FD002294FF0000E20D0002355
:1079D00000206EF307036CF30F2361F3174362F388
:1079E0001F635FFA83FCC3F30721C3F307421B0E37
:1079F0006CF3070061F30F2062F3174063F31F601D
:107A000003B05DF804FB00F1010E5FFA8EFEDEE7C5
:107A100080F0800EDBE700BF82B030B1030621D4D6
:107A2000421E4FF0010CD2B201E084460246002310
:107A300060F30703002062F30F236CF3174361F335
:107A40001F635FFA83FCC3F30721C3F307421B0ED6
:107A50006CF3070061F30F2062F3174063F31F60BC
:107A600002B0704780F080024FF0020CDFE700BFE9
:107A70000023037480F8403080F8443080F8603090
:107A8000704700BF70B5037C04464BB10646002525
:107A90003046013503F0A2F9237C1036AB42F7D80B
:107AA00094F844305BB104F14206002530460135BC
:107AB00002F09AFF94F844300236AB42F6D894F8BC
:107AC00040305BB104F1180600253046013503F063
:107AD00033FA94F840302836AB42F6D894F8603048
:107AE0005BB104F1480600253046013502F0E8FF9D
:107AF00094F860301836AB42F6D870BD10B5047CEF
:107B000082B004F1010C80F810C000EB041003F007
:107B10005BF901222046114602B0BDE81040FFF794
:107B20004DBF00BF10B584B0844628209DF8184092
:107B300000949CF8404000FB04C004F1010E183092
:107B40008CF840E003F0C0F901220221204604B085
:107B5000BDE81040FFF732BF10B590F8444082B046
:107B6000621C04F1210380F8442000EB430002F082
:107B700037FF00220121204602B0BDE81040FFF788
:107B80001DBF00BF10B584B084461820069C009429
:107B90009CF8604000FB04C004F1010E48308CF8F2
:107BA00060E002F067FF00220221204604B0BDE839
:107BB0001040FFF703BF00BF037C8B428CBF00EB7C
:107BC00001100020704700BF90F840308B4204D96C
:107BD000282303FB0100183070470020704700BFC6
:107BE00090F844308B4203D9213100EB41007047BB
:107BF0000020704790F860308B4204D9182303FBB3
:107C00000100483070470020704700BF90F84030B6
:107C100083B170B5064600F11805002400E040B1BC
:107C20002846013403F0FCFB96F840302835A34287
:107C3000F5D870BD01207047F8B50E460421044602
:107C400015461F46F7F700FE01233146204647EA56
:107C5000030223752B4600F029FA2046F7F70AFEA7
:107C6000A84234BF00200120F8BD00BF2DE9F0413B
:107C700004460D46042116469846F7F7E5FD2046D2
:107C8000F7F7F8FD03288CBF0127002702D83846F4
:107C9000BDE8F081334642462046294600F01AFAF4
:107CA00098F80030384603F0010203F0FE0388F82C
:107CB00000302275BDE8F08110F0030018BFC0F15C
:107CC0000400704710B584B001206946F3F748FC02
:107CD00008499DE81500A0FB0103001901FB0231D2
:107CE000054A4FF0000341EBE471E8F741FB04B0B3
:107CF00010BD00BF00CA9A3B40420F0010B584B0CF
:107D000001206946F3F72CFC064A00980299A0FB73
:107D10000203019C401802FB043343EBE17104B001
:107D200010BD00BF00CA9A3B2DE9F0410C468AB055
:107D3000064691F8C11004F10800FFF745FF05461B
:107D400003F078FB68B92046D4E92E31984718B97A
:107D500001200AB0BDE8F081284603F06BFB002843
:107D6000F6D029894FF6FC72EB89287B6F68121ACE
:107D7000B3FBF1F0B7FBF1F701FB1031D4F8C430DD
:107D800089B207FB01F1043F3A4404311FFA82F83B
:107D90003A46A3EB0803C4F8C4302B681944002307
:107DA00051F8040C009002A8F7F720FDD4F8C42085
:107DB00002F10803BB4227D9424600230D2102A845
:107DC000FFF73AFF2989EB896A68B3FBF1F0B2FB50
:107DD000F1F201FB10339BB202FB03F32A68D75088
:107DE0000121E88903F048FB0499039AE8813046B1
:107DF000521AF7F70DFD304622460F49F7F7DCFC23
:107E000000200AB0BDE8F08192B202230D2102A841
:107E1000FFF712FF2889EB896968D4F8C420B3FB07
:107E2000F0F7B1FBF0F100FB173308329BB201FB16
:107E300003F32968CA50D3E7297D0108F0B587B05C
:107E4000072700251C460646CDE902210C9ACDE9FC
:107E500000750432FEF7C8FF80F00102D2B2A275AD
:107E600012B1284607B0F0BD05AA02993046FFF7C7
:107E7000F7F805A90546204601F09EF8A669E769CE
:107E80002046D4E90121521AF7F7C2FC20463A46AF
:107E90003146F7F791FC284607B0F0BD2DE9F04FC9
:107EA00091B0054608301E460591C1F307210492A2
:107EB000FFF78AFE9DF81630012B00F093800446F0
:107EC000002800F08F8003F0B5FA002800F08580CC
:107ED0002389E7896268B7FBF3F9B2FBF3F203FB8E
:107EE00019792368A2F1040B03921FFA89F902FBA6
:107EF00009F909F104099944237B59F8048C434595
:107F00007CD3ABF1040A5A46494608A8AAEB030AF7
:107F10001A9BCDF8008008331FFA8AFA02930023D7
:107F2000F7F764FC029B52460D215B4534BF0223E8
:107F3000002308A8FFF780FE218963683846B7FB55
:107F4000F1F2B3FBF1F301FB1272012192B202FBD9
:107F500003F3226842F803B003F08EFA039B08F1A2
:107F600004010746A3F1080230464944A2EB080287
:107F7000F7F74EFC1A9B0721E7811A1D00233046B4
:107F8000B2F5803F28BF1A4692B2FFF755FE07AA06
:107F900004992846FFF764F8044620B307A9304641
:107FA00001F00AF83046D6E90121521AF7F730FC01
:107FB000059B029A3046C5F8C0301B9BC5F8C4200B
:107FC0002A46C5F8B8301C9B1849C5F8BC30F7F7ED
:107FD000F3FB204611B0BDE8F08F1C9928461B9B8F
:107FE000984720B90024204611B0BDE8F08F204604
:107FF00003F020FA00287FF46BAFF3E73846012145
:1080000003F03AFA228963680746B3FBF2F9B0FB42
:10801000F2F302FB13039BB203FB09F9236809F196
:1080200004099944237B59F8048C6AE7297D0108E7
:10803000F0B5164683B004460D460193089FF6F747
:108040003BFC31462046F6F737FC019A01212046D9
:10805000F6F7DEFC2B0601D503B0F0BD042239464D
:10806000204603B0BDE8F04002F07EBBF0B51646F6
:1080700083B004460D460193089FF6F733FC314662
:108080002046F6F72FFC019A01212046F6F7B4FDB1
:1080900095F90030002B01DA03B0F0BD0422394617
:1080A000204603B0BDE8F04002F0C2BB30B5154633
:1080B00083B004460193F6F7FFFB29462046F6F706
:1080C000FBFB019A0121204603B0BDE83040F6F7E2
:1080D0009FBC00BF30B5154683B004460193F6F748
:1080E00001FC29462046F6F7FDFB019A01212046B6
:1080F00003B0BDE83040F6F77FBD00BF2DE9F8437F
:1081000004220E46054602F02FFB07460222311DCF
:10811000284602F029FB38400222B11DC7B228468A
:1081200002F022FB0422074006F10801284602F073
:108130001BFB0740317B2846F6F7BEFB717B0740EF
:108140002846F6F78BFB737B07EA00083BB9B18B37
:108150002846F6F7DDFB08EA0000BDE8F883316940
:108160002846F6F7BFFD3369E3B1C0B137464FF09B
:10817000000900E09CB17969284602F019FCB96950
:108180000446284602F014FC09F101093369044051
:1081900008379945E4B2EDD308EA0408D7E74FF071
:1081A0000008D4E708EA0008D1E700BF2DE9F8434A
:1081B00004220C46054602F03BFB07460222211D25
:1081C000284602F035FB38400222A11DC6B22846DF
:1081D00002F02EFB0422064004F10801284602F0BA
:1081E00027FB064004F10C012846F6F77BFB04F15F
:1081F0000D0106EA00072846F6F746FB637B0740B9
:108200003BB904F11C012846F6F782FC3840BDE872
:10821000F88304F110012846F6F794FE2369012B38
:1082200003D901230027AB75EBE70BB3F0B1A046F0
:108230004FF0000900E0CEB1D8F8141008F108089A
:108240004FF40072284602F0C3FBD8F8101006461F
:108250004FF40072284609F1010902F0B9FB2369C5
:1082600006409945F6B2E6D33740CAE70027C8E78B
:108270000740C6E72DE9F84304220F46054602F001
:1082800073FA04460222391D284602F06DFA204096
:108290000222B91DC4B2284602F066FA397A0440B7
:1082A0002846F6F7DBFA3B7A00EA040813B94046A1
:1082B000BDE8F883F9682846F6F714FDFB6803B3B8
:1082C000D0B13E464FF0000900E0ACB1316928461C
:1082D00002F06EFB71690446284602F069FB09F161
:1082E0000109FB68044008369945E4B2EDD308EA79
:1082F00004084046BDE8F8834FF000084046BDE85A
:10830000F88308EA0008D2E770B50D4609780646FA
:10831000F6F7D2FA044630B12B78022B0CD0032B9F
:1083200010D0012B08D0022205F50271304602F070
:108330001BFA2040C0B270BD6968304602F038FBBD
:108340000446F0E72946304651F8042F043102F084
:1083500003FB0446E7E700BF70B50B780C46054603
:10836000013B0D2B54D8DFE803F030071B1B070738
:108370000707530C0C0C4E490431BDE87040FFF761
:10838000C3BF0979F6F798FAE8B12379012B01D038
:10839000022B3DD1A1682846BDE8704002F008BB21
:1083A0000979F6F789FA064620B12379022B39D0EC
:1083B000032B2FD0022204F50371284602F0D4F9D2
:1083C0003040C0B270BD002070BD0979F6F774FA74
:1083D000064658B12379022B03D0032B28D0012B5A
:1083E00004D1A168284602F0E3FA0646B4F90C125B
:1083F0002846F6F79DFF3040C0B270BD0431BDE89D
:108400007040FFF77BBE0431BDE87040FFF732BF1C
:10841000012070BDA26804F10C01284602F09CFA0C
:108420000646C7E7A168284602F0C2FA0646C1E739
:10843000A26804F10C01284602F08EFA0646D5E740
:1084400070B506460D46F6F74DFA044630B12B7866
:10845000022B0CD0032B12D0012B08D0022205F5E1
:108460000271304602F0E4F92040C0B270BD4FF412
:1084700000726968304602F0ABFA0446EEE72B1D45
:108480004FF4007205F10801304602F077FA044615
:10849000E4E700BF70B50D4609780646F6F7DEF949
:1084A0002B7804464BB9297A3046F6F7D7F92B7A60
:1084B0000440E4B243B9204670BD6968304602F01A
:1084C00077FA0440E4B2EEE7E968304602F070FA69
:1084D0000440204670BD00BF70B50D4606460968D1
:1084E00002F066FA044629793046F6F7B7F92B7997
:1084F0000440E4B243B9297B3046F6F7AFF92B7B51
:1085000004403BB9204670BDA968304602F050FADD
:108510000440F0E72969304602F04AFA0440E4B228
:10852000204670BD2DE9F0410C4609780646F6F765
:1085300095F9237805466BB994F828103046F6F77C
:108540008DF994F828300540EDB2002B69D128460A
:10855000BDE8F08161683046F6F7C4FB6368002B24
:108560006BD0002867D0A168304602F021FA63681A
:10857000012B53D900285ED0E168304602F018FA8A
:108580006368022B4AD9002855D02169304602F091
:108590000FFA6368032B41D900284CD0616930463B
:1085A00002F006FA6368042B38D9002843D0A16989
:1085B000304602F0FDF96368052B2FD900283AD028
:1085C000E169304602F0F4F96368062B26D990B3CE
:1085D000216A304602F0ECF96368072B1ED950B3CC
:1085E000616A304602F0E4F96368082B16D910B3CB
:1085F000A16A304602F0DCF96368092B0ED9D0B1CC
:1086000004F12C08092700E0A8B158F8041B3046F3
:1086100002F0CEF9013762689742F5D30540EDB21A
:108620008AE7E26A04F13001304602F095F905402C
:108630002846BDE8F08100257EE72840C5B27BE7EB
:1086400070B50D4609780646F6F708F92B7804460A
:108650004BB9297A3046F6F701F92B7A0440E4B297
:1086600043B9204670BD6968304602F0A1F9044064
:10867000E4B2EEE705F10C013046FFF753FF04408A
:10868000204670BD2DE9F0410C4609780646F6F704
:10869000E5F8237805466BB994F828103046F6F7CC
:1086A000DDF894F828300540EDB2002B69D128465A
:1086B000BDE8F08161683046F6F714FB6368002B73
:1086C0006BD0002867D0A168304602F071F963686A
:1086D000012B53D900285ED0E168304602F068F9DA
:1086E0006368022B4AD9002855D02169304602F030
:1086F0005FF96368032B41D900284CD0616930468B
:1087000002F056F96368042B38D9002843D0A169D8
:10871000304602F04DF96368052B2FD900283AD076
:10872000E169304602F044F96368062B26D990B31C
:10873000216A304602F03CF96368072B1ED950B31A
:10874000616A304602F034F96368082B16D910B319
:10875000A16A304602F02CF96368092B0ED9D0B11A
:1087600004F12C08092700E0A8B158F8041B304692
:1087700002F01EF9013762689742F5D30540EDB269
:108780008AE7E26A04F13001304602F0E5F805407C
:108790002846BDE8F08100257EE72840C5B27BE78A
:1087A00070B50D4609780646F6F758F82B7804465A
:1087B0004BB9297A3046F6F751F82B7A0440E4B2E7
:1087C00043B9204670BD6968304602F0F1F80440B4
:1087D000E4B2EEE705F10C013046FFF753FF044029
:1087E000204670BD2DE96843884681460988F6F722
:1087F0008FF8064698F802104846F6F72FF898F8D2
:1088000002300640F5B2EBB998F806104846F6F784
:1088100025F898F8063005407BBB98F80C104846C0
:10882000F6F71CF898F80C300540F3B998F81410D6
:108830004846F6F713F898F8143005404BB9284627
:10884000BDE86883B8F804104846F6F761F80540BB
:10885000DAE7D8F8182008F11C01484602F07CF845
:108860002840C5B22846BDE86883D8F810104846AD
:10887000F6F738FA2840C5B2D8E7D8F808104846C5
:10888000F6F730FA2840C5B2C7E700BFF8B50222B4
:108890000C46064601F068FF0546A1783046F5F71C
:1088A000DDFFA3780540EDB20BB92846F8BD04F111
:1088B00008013046FFF796FF074694F82C10304623
:1088C000F5F7CCFF94F82C303840C7B25BB994F878
:1088D00038103046F5F7C2FF94F8383007404BB9EE
:1088E0003D402846F8BDD4E90C233046F6F750FC4D
:1088F0000740ECE7E16B304602F05AF80740FFB260
:10890000EEE700BFF8B502220D46064601F02CFF47
:108910000446A9783046F5F7A1FFAB780440E4B2ED
:108920000BB92046F8BD05F108013046FFF75AFFA4
:10893000074695F82C103046F5F790FF95F82C3047
:108940003840C7B213B93C402046F8BDD5E90C23E6
:108950003046F6F71DFC0740F5E700BF70B5054649
:108960000E46F5F7BFFF68B133780446013B0D2B87
:1089700009D8DFE803F0410A23230A0A0A0A08108B
:1089800010105C560024204670BD311D2846BDE8FD
:108990007040FFF755BD311D2846F5F7A3FF0028AD
:1089A000F0D03379012B01D0022BECD1B1682846ED
:1089B0004FF40072BDE8704002F00AB8311D28463D
:1089C000F5F790FF044670B13379022B4CD0032B9E
:1089D00009D106F108034FF4007206F10C01284694
:1089E00001F0CCFF0446022206F50371284601F08F
:1089F0001FFF2040C4B2C6E7311D2846F5F772FFBD
:108A0000044630B13379022B36D0032B3CD0012BF6
:108A100032D006F503712846F6F70AFD2040C4B2AD
:108A2000B1E7311D2846BDE87040FFF7BFBB042207
:108A30002846B11801F0FCFE0446022206F10801A6
:108A4000284601F0F5FE0440022206F10A012846FC
:108A5000E4B201F0EDFE034606F10C0128461C408D
:108A6000F5F712FF04408EE74FF40072B168284614
:108A700001F0AEFF0446B6E74FF40072B168284635
:108A800001F0A6FF0446C4E706F108034FF40072A4
:108A900006F10C01284601F071FF0446B9E700BF5A
:108AA00070B5022205460E4601F0C2FE02220446BF
:108AB0002846B11801F0BCFE2040C0B270BD00BF16
:108AC0002DE9F0470E4609788046F5F7F5FE074692
:108AD00038B13378062B00F081800D2B14D0052B94
:108AE00002D03846BDE8F087B6F908104046F6F7E0
:108AF0001FFC07464046D6E90423F6F749FB3840F9
:108B0000C7B23846BDE8F087B6F908104046F6F718
:108B10000FFCF16807464046F6F7E4F8F368002BCF
:108B2000EDD018B306F10C09002404EB440506EB64
:108B3000C505297C4046F5F7BFFE4FEA440A04EB21
:108B40004401002851D02B7CC900032B54D8DFE806
:108B500003F033210F0249444046896801F028FFA1
:108B60000134F268944244D20028DED10027B8E7ED
:108B70000831A24410224046494406EBCA0A01F0DB
:108B8000F3FD0546DAF824104046F6F7ABF8284026
:108B9000C0B2E5E70831A24404224046494406EB4E
:108BA000CA0A01F0E1FD0546BAF818104046F5F78B
:108BB000AFFE2840C0B2D3E70831A24402224046AB
:108BC000494406EBCA0A01F0CFFD05469AF8161093
:108BD0004046F5F771FE2840C0B2C1E7B6F908106B
:108BE0004046BDE8F047F6F7A3BB0134F268A24265
:108BF000BCD80740FFB274E70134F36818359C42D3
:108C000097D36EE72DE9F041022206460F4601F0A8
:108C10000FFE022205463046B91801F009FE8046D3
:108C2000391D3046F5F75EFE05EA08050446791D54
:108C300030462C40F5F756FE2040C0B2BDE8F0812A
:108C4000F8B50E4607460978F5F736FE0446717802
:108C50003846F5F731FE0440B1783846F5F7FEFDA9
:108C6000B378E4B2044043B9317A3846F5F7F6FDFB
:108C7000337A04403BB92046F8BD7168384601F0AC
:108C800097FE0440F0E771893846F5F741FE054646
:108C9000B1893846F5F73CFE0540F1893846EDB21A
:108CA000F5F736FE318A2540044638462540F5F76B
:108CB0002FFE00EA05042046F8BD00BFFFF71EBAEC
:108CC000F8B5022207460E4601F04EFD0222054687
:108CD0003846B11801F048FD317904463846F5F7B9
:108CE000EBFD70B133792C40013BE4B20D2B09D878
:108CF000DFE803F04C0A23230A0A0A0A08121212B8
:108D0000453E00242046F8BD06F108013846FFF72D
:108D1000FBFA04402046F8BD317A3846F5F7CCFD21
:108D20000028EED0337A012B01D0022BEAD1F16872
:108D3000384601F03DFE0440E4E7317A3846F5F765
:108D4000BBFD054658B1337A022B34D0032B06D134
:108D5000F26806F11001384601F0FEFD05460222D8
:108D600006F50471384601F0FFFC28400440C9E7CD
:108D700006F108013846FFF7C1F90440C2E706F1E1
:108D800008013846FFF776FA0440BBE7317A3846E7
:108D9000F5F792FD054630B1337A022B11D0032B43
:108DA00015D0012B0DD0B6F910123846F6F7C0FADF
:108DB00028400440A6E7F168384601F0F9FD054671
:108DC000CDE7F168384601F0F3FD0546EBE7F268C0
:108DD00006F11001384601F0BFFD0546E3E700BF8C
:108DE00070B5022205460E4601F0BEFC0222044682
:108DF0002846B11801F0B8FC0346716828461C40AB
:108E0000F5F770FFE4B2204070BD00BF70B50222DC
:108E100005460E4601F00CFD022204462846B11814
:108E200001F006FD0346311D28461C40F6F78AF87E
:108E3000E4B2204070BD00BF70B5022205460E4668
:108E400001F092FC022204462846B11801F08CFC85
:108E50002040C0B270BD00BF2DE9F8430E46054664
:108E6000F5F740FD0446711C2846F5F73BFD04224A
:108E700081462846B11801F0DBFC06F10801804666
:108E80000222284601F0D4FC04EA09030746022224
:108E9000DBB206F10A01284603EA080401F0C8FC27
:108EA000034628463C4006F10C011D46F5F7ECFC54
:108EB00025402840BDE8F8832DE9F041022206460E
:108EC0000F4601F0B5FC022205463046B91801F004
:108ED000AFFC8046391D3046F5F704FD05EA08056C
:108EE0000446791D30462C40F5F7FCFC2040C0B20A
:108EF000BDE8F0812DE9F04102220C46054601F063
:108F000033FC022280462846A11801F02DFC0746BA
:108F100021792846F5F7D0FC08EA0708064661796A
:108F2000284606EA0806F5F7C7FC217A3040C7B2A2
:108F30002846F5F793FC237A06466BB994F81C1281
:108F40002846F5F78BFC94F81C323040C6B283B942
:108F500006EA0700BDE8F081217B2846F5F7ACFC66
:108F600088B104F10C012846FFF7F6F93040C6B28B
:108F7000E4E704F508712846FFF7A2FD064006EA7B
:108F80000700BDE8F0810646D8E700BF70B50222B1
:108F900005460E4601F0E8FB022204462846B118B9
:108FA00001F0E2FB0346311D28461C40FFF748FE56
:108FB000E4B2204070BD00BF70B5022205460E46E7
:108FC00001F0D2FB022204462846B11801F0CCFB86
:108FD0002040C0B270BD00BF70B50C4605460E46BD
:108FE00034F8021BF5F794FC022221460446284679
:108FF00001F0BAFB0346317928461C40F5F75CFCCA
:10900000E4B2204070BD00BF70B50E460546F5F7CE
:109010007FFD022204462846B11801F009FC0346F0
:10902000311D28461C40F5F75DFCE4B2204070BDC0
:1090300070B50D4606460988F5F76AFC698804464E
:109040003046F5F765FC0346297930461C40F5F7B4
:1090500033FCE4B2204070BD70B50E460546F5F70E
:1090600057FD0446B11C2846F5F752FD0346311D55
:1090700028461C40F5F736FCE4B2204070BD00BF26
:1090800070B50D4606460968F6F746FA0446696863
:109090003046F5F727FE2040C0B270BD2DE9F04103
:1090A0000E460546F6F7D0FA0746311D2846F5F775
:1090B00049FF804606F108012846F6F7C5FA07EA97
:1090C0000807044606F10C0128463C40F5F73AFF34
:1090D00006F1100104402846F6F7B6FA0346E4B25A
:1090E00028461D4606F11401F5F72CFF2C402040C0
:1090F000BDE8F0812DE9F04104460D460C2201F057
:1091000033FB032205F10C010746204601F02CFB3E
:10911000E97B80462046F5F7CFFB296906462046C5
:10912000F6F7FAF907EA0807034620463E40696960
:109130001C46F5F7D7FD34402040C0B2BDE8F081B1
:109140002DE9F04104460D460C2201F071FB03228B
:1091500005F10C010746204601F06AFB05F10F01FD
:1091600080462046F5F7BEFB05F110010646204675
:10917000F6F76AFA07EA0807034620463E4005F17B
:1091800014011C46F5F7DEFE34402040C0B2BDE8B5
:10919000F08100BF002839D070B50446006880B364
:1091A0000E461546F7F798FA30B320680430F7F703
:1091B00093FA08B320680830F7F78EFAE0B1206818
:1091C0000C30F8F727FCB8B120681030F8F722FC13
:1091D00090B1CDB1C6B12A4631462068F7F734FACE
:1091E00048B10A2807D040F2F51240F63703904202
:1091F0000CBF1846012070BDF9F732FD40F636006D
:1092000070BD40F6360070BD0B2070BD40F63600D4
:10921000704700BF90B370B50446006848B30E466F
:109220001546F7F759FAF8B120680430F7F754FA01
:10923000D0B120680830F7F74FFAA8B120680C3099
:10924000F8F7E8FB80B120681030F8F7E3FB58B17D
:1092500095B18EB120682A4631460830F7F7BCF93F
:10926000003818BF012070BDF9F7FAFC40F636004F
:1092700070BD40F6360070BD0B2070BD40F6360064
:10928000704700BF00283AD070B50446006888B324
:109290000E461546F7F720FA38B320680430F7F782
:1092A0001BFA10B320680830F7F716FAE8B1206807
:1092B0000C30F8F7AFFBC0B120681030F8F7AAFB0C
:1092C00098B1D5B1CEB120682A4631460830F7F7BB
:1092D000BBF948B10A2807D040F2F51240F637032F
:1092E00090420CBF1846012070BDF9F7B9FC40F65A
:1092F000360070BD40F6360070BD0B2070BD40F6E4
:109300003600704700283AD070B50446006888B32C
:109310000E461546F7F7E0F938B320680430F7F742
:10932000DBF910B320680830F7F7D6F9E8B1206808
:109330000C30F8F76FFBC0B120681030F8F76AFB0B
:1093400098B1D5B1CEB120682A4631460430F7F73E
:109350007BF948B10A2807D040F2F51240F63703EE
:1093600090420CBF1846012070BDF9F779FC40F619
:10937000360070BD40F6360070BD0B2070BD40F663
:1093800036007047002838D030B50446006891B0E8
:1093900078B30D46F7F7A0F928B320680430F7F743
:1093A0009BF900B320680830F7F796F9D8B1206828
:1093B0000C30F8F72FFBB0B120681030F8F72AFB1B
:1093C00088B1EDB1206800236A4629460C30F8F7D1
:1093D000C5FA60B140F29113984214D00A2818BF20
:1093E000012011B030BDF9F73BFC40F6360011B05A
:1093F00030BD40F6360011B030BD40F63600704743
:109400000B2011B030BD40F63700F0E7002848D0FF
:10941000F8B50C4600293CD005460868002838D02D
:1094200017461E46F7F758F9B0B320680430F7F72F
:1094300053F988B320680830F7F74EF960B3206815
:109440000C30F8F7E7FA38B320681030F8F7E2FA92
:1094500010B32168284601F5E272F9F713F9B8B99B
:109460002168284601F5E4720431F9F70BF978B95F
:109470002168284601F5E6720831F9F703F938B991
:109480002168284601F5E8720C31F8F7ABFD58B1B8
:10949000F8BD40F63600F8BDF9F7E2FB40F63600BD
:1094A000F8BD4FF4617070472168284601F5EA72F3
:1094B0001031F8F797FD0028EAD11FB12368D3F8DF
:1094C000C4313B60002EE3D02368D3F8D031336041
:1094D000F8BD00BF002850D02DE9F8430C46002904
:1094E0003ED00546086800283AD016461F46F7F7D2
:1094F000F3F8002838D020680430F7F7EDF800289A
:1095000032D020680830F7F7E7F868B320680C30ED
:10951000F8F780FA40B320681030F8F77BFA18B3F8
:10952000DDE90932002A18BF002B089B0CBF01217E
:109530000021002B08BF41F00101002F08BF41F0BE
:109540000101B9B9B6B123686C68D3E974218A42C4
:10955000104638BF0846844212D80120BDE8F8837F
:1095600040F63600BDE8F883F9F77AFB40F636009E
:10957000BDE8F8830B20BDE8F8834FF461707047B5
:10958000D3E9718ED3F8CCC1F0454046EC6938BFC1
:109590007046604538BF60468442DED9D5F81890E1
:1095A0002D6859F8280055F8214055F82250181A0E
:1095B00059F82C2003F10C0C59F82E10B0FA80F059
:1095C000A5EB0C054009B5FA85F56D09357003F179
:1095D0001005641B089DB4FA84F464093C701C1DDA
:1095E00008332870091B0020D31A099AB1FA81F1B7
:1095F000B3FA83F349095B0911700A9A1370B1E752
:10960000002839D070B50446006880B30E46154670
:10961000F8F7B8F830B320680430F8F7B3F808B3B7
:1096200020680830F8F7AEF8E0B120680C30F7F7A2
:109630002BFFB8B120681030F7F726FF90B1CDB1FD
:10964000C6B12A4631462068F8F744F848B10A28DE
:1096500007D040F2592240F6990390420CBF1846B9
:10966000012070BDF9F7FCFA40F6980070BD40F695
:10967000980070BD0B2070BD40F69800704700BF89
:1096800090B370B50446006848B30E461546F8F727
:1096900079F8F8B120680430F8F774F8D0B1206890
:1096A0000830F8F76FF8A8B120680C30F7F7ECFE37
:1096B00080B120681030F7F7E7FE58B195B18EB150
:1096C0002A4631462068F8F745F810B1022818BF3D
:1096D000012070BDF9F7C4FA40F6980070BD40F65D
:1096E000980070BD0B2070BD40F69800704700BF19
:1096F00000283AD070B50446006888B30E46154677
:10970000F8F740F838B320680430F8F73BF810B3A6
:1097100020680830F8F736F8E8B120680C30F7F721
:10972000B3FEC0B120681030F7F7AEFE98B1D5B1E6
:10973000CEB120682A4631460830F7F7CBFF48B152
:109740000A2807D040F2592240F6990390420CBFF4
:109750001846012070BDF9F783FA40F6980070BDF5
:1097600040F6980070BD0B2070BD40F69800704721
:1097700000283AD070B50446006888B30E461546F6
:10978000F8F700F838B320680430F7F7FBFF10B3A0
:1097900020680830F7F7F6FFE8B120680C30F7F7DB
:1097A00073FEC0B120681030F7F76EFE98B1D5B1E6
:1097B000CEB120682A4631460430F7F78BFF48B116
:1097C0000A2807D040F2592240F6990390420CBF74
:1097D0001846012070BDF9F743FA40F6980070BDB5
:1097E00040F6980070BD0B2070BD40F698007047A1
:1097F00098B370B50446006850B30E461546F7F7A7
:10980000C1FF00B320680430F7F7BCFFD8B120686F
:109810000830F7F7B7FFB0B120680C30F7F734FE27
:1098200088B120681030F7F72FFE60B19DB196B176
:1098300020682A4631460430F7F78CFF10B1022821
:1098400018BF012070BDF9F70BFA40F6980070BD03
:1098500040F6980070BD0B2070BD40F69800704730
:1098600000284DD070B50C4659B10546086840B186
:109870001646F7F787FF20B120680430F7F782FF1C
:1098800010B940F6980070BD20680830F7F77AFFED
:109890000028F6D020680C30F7F70EFE0028F0D034
:1098A00020681030F7F708FE0028EAD02168284623
:1098B00001F5EE72F8F712FF0028E4D1216828467E
:1098C00001F5F0720431F8F709FF0028DBD12168B7
:1098D000284601F5F2720831F8F700FF0028D2D1CE
:1098E0002168284601F5F4721431F8F79BFE002830
:1098F000C9D1002EC7D02368D3F8DC31336070BDE6
:109900004FF46170704700BF002867D02DE9F04127
:109910000C4661B10546086848B116469846F7F707
:1099200031FF20B120680430F7F72CFF18B940F65A
:109930009800BDE8F08120680830F7F723FF002881
:10994000F5D020680C30F7F7B7FD0028EFD020687D
:109950001030F7F7B1FD0028E9D0DDE90623002A31
:1099600018BF002B0CBF01210021B8F1000F08BF68
:1099700041F00101A9BBA6B3216800202C69D1F8F0
:10998000E8212F6A54F82220D1F8DC41D1F8E031E7
:1099900057F8244057F82350641AD1F8E431B4FA48
:1099A00084F457F82330640934700C1D2C1BB4FA6E
:1099B00084F4640988F8004001F108041B1B069C2C
:1099C000B3FA83F35B09237001F11403D31A079AE6
:1099D000B3FA83F35B091370BDE8F0814FF4617053
:1099E00070470B20BDE8F0810220704703207047CC
:1099F000042070470620704705207047C2B2062A2F
:109A000010D804290ED800EB800210B45318064C6D
:109A100054F8233013B15DF8044B184700205DF86B
:109A2000044B704700207047FCF6010810B5074C46
:109A3000864684460FCCACE80F000FCCACE80F0094
:109A400023687046CCF8003010BD00BF88F70108CD
:109A5000D0B18446D0F8090000B587B0DCF80D100D
:109A6000DCF81120DCF815300DF1080EAEE80F001F
:109A7000DCF804000CF1400202A91030FFF7CAFB29
:109A800020B907B05DF804FB0B2070470190F9F78F
:109A9000E7F8019807B05DF804FB00BF60B1836888
:109AA00043B11968002281601A72C1681A629A84EF
:109AB0001960C360184670470346FBE780B179B16F
:109AC000C36899420DD02BB11A68914203D0134656
:109AD000002BF9D170470A681A6083680B608160B7
:109AE00070470B68C360F8E738B581B178B1C468D6
:109AF0000D4614B909E024683CB104F109001022B4
:109B0000294602F015FE0028F5D1204638BD002474
:109B1000204638BD40B1C06810B905E0006818B1F2
:109B200090F908308B42F9D1704700BF40B1C0684E
:109B300010B905E0006818B190F90830032BF9DD81
:109B4000704700BF70B1C06860B110B401E0006838
:109B500028B1D0E90A41994208BF9442F7D15DF893
:109B6000044B7047704700BF70B1C06860B110B45B
:109B700001E0006828B1D0E91041994208BF944241
:109B8000F7D15DF8044B7047704700BF70B1C068F3
:109B900060B110B401E0006828B1D0E916419942E3
:109BA00008BF9442F7D15DF8044B7047704700BF7F
:109BB00040B1C06810B905E0006818B190F82030D5
:109BC000002BF9D0704700BF40B1C06810B905E064
:109BD000006818B190F82330002BF9D0704700BF0F
:109BE00098B100220B4600F1280110B5446886B0F8
:109BF00004F110000592CDE9032203AA8DF80C3080
:109C0000FFF73EFD18B906B010BD0B20704701905C
:109C1000F9F726F8019806B010BD00BF000000005B
:109C200010B310B590B0044606A8FFF7FFFE00235E
:109C3000D4F80900EC46D4F80D10D4F811208DF8B2
:109C40001830D4F81530CDF81CD0ACE80F009FEDDB
:109C5000087B606806AA04F1580110308DED087B7E
:109C6000FFF7C6FD10B010BD0B207047AFF30080AA
:109C7000010000000100000082B030B58BB00EACD6
:109C800084E80C0088B1044601A80D46FFF7CEFE1B
:109C900001AA0EA904F110008DF80450FFF7A8FDE9
:109CA0000BB0BDE8304002B070470B200BB0BDE8F0
:109CB000304002B0704700BF0B280DDC002809DBE4
:109CC0000B2807D8DFE800F0070606070606060699
:109CD0000606070701207047CB2818BF01207047F0
:109CE00030B5002383B00093D0B1044669461548CF
:109CF000F8F786FF024610B1012003B030BD009B8B
:109D00008BB118780028F8D001A91846019201F00B
:109D100027FE054650B1431C0DD000202560ECE71E
:109D20000B2003B030BD184603B030BD019B1B783B
:109D3000002BF2D0E0E702F013FE0368222BECD1F7
:109D4000DAE700BFACF701082DE9F04F8DB0984677
:109D50001B9B0792002B18BFB8F1000F0CBF01230B
:109D60000023002A08BF43F00103002908BF43F085
:109D70000103002B3DD1B0FA80F2044652090028BD
:109D800037D00F460BA900F0F3F9054668BB0B9BD3
:109D9000002B37D102460BA93846FBF7ADFA68BB5A
:109DA0000B9B002B33D12A460BA90798FBF786FAA9
:109DB00020BB0B9D002D40F0A2807B21204602F0AD
:109DC000E9FC2378814620BB2F2B22D119AB93E8E5
:109DD000030016AB8DE8030020460ECBF9F7A6F87A
:109DE00000281B9B08BF0A25186028460DB0BDE857
:109DF000F08F0B2528460DB0BDE8F08FFFF75CFF14
:109E00000546F2E7672528460DB0BDE8F08FC92565
:109E1000EBE77E2B75D0B9F1000F00F0C280002374
:109E2000A2461E46089555460994B2464C46DDF8B2
:109E30001CB0002C00F0AE807D21284602F0AAFC68
:109E4000A0EB04092146694809F10106324602F0F7
:109E5000AEFC002851D032462146654802F0A7FCEE
:109E600028B132462146634802F0A1FC38BBD946EE
:109E700018AB93E8070016AB8DE807002046314683
:109E80000CCBF9F775F80446002800F0A3804A4689
:109E9000284616AB2146F8F749FF1A990546179B45
:109EA000204698475046179B1A999847002D6CD02A
:109EB0007B21284602F06EFCAA460446B9E709F168
:109EC000FF32611C4046F9F76BF981460028CFD17B
:109ED0001B9B18AA6925186016AB07CA8DE80700F6
:109EE000314620460CCBF9F743F81A99179B98474F
:109EF000179B1A995046984777E7B946B8E7CA259D
:109F000073E7079E3046E6F72BFA3B4A3B4B039636
:109F1000012818BF1346049702931A9B0093631CF1
:109F200005934FF40063019316AB0FCBF8F7C4FE13
:109F3000064650B3B9F1000F05D07B21B24602F0BE
:109F400029FC81466EE733782F2B1BD0079C2046D7
:109F5000E6F706FA4FF40063294A01931A9B049628
:109F60000093284B0394012818BF1346029316ABA5
:109F70000FCBF8F7A1FE0346179A30461A991E46F2
:109F8000904716B11B9B1E602FE700231B9A0A25E2
:109F900013602AE753465646DDE90854002BD2D118
:109FA00023782F2B1ED0079E3046E6F7D9F91A9A50
:109FB0004FF4006303960494CDE90023104A114B3B
:109FC000012818BF1346029316AB0FCBF8F774FEA7
:109FD0000646D6E7DDE91A125046179B14600A259B
:109FE000984702E700231E46CCE700BFC4F70108EC
:109FF000CCF70108D4F70108BCF70108B8F1010853
:10A0000088EF010880EF010800280CBF0B2000201A
:10A01000704700BF034A034692E8030083E8030049
:10A0200018467047E0F7010882B02DE9F04186B08C
:10A0300004460E4615460DF1300C0DF1040E4CF899
:10A04000043FBCE80F00AEE80F00DCF8003001A8C8
:10A05000CEF80030F8F722FD80F00103DBB23BBB05
:10A0600034B3D4F80480B8F1000F1AD105B32846F0
:10A07000F6F788FBF0B1019B1C200599984707462D
:10A08000606020B3C6B1066080F8048001AC07F1BF
:10A09000080C00250FCCACE80F002368CCF800308A
:10A0A00000E06425284606B0BDE8F04102B07047E4
:10A0B0000B25F7E76525F5E72868283000F052FA08
:10A0C000386067683E6826B101233B71DEE70A25E8
:10A0D000E8E7029B38460599012598476660E1E765
:10A0E00070B582B0F0B14368044663B11868DE68A9
:10A0F000996960B11D7965B91846B04700232846B3
:10A10000636002B070BD1D46284602B070BD0546B2
:10A11000F2E7019100F03CFA051E6368019918BF4F
:10A120000125E9E70B25284602B070BDF0B587B0E0
:10A1300006460B4C6846F8F7A3FCEE46A4462546B7
:10A140003446BEE80F00ACE80F000FCDDEF800701B
:10A150000FC43046CCF80070276007B0F0BD00BFD8
:10A1600074FE012410B1406800B10068704700BF60
:10A17000002800F089802DE9F0470E46002900F004
:10A18000858004461746E6F7EBF8B0B194F800E096
:10A19000DFF860C11CF80E3013F0040339D100F170
:10A1A000FF3814F808202F2A0FD102223260A7B3FB
:10A1B0001846C7F80080BDE8F0870123336067B315
:10A1C000002318463B60BDE8F08704F1FF3A1D46C6
:10A1D00019461AF8012FA2F13009B9F1090F1FD958
:10A1E00022F02009A9F14109B9F1190F18D95F2A04
:10A1F00024D02F2A58D07E2A4AD07B2A5BD07D2AB1
:10A2000069D1002D5CD10523336037B1002039605E
:10A21000D9E704233360002FD2D10020BDE8F087B6
:10A220001CF80220520709D500290CBF002205F0B6
:10A2300001021AB14D1E9D4231D0154601318842AE
:10A24000C7D1002D42D1284601230CE0BEF17E0F7C
:10A2500001D1012847D05A1C8B4200F1010004F1C2
:10A26000010413462ED28045F5D022782F2AEDD155
:10A2700062781CF802205207EDD504223260002FCC
:10A28000CBD000203B609EE70B2070470B209AE765
:10A290000029D3D006233360002FB7D1BDE70923AF
:10A2A0003360002FB2D1B8E7002DC7D00823336048
:10A2B000002FABD1B1E7002DF8D10B460125BDE74A
:10A2C0000025BBE70023184633607CE70522326097
:10A2D000002FD6D1A1E7002D14BF0823032333603C
:10A2E000002F93D199E707233360002F95D00123E6
:10A2F000C7E700BFCDF8010828B370B50446406831
:10A30000E0B104F10800F8F7C9FBC0B12368C3B19C
:10A31000002560682E4650F82500E368A16998473B
:10A32000D4E9003040F8256001359D42F3D3E3685D
:10A33000A169984700231846C4E9003370BD0B207B
:10A3400070BD6068F3E70B20704700BF82B002B0B9
:10A35000704700BF234A2DE9F041126894B01A9E5D
:10A36000BDF86C5013911293C2B3BDF84C109DF818
:10A370004E0001E052688AB39468A38A8B42F9D1F7
:10A38000A37D8342F6D1482204F13001684602F0F1
:10A390001CFB04F1280320460CCBFAF77FFC074690
:10A3A000E0B1D0F808802A46304608F1100100F0EC
:10A3B0003FFA30B939460C4814B0BDE8F04100F01E
:10A3C000BDB8C8F81448C8F81058FAF765FA08F587
:10A3D0000262052342E9020188F8203814B0BDE882
:10A3E000F08100BF40FE012430FE012424482DE905
:10A3F000F041006894B01A9EBDF86C70139100286B
:10A400003BD01D4601E04068B8B38468218B91427F
:10A41000F9D1482204F12801684602F0D6FA04F185
:10A42000200320460CCBFAF739FC804628B330468F
:10A43000D8F808603A4606F1100100F0F9F930B991
:10A440004146104814B0BDE8F04100F077B80FCD98
:10A4500006F6280CC6F81448C6F81078ACE80F00C9
:10A4600095E803008CE80300FAF716FA06F5026295
:10A47000032342E9020186F8203814B0BDE8F081D8
:10A4800010FE012430FE012422482DE9F04100682D
:10A4900094B01A9EBDF86C701391B8B31D4601E0DC
:10A4A000406898B38468218B9142F9D1482204F125
:10A4B0002801684602F089FA04F1200320460CCBFB
:10A4C000FAF7ECFB804608B33046D8F808603A4605
:10A4D00006F1100100F0ACF930B941460E4814B055
:10A4E000BDE8F04100F02AB80022C6F81448C6F8CA
:10A4F0001078C6F82C28C6F82858FAF7CDF906F5D2
:10A500000262042342E9020186F8203814B0BDE853
:10A51000F08100BF80A7012430FE0124034640687B
:10A5200058B142685A600AB1002111601A6842604D
:10A5300002B1106000220260186070470B680BB116
:10A540004A685A604A6802B1136003688B424368E4
:10A5500008BF02604B6003B1196000230B604160CB
:10A56000704700BF38B505460848FFF7D7FF0346D8
:10A5700048B184680023E5612374F8F755FF04F1BE
:10A580001403C4E90504184638BD00BFD0FD0124FA
:10A5900008B5084B196811B90AE0496841B18B68E0
:10A5A00014339842F9D10348FFF7C8FF002008BDD3
:10A5B000012008BDD0FD01242DE9F041054684B0FD
:10A5C00022480F461646FFF7A9FF0446002839D057
:10A5D0002B690221846803F58053DFF87880B3F893
:10A5E0009605421CC4E90565A3F89625FBF7DEF93C
:10A5F0003C22206141463846FAF7B2FCF0B1144FD4
:10A60000304664223946FAF77DFCB8B12869062144
:10A610006B69D0F8842300F52870CDF80080CDE96F
:10A62000017111682269FAF77FFF02462869D0F8A4
:10A630008C33D0F88413FAF731FC18B92046002483
:10A64000FAF720FB204604B0BDE8F08150FE01245B
:10A65000C4FE012488FE012438B58569DDB10446B5
:10A660002869D0F8883300F5287022691968FAF74C
:10A67000DDFE02462869D0F88813D0F89033FAF747
:10A680000DFC03462046002B14BF00240224FAF7D9
:10A69000F9FA204638BD0124204638BD2DE9F041A5
:10A6A00019461F4605469046F5F75EF8E0B93E4666
:10A6B0000BE04144A8682246361B02F086F9AB68DD
:10A6C000286923442044AB60286131460122284692
:10A6D000F5F7D4F8B91B04460028EAD10123A87D78
:10A6E0006B755840BDE8F0813A464146A86802F0D3
:10A6F0006CF9AA682B693A443B44AA602B61EDE7E8
:10A700002DE9F04119461F4605469046F5F72CF80D
:10A71000E8B93E460CE008EB0300A9682246361B68
:10A7200002F053F9AB68286923442044AB602861E8
:10A73000314601222846F5F7A1F8BB1B0446002844
:10A74000E9D10123A87D6B755840BDE8F0813A46F8
:10A75000A968404602F039F9AA682B693A443B449B
:10A76000AA602B61EDE700BF2DE9F0418846114654
:10A7700017460546F4F7F8FFE0B93E460BE04144C2
:10A78000A8682246361B02F020F9AB6828692344EA
:10A790002044AB602861314601222846F5F76EF867
:10A7A000B91B04460028EAD10123A87D6B755840E7
:10A7B000BDE8F0813A464146A86802F006F9AA6869
:10A7C0002B693A443B44AA602B61EDE72DE9F04147
:10A7D00019461F4605469046F4F7C6FFE0B93E46C7
:10A7E0000BE04144A8682246361B02F0EEF8AB6845
:10A7F000286923442044AB60286131460122284661
:10A80000F5F73CF8B91B04460028EAD10123A87DDE
:10A810006B755840BDE8F0813A464146A86802F0A1
:10A82000D4F8AA682B693A443B44AA602B61EDE74F
:10A830002DE9F0418846114617460546F4F794FF86
:10A84000E8B93E460CE008EB0300A9682246361B37
:10A8500002F0BBF8AB68286923442044AB60286150
:10A86000314601222846F5F709F8BB1B04460028AB
:10A87000E9D10123A87D6B755840BDE8F0813A46C7
:10A88000A968404602F0A1F8AA682B693A443B4403
:10A89000AA602B61EDE700BF2DE9F04119461F4684
:10A8A00005469046F4F760FFE8B93E460CE008EB39
:10A8B0000300A9682246361B02F087F8AB682869B6
:10A8C00023442044AB602861314601222846F4F736
:10A8D000D5FFBB1B04460028E9D10123A87D6B7579
:10A8E0005840BDE8F0813A46A968404602F06DF84C
:10A8F000AA682B693A443B44AA602B61EDE700BF8C
:10A9000070B515460E46017D0446F4F783FA0DB97D
:10A91000012070BD2B463246217D2046BDE87040A7
:10A92000FFF7BCBE2DE9F0411D4616460F461A46FC
:10A93000017D0446F4F796FB2B689E4201D201226A
:10A94000A27513B90120BDE8F0813A46217D204669
:10A95000BDE8F041FFF7D4BE70B515460E46017D47
:10A960000446F4F757FA0DB9012070BD2B46324664
:10A97000217D2046BDE87040FFF728BF2DE9F0415A
:10A980001D4616460F461A46017D0446F4F76AFB3B
:10A990002B689E4201D20122A27513B90120BDE8A5
:10A9A000F0813A46217D2046BDE8F041FFF774BFB3
:10A9B00010B582B0044608460191E5F7D1FC024685
:10A9C00001992046013202B0BDE81040FFF798BF60
:10A9D00000B583B001ABFFF7A5FF03B05DF804FB42
:10A9E0004FF6FF73038070474FF6FF730380704785
:10A9F00038B5044600880D4600F046FD0346C00FFA
:10AA0000002BB8BF258038BD70B50C4605460889B7
:10AA10002B68267DD1E90012B2FBF0F2A3EB010C0A
:10AA2000BCFBF2FC0CF1010C1FFA8CF3B3FBF0FC45
:10AA300000FB1C339BB202FB03F3181D084450F8C3
:10AA4000042C16B1002640F8046C032A01D801201A
:10AA500070BD08332846043A19442B69F4F7D0FE38
:10AA6000284622460249F4F7A7FE002070BD00BF29
:10AA700009AA010810B5C0E900120024029A038156
:10AA800002610475C3B10C600189012914D94FF02A
:10AA9000010C43680CF1010EBCFBF1F2B3FBF1F3C6
:10AAA00001FB12C21FFA8EFC92B202FB03F3026892
:10AAB000D45001896145ECD84FF0FF33C36010BD1D
:10AAC0000189D9B110B54FF0000EF44674464368C1
:10AAD0000EF1010EBCFBF1F2B3FBF1F301FB12C26C
:10AAE0001FFA8EFC92B202FB03F30268D450018974
:10AAF0006145ECD84FF0FF33C36010BD4FF0FF331A
:10AB0000C36070472DE9F84304460D460189174696
:10AB10008089984600F0B0FC29460646A08900F0DE
:10AB2000B3FC00280ADB00262946E08900F0ACFCD3
:10AB3000002800DAE5813046BDE8F8833046294632
:10AB400000F0A2FC0028EEDB2369384698478146D6
:10AB50000121A08900F090FCB9F1000F08BF8542E7
:10AB60000CBF0126002604D10023089AA08113708F
:10AB7000DAE722896368B5FBF2F0B3FBF2F302FB7C
:10AB8000105080B203FB00F023680430184450F8E2
:10AB9000043C002BC7D13946424601F016FF2189FB
:10ABA0006368B5FBF1F2B3FBF1F301FB125292B211
:10ABB00002FB03F3226842F803800123089A137012
:10ABC000B9F1000FAFD0A6890121304600F054FC46
:10ABD000218963680646B0FBF1F2B3FBF1F301FB98
:10ABE0001202206892B202FB03F30433184450F8B7
:10ABF000043C002B97D023699847022802D00128F3
:10AC0000E2D090E701268FE72DE9F04704460F4692
:10AC100080890121904600F02FFC22896668B0FBF4
:10AC2000F2F3B6FBF2F602FB13039BB203FB06F64C
:10AC3000236804361E4456F8049CB9F1000F23D053
:10AC40000546236930469847824600B3B4F80CA005
:10AC50000121504600F010FC21898246636820687B
:10AC6000BAFBF1F2B3FBF1F301FB12A292B202FBC9
:10AC700003F30433184450F8043C2BB1236998477C
:10AC800002281BD00128E3D00020BDE8F0874A4607
:10AC900031463846F4F7BCFD218963680120B5FBD5
:10ACA000F1F2B3FBF1F301FB125292B202FB03F398
:10ACB000226842F803A0A581BDE8F087208906EB51
:10ACC00008016368A9EB0802B5FBF0F6B3FBF0F3EB
:10ACD00000FB16550020ADB203FB05F52368585163
:10ACE0003846F4F795FD384622460349F4F764FDEB
:10ACF0000120A4F80CA0C8E709AA010838B511463C
:10AD00000446C089154600F0BFFB0028B8BFE581A6
:10AD100038BD00BF2DE9F843038904460F468589F5
:10AD2000DBB12846012604E0664506F1010614D28F
:10AD3000A089B1B200F0A0FBB4F808C0B0FBFCF2EF
:10AD4000D4E900130CFB1202B3FBFCF392B202FB3A
:10AD500003F3CB58002BE7D105463D800121E6895E
:10AD6000284600F08DFB0146304600F089FB064680
:10AD700028B34FF000094FF001084D461FFA89F142
:10AD8000388800F079FBB4F808C0616808FA09FE59
:10AD9000226809F101094EEA050EB0FBFCF3B1FB94
:10ADA000FCF103FB1C0083B201FB03F3D3580BB986
:10ADB0001FFA8EF54E45E1D12846BDE8F8830546D9
:10ADC0002846BDE8F88300BF4FF6FF7C016003739F
:10ADD000A0F80EC0C0E90132704700BF4FF6FF7205
:10ADE000037BC28143607047F0B5044683B040687E
:10ADF0000D461646FCF760FF63681844A3684219C5
:10AE000093422CBF0127002702D2384603B0F0BD81
:10AE10000090002330462168F4F7E8FC616838466A
:10AE20002944616003B0F0BD2DE9F04104461D46A0
:10AE30004068237B98428CBF0126002602D830460A
:10AE4000BDE8F0818846E0890121174600F014FB37
:10AE50002368E08128803046C8F8003063683B6092
:10AE6000237B6360BDE8F081F8B5B1F808C00C46FB
:10AE700003680546267BD1E90012B2FBFCF2A3EB86
:10AE8000010E0369BEFBF2FE0EF1010E1FFA8EFEEB
:10AE9000BEFBFCF70CFB17EC1FFA8CFC02FB0CFC56
:10AEA00051F80C20B444921B0CF1080C043A614494
:10AEB000F4F7A6FC284622460249F4F77DFC002060
:10AEC000F8BD00BF69AE010830B59DF80C400381A4
:10AED0000473C0E90012E3B10C60B0F808C0BCF123
:10AEE000010F16D94FF0010E43680EF10105047BE6
:10AEF0000168BEFBFCF2B3FBFCF30CFB12E21FFA91
:10AF000085FE92B202FB03F3CC50B0F808C0F445C2
:10AF1000EAD8074B4FF6FF724FF0FF346FF0004551
:10AF2000C0F80E30002342820384C0E9064530BDDC
:10AF30000000FFFF00000000018910B5B1B14FF023
:10AF4000000EF44643680EF1010E047BBCFBF1F2E7
:10AF5000B3FBF1F301FB12C21FFA8EFC92B202FBAB
:10AF600003F30268D45001896145EBD8084B4FF6D2
:10AF7000FF729FED057BC0F80E30002342820384F0
:10AF800080ED067B10BD00BFFFFFFFFFFFFFFF7FCF
:10AF90000000FFFF2DE9F04F044691B000898B4679
:10AFA000E68904926568236894F80C90B6FBF0F289
:10AFB000B5FBF0F500FB12622F1F92B205FB0232C7
:10AFC000111DD2F800800391002800F04A814FF053
:10AFD000000CE24661460CF1010CB1FBF0F200FB03
:10AFE00012121FFA8CF192B205FB02F29A584A45EE
:10AFF00003D10AF1010A1FFA8AFA8142EBD34046D3
:10B000000421CDF814A0F4F707FC804408EB0B02F0
:10B01000BA4240F2CA80227B5A44BA4240F2B2801D
:10B020004FF6FC72BBB2A2EB09021A4492B20AFBC1
:10B0300002F90592D9450692C0F0B38008F10402E6
:10B04000BA4280F0DA80A3F10409059BA9EB080954
:10B050001FFA89F9ABEB090BBBFBF3F203FB12B34D
:10B06000002B40F0C48093B2534500F29A80002B2D
:10B0700000F0F980CDF81C804FF0000ADDF8148054
:10B080000DF1200B05951D4600E0C146228958466A
:10B0900063680AF1010AB6FBF2F1B3FBF2F302FBBB
:10B0A00011613A4689B203FB01F123680431194466
:10B0B000002351F804CCCDF800C0F4F797FB4A46C2
:10B0C00000230D215846FCF7B7FD218963683046FF
:10B0D000B6FBF1F2B3FBF1F301FB1262012192B274
:10B0E00002FB03F32268D75000F0C6F906461FFAA8
:10B0F0008AF39D42C9D8DDF81C80059D20893A4617
:10B100006368B6FBF0F1B3FBF0F300FB1161584646
:10B1100089B201FB03F3216804331944002351F879
:10B12000047C0097F4F762FB069F58460223BAB2EC
:10B130000D21FCF781FD08F10401039BA5F1080234
:10B1400025890B44A2EB0802B6FBF5F019466368AB
:10B1500005FB1060B3FBF5F380B2256800FB03F339
:10B16000207B04303844E850049D2846F4F750FB17
:10B17000284622463D49F4F71FFB0120E68111B025
:10B18000BDE8F08F0121E08900F076F905462189BC
:10B19000608A00F071F90146284600F075F9002830
:10B1A00044DD002011B0BDE8F08F2189608A05924E
:10B1B00000F062F90146304600F066F90028059A71
:10B1C000EFDC2589D4E90073B6FBF5F4B3FBF5F3A6
:10B1D00005FB1464A4B204FB03F3DDE90310FA5089
:10B1E0000023CDF80080F4F701FB0120DAE70132FB
:10B1F000069393B25345D4D839E7304601210793DB
:10B2000000F03AF9064620896268B6FBF0F1B2FB1D
:10B21000F0F200FB116189B201FB02F221680432F5
:10B220008B1853F8048C0393079B0CE72189636800
:10B230000498B5FBF1F2B3FBF1F301FB1252216864
:10B2400092B202FB03F3227B04335A44194441F8BF
:10B25000042C237B00930023F4F7C8FA0120E58136
:10B26000A0E78246CBE60DF1200B47E769AE010867
:10B27000F8B504461D460F46008A0121164600F027
:10B28000FBF8288022896368B0FBF2F1B3FBF2F38C
:10B2900002FB110CE1891FFA8CFC0CFB03FC2368F8
:10B2A0000CF1040C63443B6023689C445CF8043C50
:10B2B000336000F0E9F8002801DD0020F8BD237BB1
:10B2C00032689A42F9D9618A208A00F0D9F8238934
:10B2D0008342F2D02888E3892082984201D001205D
:10B2E000F8BD012100F0C8F803460120E381F8BD54
:10B2F00070B5018A0446408A15461E4600F0C4F81F
:10B30000002807DB4FF0FF326FF000430020C4E954
:10B31000062370BD94F8200040B9012384F8203042
:10B32000643546F10006C4E9065670BDD4E906232B
:10B33000954276EB030304DB431C012084F82030A4
:10B34000EEE70020ECE700BF408A70472DE9F041AE
:10B3500090F8217097B180460D4616461C46188815
:10B36000012100F089F82080B8F8101000F08CF866
:10B37000002806DD00231F4688F821303846BDE846
:10B38000F081B8F808202088D8F80410B0FBF2F358
:10B39000B1FBF2FC02FB13039BB203FB0CFCD8F8DD
:10B3A00000300CF1040C63442B60D8F80030634487
:10B3B00053F8043C336098F80C209A42D0D0DDE773
:10B3C000F8B504460E461046012100F059F8618A8E
:10B3D00000F056F8C8B1054600270121608A00F048
:10B3E0004BF823896268013794F80CC02168BD428C
:10B3F0006082B0FBF3FEB2FBF3F203FB1E039BB2D1
:10B4000002FB03F341F803C0E7D1003E4FF0000315
:10B4100018BF012684F8203084F82160F8BD00BFF1
:10B42000018A408A08B500F02FF8B0FA80F0400990
:10B4300008BD00BF0189E1B143684FF0000C30B591
:10B44000B3FBF1FE05686246047B60460CF1010C1B
:10B45000B2FBF1F301FB13231FFA8CF29BB20EFB3C
:10B4600003F3EB589C4201D1013080B28A42EDD304
:10B4700030BD0846704700BF084480B2704700BF27
:10B48000401A80B2704700BF884211D009D3884269
:10B4900010D9401AB0F5004FD4BF01204FF0FF3053
:10B4A00070470B1AB3F5004FF1DA4FF0FF307047D9
:10B4B00000207047012070471FB514461A46094BFB
:10B4C0001B680546D86854B9074B1C46CDE90134C2
:10B4D00000912B46054900F047FF01F084FA044B28
:10B4E000F4E700BF380300243FF8010811F8010811
:10B4F00004F80108024B0A460146186800F002B839
:10B500003803002470B5A1FB02543CB9294600F071
:10B5100087F8064628B90026304670BD0C22026026
:10B52000F9E72A46214601F02DF9F5E707B5044B66
:10B53000014601AA186800F005F803B05DF804FBA5
:10B54000380300242DE9F84FDFF86CA00646894641
:10B55000174602F065F8DAF8004034B14B469846D9
:10B5600013F8012B3AB13D2AF9D1304602F05EF8CA
:10B570000020BDE8F88FA8EB0908A34654F8040B97
:10B580000028F2D04246494601F011F90028F4D1D2
:10B5900054F8043C03EB080513F808303D2BECD1BC
:10B5A000DAF80030ABEB03039B1030463B6002F04F
:10B5B0003DF8681CDDE700BF10000024024B014687
:10B5C000186800F02DB800BF38030024024B014674
:10B5D000186802F031B800BF3803002470B50F4E70
:10B5E0000C463168054611B901F098F930602146E2
:10B5F000284601F093F9431C03D14FF0FF34204655
:10B6000070BDC41C24F00304A042F8D0211A2846BF
:10B6100001F084F90130F2D1EFE700BF28FF0124E7
:10B620002DE9F843CD1C25F0030508350C2D38BF56
:10B630000C25002D064601DBA94204D90C233360FA
:10B640000020BDE8F883DFF8D48000F069F8D8F86E
:10B6500000301C4644BB29463046FFF7BFFF431C61
:10B66000044658D1D8F800402746002F43D1002C7B
:10B670004BD023683946304604EB030901F04EF9FC
:10B68000814542D121686D1A29463046FFF7A6FF51
:10B6900001303AD023682B442360D8F800305A6830
:10B6A00062BBC8F800700FE02268521B20D40B2A3E
:10B6B00017D96119A342256018BF5960636808BF94
:10B6C000C8F8001062514B60304600F02FF804F1CA
:10B6D0000B00231D20F00700C21A1CBF1B1AA35029
:10B6E000AFE76268A3420CBFC8F800205A60EBE7DE
:10B6F00023466468AEE73C467F68B6E71A465B6857
:10B70000A342FBD100235360DEE70C2333603046B5
:10B7100000F00CF894E70560D6E700BF2CFF012489
:10B72000014801F048B900BF71000224014801F04E
:10B7300043B900BF7100022438B5104B1D682B6B54
:10B740000446B3B91820FFF739FF0246286320B931
:10B750000B4B0C484621FFF7AFFE0B490B4BC0E9E2
:10B7600000130B4B83600B23838100210120C2E96E
:10B7700004012B6B00221C615A6138BD3803002480
:10B7800040F8010857F801080E33CDAB34126DE6CE
:10B79000ECDE0500164B10B51C68236BB3B91820FE
:10B7A000FFF70CFF0246206320B9124B12485221CA
:10B7B000FFF782FE1149124BC0E90013114B836061
:10B7C0000B23838100210120C2E90401216B0E4873
:10B7D0000B694C690D4A584302FB0400A3FB02327B
:10B7E000013340EB0200C1E9043020F0004010BDFD
:10B7F0003803002440F8010857F801080E33CDAB98
:10B8000034126DE6ECDE05002DF451582D7F954C79
:10B81000024B0A460146186800F002B838030024BB
:10B820002DE9F041804615460C4621B9BDE8F041AE
:10B830001146FFF7F5BE2AB901F0FEFE00242046AE
:10B84000BDE8F08102F0C8FA8542064602D8B5EBA1
:10B85000500FF4D829464046FFF7E2FE074600287D
:10B86000ECD0B5422A46214628BF324601F0ADF859
:10B870002146404601F0E0FE3C46E0E72DE9F0437A
:10B88000364E86460D46284615F8014B375D17F0B3
:10B890000807F8D12D2C26D12C780127851C3BBB1D
:10B8A000302C32D00A234FF0FF380026B8FBF3F8D3
:10B8B00003FB08F96FEA09093046A4F1300CBCF12A
:10B8C000090F29D86446A34237DDB6F1FF3F07D000
:10B8D00080452FD301D1A1452CDB00FB034001267D
:10B8E00015F8014BE9E72B2C04BF2C78851CD6E713
:10B8F000102BD8D1302CD6D1287800F0DF00582872
:10B90000D1D16C7810230235CDE72B7803F0DF031B
:10B91000582BF6D00823C6E7A4F1410CBCF1190F4F
:10B9200001D8373CCFE7A4F1610CBCF1190F04D862
:10B93000573CC8E74FF0FF36D2E7731C06D12223ED
:10B94000CEF80030304632B9BDE8F08307B140424E
:10B95000002AF9D006B1691E1160F5E7CDF801089B
:10B9600013460A46014602480068FFF787BF00BF3A
:10B97000380300242DE9F0412DED028BB0EE408B11
:10B9800084B0DDE90C68154618EE902A28F02007EF
:10B99000002AB6BF2D220022B1EE408B462F0C4666
:10B9A0001A7004D0452F00D10134022100E0032198
:10B9B00003AB019302AB009322463346B0EE480B33
:10B9C00001F0A2F8B8F1670F15D1EB070AD50219FB
:10B9D000B5EE408BF1EE10FA08BF03923021039BC5
:10B9E00093421DD3039B0E9A1B1A136004B0BDEC47
:10B9F000028BBDE8F081B8F1470FE6D0462F00EB8F
:10BA00000402E5D10378302B07D1B5EE408BF1EE7F
:10BA100010FA1CBFC4F10104346033681A44D7E73C
:10BA20005C1C03941970DAE7F7B50029BABF4942E4
:10BA30002D232B2309290270437029DD0DF1070303
:10BA40001D460A271A46B1FBF7F607FB16143034D9
:10BA500002F8014C0C46632C03F1FF333146F1DC54
:10BA60003031941E03F8011C411C2346AB420AD31B
:10BA70000DF109039B1AAC4288BF00230233034433
:10BA8000181A03B0F0BD13F8016B01F8016FEDE770
:10BA9000302330318370C170031DF1E700000000D6
:10BAA0002DE9F04F8DB00C46DDF8588016461F4644
:10BAB000054600F0A5FED0F800B05846E4F750FC6B
:10BAC00000230A93D8F8003094F818902268059063
:10BAD000073323F0070303F10801C8F8001093EDC2
:10BAE000000B9FED9D6BB0EEC07BB4EE467BF1EE9C
:10BAF00010FA84ED120B24DDB5EEC00BF1EE10FA56
:10BB000002D52D2384F843309549964BB9F1470F60
:10BB100094BF8846984622F00402032323612260E2
:10BB20004FF0000A009733460BAA2146284600F042
:10BB3000DDF9013040F093804FF0FF300DB0BDE8EB
:10BB4000F08FB4EE400BF1EE10FA09D710EE903AF8
:10BB5000002BBCBF2D2384F843308349834BD5E7AA
:10BB60006368591C24D10623636042F48062002379
:10BB7000226003930AABCDE9019309AB009361689E
:10BB80000DF123032846FFF7F5FEB9F1670F099978
:10BB9000804615D1CB1C3BDB6368994238DC0A9B9D
:10BBA000994255DB23682161D80745D54B1C42E0FB
:10BBB00009F0DF014729D8D1002BD6D10123D3E7E3
:10BBC000B9F1470F07D1C81C25DB63688B4222DB24
:10BBD0004FF06709E3E7B9F1650F1FD801394A460D
:10BBE00004F150000991FFF71FFF0A9A1318012A68
:10BBF0008246236102DC2268D20701D5013323612A
:10BC00009DF82330002B8DD02D2384F8433089E715
:10BC10004FF06509E2E74FF04509DFE7B9F1660F3C
:10BC2000BDD1002963680BDD216113B92268D007FB
:10BC300002D501330B442361A1654FF0000ADFE711
:10BC400013B92268D20701D50233F4E70123F2E7E2
:10BC50000029D4BFC1F1020201221344EBE723689B
:10BC60005A0507D42369424631462846B847013071
:10BC70002AD161E7B9F1650F40F2E28094ED127BC1
:10BC8000B5EE407BF1EE10FA33D1394A012331464B
:10BC90002846B84701303FF44FAFDDE90938434546
:10BCA00002DB2368D8070FD5059B5A463146284644
:10BCB000B84701303FF440AF4FF0000908F1FF38BA
:10BCC00004F11A0AC84509DC23689B0700F10981C1
:10BCD000E0680B9B9842B8BF18462FE701235246F5
:10BCE00031462846B84701303FF426AF09F1010933
:10BCF000E8E7099B002B3DDC1D4A0123314628461D
:10BD0000B84701303FF418AFDDE9093959EA0303B8
:10BD100002D12368D907D7D5059B5A463146284614
:10BD2000B84701303FF408AF4FF0000A04F11A0B96
:10BD3000099B5B42534501DC4B4694E701235A467D
:10BD400031462846B84701303FF4F6AE0AF1010A01
:10BD5000EEE700BFAFF30080FFFFFFFFFFFFEF7FC5
:10BD6000CDF90108D1F90108D5F90108D9F901087F
:10BD7000DDF90108A36DDDF828A05345A8BF53469F
:10BD8000002B994637DC0023079329EAE97904F16F
:10BD90001A02A36D07990693A3EB09038B4231DCCA
:10BDA000099B9A453BDC2368DA0738D4099BAAEB48
:10BDB0000309069BAAEB03039945A8BF9946B9F16D
:10BDC000000F34DC4FF0000829EAE97904F11A0B7E
:10BDD000099BAAEB0303A3EB090343457FF774AF69
:10BDE00001235A4631462846B84701303FF4A4AEF5
:10BDF00008F10108ECE7424631462846B8470130D1
:10BE0000C1D199E60123314628460692B847013050
:10BE10003FF492AE079B069A01330793B9E7059B5F
:10BE20005A4631462846B8470130BFD184E6069AC3
:10BE30004B46424431462846B8470130C2D17BE6E2
:10BE4000DDF82890B9F1010F01DCDB0736D50123BD
:10BE5000424631462846B84701303FF46DAE059B57
:10BE60005A4631462846B84701303FF465AE94ED56
:10BE7000127BB5EE407BF1EE10FA09F1FF3918D0D4
:10BE80004B4608F1010231462846B84701300CD133
:10BE900052E601235A4631462846B84701303FF45E
:10BEA0004BAE08F10108C845F3DB534604F15002DC
:10BEB000DAE64FF0000804F11A0BF4E701234246DA
:10BEC000E1E701234A4631462846B84701303FF4AE
:10BED00033AE08F10108E3680B995B1A4345F0DCC7
:10BEE000F6E64FF0000804F11909F4E72DE9F047F0
:10BEF000164698468A680B69DDF820909342B8BFD1
:10BF00001346336091F8432007460C460AB10133CB
:10BF100033602368990642BF336802333360256873
:10BF200015F0060506D104F1190AE36832689B1A78
:10BF3000AB4226DC94F843302268003B18BF012353
:10BF400092062BD404F1430241463846C8470130DB
:10BF50001ED02368226903F00603042B02BFE568A4
:10BF60003368ED1AA3680CBF25EAE57500259342F6
:10BF7000C4BF9B1AED1800261A34B5421AD100200E
:10BF800008E00123524641463846C847013003D1F4
:10BF90004FF0FF30BDE8F0870135C6E7E1185A1CC5
:10BFA000302081F84300224494F8451082F8431071
:10BFB0000233C7E70123224641463846C8470130CD
:10BFC000E6D00136D9E700002DE9FF470F7E0C9E31
:10BFD000782F914680460C469A4601F1430207D8D5
:10BFE000622F0AD8002F00F0DD80582F00F0C380A8
:10BFF00004F1420684F842703AE0A7F16303152B7E
:10C00000F6D801A151F823F061C0010875C00108FC
:10C01000F1BF0108F1BF0108F1BF0108F1BF01083C
:10C0200075C00108F1BF0108F1BF0108F1BF0108A7
:10C03000F1BF01088BC1010803C1010843C1010818
:10C04000F1BF0108F1BF0108ADC10108F1BF01084E
:10C0500003C10108F1BF0108F1BF01084BC101088C
:10C0600033681A1D1B68326004F1420684F84230BE
:10C070000123A8E031682368081D30601E0601D541
:10C080000D6803E05D06FBD5B1F900506168002D35
:10C0900078DA2D20002984F84300A1602DDA5E486B
:10C0A0006D420A231646B5FBF3F103FB1157C75D3A
:10C0B00006F8017D2F46BB420D46F4D9082B0BD163
:10C0C0002368DF0708D5236961689942DEBF302302
:10C0D00006F8013C06F1FF36921B2261CDF800A064
:10C0E0004B4603AA21464046FFF700FF01306FD1BF
:10C0F0004FF0FF3004B0BDE8F08723F00403236065
:10C10000CDE721683368080653F8045B02D449067A
:10C1100048BFADB26F2F4048336014BF0A230823D5
:10C12000002184F843106668A660002EBADB2168FF
:10C1300021F004012160002DB4D1002EB2D11646A9
:10C14000BCE7236843F0200323603448782784F851
:10C150004570236831681F0651F8045B02D45F06FE
:10C1600048BFADB23160D90744BF43F0200323601C
:10C170001DB11023D4E72848E9E7236823F0200302
:10C180002360F6E724480A23CDE733682568616910
:10C19000181D30602E061B6801D5196002E0680684
:10C1A000FBD5198000232361164697E733681A1DD3
:10C1B00032601E68626800213046E4F781F808B1F9
:10C1C000801B606063682361002384F8433085E747
:10C1D0002369324649464046D047013088D023681B
:10C1E0009B0714D4E068039B9842B8BF184681E7C8
:10C1F0000123324649464046D04701303FF478AFEC
:10C200000135E36803995B1AAB42F1DCEAE70025EC
:10C2100004F11906F5E700BFDFF90108F0F901089C
:10C22000002310B50446C0E90033C0E9043383603D
:10C2300081814366C2818361194608225C3000F027
:10C24000A1FA0D4B63620D4BA3620D4BE3620D4BE4
:10C2500023630D4B24629C4206D003F16802944292
:10C2600002D0D0339C4205D104F15800BDE8104003
:10C2700000F0A0BB10BD00BF11C5010833C5010807
:10C280006BC501088FC5010830FF0124024A03492C
:10C29000034800F07BB800BF2C03002425E401080C
:10C2A0003C03002441680C4B994210B5044601D070
:10C2B00002F0B8F8A168094B994202D0204602F07A
:10C2C000B1F8E168064B994204D02046BDE8104021
:10C2D00002F0A8B810BD00BF30FF012498FF012470
:10C2E0000000022410B50B4B0B4C0C4A1A60204680
:10C2F00000220421FFF794FF04F1680001220921C4
:10C30000FFF78EFF04F1D0000222BDE81040122199
:10C31000FFF786BF6800022430FF01248DC20108A8
:10C32000014800F048BB00BF72000224014800F041
:10C3300043BB00BF7200022410B50446FFF7F0FFB4
:10C34000236A1BB1BDE81040FFF7F0BF044B236226
:10C35000044B1B68002BF5D1FFF7C4FFF2E700BFC9
:10C36000A5C20108680002240EB403B5014603AB60
:10C37000054853F8042B0068019301F0B7FE02B0A2
:10C380005DF804EB03B07047380300242DE9F8434F
:10C390000746884614460026D4E90195B9F10109FB
:10C3A00005D52468002CF7D13046BDE8F883AB8969
:10C3B000012B07D9B5F90E30013303D02946384691
:10C3C000C04706436835E9E70FB407B5064904AB33
:10C3D000086853F8042B8168019301F087FE03B0CD
:10C3E0005DF804EB04B0704738030024036A70B5AD
:10C3F000846805460E460BB9FFF79EFF636EDB07A8
:10C4000005D4A389980502D4A06D00F0D4FAA389BD
:10C41000190702D52369002B35D12146284600F0A3
:10C4200031F980B34FF0FF35636EDA0705D4A38985
:10C430009B0502D4A06D00F0BFFA284670BD002B0A
:10C4400015DB23685A1C22601970A36816F8011FB7
:10C45000013BA3600029F2D1002B16DA22460A2103
:10C46000284600F0D1F80130DCD00A25DCE7A269CB
:10C470009A4201DC0A29E4D12246284600F0C4F899
:10C480000130E2D1CEE7013EDFE723685A1C22608B
:10C490000A221A70E9E70000024B01461868FFF70C
:10C4A000A5BF00BF380300240CB430B5174B0C1ED9
:10C4B0001D689DB008DA8B232B604FF0FF301DB054
:10C4C000BDE8304002B070474FF40273ADF814304D
:10C4D00014BF04F1FF332346049307934FF6FF7311
:10C4E00002900690ADF81630209A21AB02A928469A
:10C4F000019301F0D5FC431CBCBF8B232B60002CA7
:10C50000DDD0029B00221A70D9E700BF3803002457
:10C5100010B50C46B1F90E1000F0EEF90028ABBFD3
:10C52000636DA3891B1823F48053ACBF6365A3819B
:10C5300010BD2DE9F0411F468B89DB0505460C46F1
:10C54000164605D5B1F90E100223002200F0C2F9FB
:10C55000A389B4F90E1023F48053A38132463B46DD
:10C560002846BDE8F04100F0E9B910B50C46B1F934
:10C570000E1000F0AFF9431CA38915BF606523F4CA
:10C58000805343F48053A38118BFA38110BDB1F938
:10C590000E1000F039B930B51446002C9BB005469A
:10C5A0001A4605DA8B2303604FF0FF301BB030BD15
:10C5B0004FF40273ADF80C3014BF04F1FF3323467F
:10C5C000029305934FF6FF7300910491ADF80E307E
:10C5D00069461E9B01F064FC431CBCBF8B232B608F
:10C5E000002CE3D0009B00221A70DFE707B5009310
:10C5F00013460A46014603480068FFF7CCFF03B024
:10C600005DF804FB38030024F8B50E4614460546D1
:10C6100018B1036A0BB9FFF78FFEA369A360A38962
:10C620001A0701D5236943B92146284600F02AF8A4
:10C6300018B14FF0FF373846F8BD23682269981AC1
:10C640006369F6B28342374605DC2146284601F08D
:10C65000E9FE0028EDD1A368013BA36023685A1CC2
:10C6600022601E706269431C9A4204D0A389DB07D2
:10C67000E1D50A2EDFD12146284601F0D3FE00285D
:10C68000D9D0D6E738B5294B054618680C4618B1FD
:10C69000036A0BB9FFF750FEB4F90C30190722D426
:10C6A000DA0607D409222A6043F04003A3814FF041
:10C6B000FF3033E0580712D5616B41B104F14403F8
:10C6C000994202D0284600F0B7FF00236363A38994
:10C6D00023F02403A3810023636023692360A389DB
:10C6E00043F00803A38123694BB9A38903F42073A2
:10C6F000B3F5007F03D02146284601F0E1FEB4F9EE
:10C700000C3013F001020AD00022A260626952428A
:10C71000A261226942B913F08000C5D138BD9907E2
:10C7200058BF6269A260F4E70020F7E738030024ED
:10C7300010B501390244904201D1002005E0037890
:10C7400011F8014FA34201D0181B10BD0130F2E7D0
:10C75000884210B501EB020402D98442234607D86F
:10C76000431EA14208D011F8012B03F8012FF8E76E
:10C77000024401468A4200D110BD13F8014D02F86F
:10C78000014DF7E702440346934200D1704703F896
:10C79000011BF9E7C9B20346184613F8012B12B181
:10C7A0008A42F9D17047002918BF0020704710B5A0
:10C7B0006AB10139841810F8012B11F8013F9A422F
:10C7C00003D1A04201D0002AF5D1D01A10BD1046E5
:10C7D000FCE70A7870B56AB970BD9A4209D10C4677
:10C7E000054614F8013F002BF6D015F8016F9E4264
:10C7F000F7D001300378002BEFD11846ECE70000AA
:10C80000004870477804002438B5064D00230446DC
:10C8100008462B60E5F722F9431C02D12B6803B1CF
:10C82000236038BD6C000224294B1B68834270B51D
:10C8300004464BD0C369ABB1DB686BB10025E3693B
:10C84000DB68595900293BD10435802DF7D1E369C4
:10C850002046D96800F0F0FEE369196811B120465E
:10C8600000F0EAFE616911B1204600F0E5FEE169E1
:10C8700011B1204600F0E0FE216B11B1204600F01E
:10C88000DBFE616B11B1204600F0D6FEA16B11B149
:10C89000204600F0D1FEA16C11B1204600F0CCFE84
:10C8A000616C11B1204600F0C7FEE16A11B120466B
:10C8B00000F0C2FE236A4BB12046BDE87040184725
:10C8C0000E68204600F0B8FE3146BBE770BD00BFE1
:10C8D0003803002438B5074D0446084611460022A7
:10C8E0002A601A46E5F7E1F8431C02D12B6803B130
:10C8F000236038BD6C00022438B5074D0446084655
:10C90000114600222A601A46E5F78BF8431C02D133
:10C910002B6803B1236038BD6C00022438B5064D86
:10C920000023044608462B60E5F7CCF8431C02D1EF
:10C930002B6803B1236038BD6C00022438B5074D65
:10C9400004460846114600222A601A46E4F716FFFC
:10C95000431C02D12B6803B1236038BD6C00022454
:10C96000014B1868704700BF3803002470B50D4DA7
:10C970000D4C641BA4100026A64209D10B4D0C4C93
:10C9800001F0BEFF641BA4100026A64205D170BDB5
:10C9900055F8043B98470136EEE755F8043B9847B5
:10C9A0000136F2E72CFC01082CFC01082CFC0108E4
:10C9B00038FC0108704770477047034611F8012B97
:10C9C00003F8012B002AF9D170470A44914200F183
:10C9D000FF3300D1704710B511F8014B03F8014F38
:10C9E0009142F9D110BD08B5062001F0CDFD01201E
:10C9F000E5F70CF82DE9F74F03690C69A3420746E8
:10CA00007EDB013C01F11408A30000F11405009342
:10CA100005EB8403019358F8243055F824200133A2
:10CA20009A4208EB8409B2FBF3F62ED34FF0000ACA
:10CA3000C446AE46D3465CF8043B98B206FB00A061
:10CA4000020C1B0C06FB0323DEF8002080B292B21E
:10CA5000121A5A44DEF800004FEA134A9BB2C3EBA5
:10CA6000224303EB104392B242EA0342E1454EF8FF
:10CA7000042B4FEA234BDED2009BEB582BB9019BD2
:10CA8000043B9D421A462FD33C61384601F09CF886
:10CA9000002825DB2946002058F8042BD1F800C0D7
:10CAA0001FFA82FE1FFA8CF3A3EB0E030344120C51
:10CAB000C2EB234202EB1C429BB243EA0243C14554
:10CAC00041F8043B4FEA2240E6D255F8242005EB1A
:10CAD000840322B9043B9D421A460BD33C610136C4
:10CAE000304603B0BDE8F08F1268043B002ACBD17A
:10CAF000013CC6E71268043B002AEFD1013CEAE79B
:10CB00000020EEE7000000002DE9F04F2DED028B34
:10CB1000C76991B0CDE907128DED020B55EC104BB2
:10CB20001C9E0C9382467FB91020FEF747FD0246FB
:10CB3000CAF81C0020B9A24BEF21A248FEF7BCFCAA
:10CB4000C0E901770760C760DAF81C30196859B18D
:10CB50005A684A60012393408B60504600F0F6FD0E
:10CB6000DAF81C3000221A602B1EBBBF23F00043F2
:10CB7000039300230122ACBF33603260924B039ECB
:10CB8000B34310D10C9A42F20F731360C6F3130330
:10CB9000234300F035851D9B8C4E002B00F037851C
:10CBA000F31C00F032BD9DED028BB5EE408BF1EE33
:10CBB00010FA0AD10C9A012313601D9B13B11D9A20
:10CBC000834B1360834E00F022BD0EAA0FA950467E
:10CBD000B0EE480B01F0A8F8C6F30A530E9A019084
:10CBE000002B46D0B0EE487B18EE901AC1F313012B
:10CBF00041F07F5141F44011A3F2FF33002007EED2
:10CC0000901AB7EE086B9FED685B37EE467B9FEDA1
:10CC1000686BA7EE056B9FED685B07EE903AB8EE88
:10CC2000E74BB0EE467BA4EE057BFDEEC76BB5EEA1
:10CC3000C07BF1EE10FA16EE909A049008D5B8EE8B
:10CC4000E66BB4EE476BF1EE10FA18BF09F1FF394D
:10CC5000B9F1160F2BD8604901EBC90191ED007BAA
:10CC6000B4EEC78BF1EE10FA01D509F1FF390021BE
:10CC70001EE00F9B134403F232412029C1BFC1F1D2
:10CC800040018E4003F2124124FA01F1D6BFC1F1F6
:10CC90002001314304FA01F107EE901AB8EE677BE8
:10CCA000013B17EE901A0120A1F1F871A7E70121CD
:10CCB000D21A531E069345BFC2F101030593002308
:10CCC00000234CBF06930593B9F1000F0B9118DBBD
:10CCD000069BCDF828904B4406930023079A092A17
:10CCE00049D8052AC4BF043A0792079AA2F1020262
:10CCF000CCBF00240124032A48D8DFE802F00B2E21
:10CD00002C3A059B0022A3EB090305930A92C9F173
:10CD10000003E3E700220992089A002A39DC4FF069
:10CD20000108C3464246CDF82080DAF81C500021A5
:10CD3000042000F11406964230D9696050460D93E4
:10CD400000F0C4FC0D9B0646002849D1234B024647
:10CD500040F2AF11F1E60122DDE700220992089AC4
:10CD600009EB020808F1010B5A46012AB8BF01225B
:10CD7000DBE70122F2E701240022079209944FF039
:10CD8000FF380021C34612220891CEE70122099202
:10CD9000F5E7DDF82080C3464246C6E70131400092
:10CDA000C7E700BFAFF3008061436F63A787D23F3F
:10CDB000B3C8608B288AC63FFB799F501344D33F8A
:10CDC00040F801080EFA01080000F07F0AFA010895
:10CDD000DEF90108DDF9010840FB010883FA0108CA
:10CDE000DAF81C20BBF10E0F10603ED8002C3CD0AE
:10CDF000B9F1000F40F30B81BE4A09F00F0102EBBD
:10CE0000C10219F4807F92ED007B4FEA291100F0F6
:10CE1000F280B94A92ED086B88EE066B8DED026BDD
:10CE200001F00F010322B448002940F0E6809DED97
:10CE3000026B86EE077B8DED027B0B999DED027BED
:10CE4000002900F05D81B7EE006BB4EEC67BF1EE19
:10CE500010FA40F15581BBF1000F00F05181B8F19B
:10CE6000000F00F3FA808DED028B0F9A002A03DB8E
:10CE7000B9F10E0F40F3F5810999002940F01682AF
:10CE80000022059D04921C4665B1069A002A09DD20
:10CE9000AA420599A8BF2A46891A05910699AD1A92
:10CEA0008A1A06920BB3099A002A00F04F82002CCE
:10CEB00000F04A8204990D932246504600F0BEFDD0
:10CEC000019A04900146504600F00EFD0199074674
:10CED000504600F03BFC0D9B1B1B00F03A821A46AB
:10CEE0003946504600F0AAFD01900121504600F05D
:10CEF000E5FC0A9B0446002B00F02D821A460146F1
:10CF0000504600F09BFD079B012B044603DC029B6F
:10CF1000002B00F025820027236904EB83031869A6
:10CF200000F07CFC0A97C0F12000069B184410F02A
:10CF30001F0000F03A82C0F12003042B40F32A8244
:10CF4000059BC0F11C0003440593069B0344054464
:10CF50000693059B002B05DD01991A46504600F00B
:10CF6000C7FD0190069B002B05DD21461A46504661
:10CF700000F0BEFD04460B9B002B00F021820198BF
:10CF8000214600F021FE002880F21A820023019938
:10CF90000A22504600F0FCFB099B019009F1FF3783
:10CFA000002B00F00482049900230A22504600F06E
:10CFB000EFFBB8F1000F049003DC079B022B00F39A
:10CFC0000782002D05DD04992A46504600F090FDA9
:10CFD00004900A9B002B00F07682049B504659680F
:10CFE00000F074FB0546002840F02582434B0246C2
:10CFF00040F2EF21A1E5022215E7CF0704D590ED1D
:10D00000006B013227EE067B491008300CE722D076
:10D01000C9F10001374A01F00F0002EBC00292EDA6
:10D02000007B28EE077B8DED027B3348091100243D
:10D03000022229B9002C3FF400AF8DED027BFCE603
:10D04000CD0705D590ED006B0132012427EE067B5C
:10D0500049100830EDE70222EFE6B2EE046B27EE4E
:10D06000067B8DED027B09F1FF37013244469DEDD1
:10D07000026BB1EE0C5B07EE902AB8EEE77BA7EEF1
:10D08000065B15EE902A51EC150BA2F15071002CA5
:10D0900039D1B1EE047B36EE476B41EC170BB4EEA1
:10D0A000C76BF1EE10FA00F3F780B1EE477BB4EEF8
:10D0B000C76BF1EE10FA7FF5D6AE00240494089BFE
:10D0C0003546DF434FF000082146504600F03EFB56
:10D0D000049B002B76D0B8F1000F05D0984503D003
:10D0E0004146504600F032FB0499504600F02EFBBA
:10D0F00068E000BF40FB010818FB010883FA010843
:10D100004F465C46B3E7AD4A02EBC40212ED024B58
:10D11000099A41EC170B344452B3B6EE003BB7EE1C
:10D12000002B354683EE045BB2EE043B35EE477BC5
:10D13000FDEEC64B14EE902AB8EEE45B303236EECC
:10D14000456BB4EEC67BF1EE10FA05F8012B39DC25
:10D1500032EE465BB4EEC57BF1EE10FA00F3BE8012
:10D16000A54200F09B8027EE037B26EE036BDFE7F2
:10D170002146354624EE075BB2EE043BFDEEC64B7E
:10D1800014EE902A303205F8012BA542B8EEE47B6C
:10D1900036EE477B18D1B6EE006B35EE064BB4EE9B
:10D1A000C47BF1EE10FA00F3998036EE456BB4EED5
:10D1B000C67BF1EE10FA0AD50D46013915F8013C8F
:10D1C000302BF9D0B9463CE027EE036BD6E70F9A37
:10D1D000002A8DED028BFFF653AEB9F10E0F3FF72B
:10D1E0004FAE764B03EBC90393ED006B089B002B0E
:10D1F00002DABBF1000F41D09DED027BB2EE044B91
:10D20000354687EE065BBDEEC55B15EE103A303352
:10D2100005F8013BAB1B9B45B8EEC53BA3EE467B37
:10D220006BD137EE077BB4EEC67BF1EE10FA54DC1F
:10D23000B4EE467BF1EE10FA03D115EE103ADB079F
:10D240004BD40199504600F081FA00230C9A2B70C0
:10D2500009F1010313601D9B002B00F0D8811D60B4
:10D26000D5E1564B03EBC90393ED006B089B002BF4
:10D27000C2DABBF1000FBFDC7FF41FAFB1EE047B5D
:10D2800026EE076B9DED027BB4EEC76BF1EE10FA54
:10D29000BFF613AF4F4600240494ABE00F9A002A68
:10D2A0008DED028B02DBB9F10E0FDADD0799012952
:10D2B00030DC049951B302F23342059D1C460D93B4
:10D2C000059B13440593069B012113445046069386
:10D2D00000F0F4FA0D9B0490D6E54F462B461D4610
:10D2E00013F8012D392A04D19E42F8D1302201379A
:10D2F00032701A7801321A7064E727EE047BB5EEBB
:10D30000407BF1EE10FA7FF47CAF9AE70E9AC2F1FF
:10D310003602D2E70BF1FF34A34207DBBBF1000F6B
:10D32000A3EB04040BDB059D5A46C8E70A9A059D4A
:10D33000E31A1A440A9223465A460024BFE7059A84
:10D34000A2EB0B050022BAE7019FC8E501991A4636
:10D35000C7E50197C9E5079B012B17DC029BABB919
:10D36000039BC3F313039BB9039B23F000473F0DBB
:10D370003F0537B1059B01330593069B01330693A7
:10D3800001270A9B002B7FF4C7AD0A970120CCE54B
:10D390000027F6E73FF4DDAD059A1C331A440592E9
:10D3A000069A1A441D440692D3E50346F4E7B8F101
:10D3B000000F2BDC079B022B0ADC27E040FB010857
:10D3C000BBF1000F1CDC079B022B19DDD8464F4632
:10D3D000B8F1000F7FF473AE214643460522504654
:10D3E00000F0D6F901460446019800F0EDFB002854
:10D3F0007FF765AE3546312305F8013B013761E61D
:10D40000099B4F46D846002B7FF4DBAD354601988B
:10D410002146FFF7EFFA00F1300905F8019BAB1B3D
:10D42000984540F3C980019900230A22504600F034
:10D43000AFF90190EBE7049B1A690232920003F105
:10D440000C010C30FFF7C1FA01222946504600F0CA
:10D450004FFB06EB08030893029BDDF81080049055
:10D4600003F00103751C09936B1E21460198059377
:10D47000FFF7C0FA4146069000F13009019800F02C
:10D48000A3FB049A21468346504600F0B9FBC268CC
:10D490000146D2B1504600F059F9BBF1000F34DA21
:10D4A00001990122504600F023FB2146019000F033
:10D4B0008BFB002803DC24D119F0010F21D0B9F136
:10D4C000390F17D12DE00498C3E70B90019800F0B5
:10D4D0007BFB0B990A90504600F038F90A9A82BB00
:10D4E000079B5BB9099B4BB9B9F1390F19D0BBF157
:10D4F000000F06DD069B03F1310902E0BBF1000FCE
:10D500002FDA059D05F8019BDEE5079B53EA0B0327
:10D5100004D1029B03F00103002BC1D0B9F1390FF4
:10D520003BD1DDF814B039230BF8013B5D460BF11C
:10D53000FF3B15F8013C392B5CD001338BF80030F0
:10D54000C2E5BBF1000F07DB079B53EA0B0306D1D3
:10D55000029B03F0010313B9002AA1DCD1E7002AE2
:10D56000DCDC089B05F8019CAB42AB462DD0019951
:10D5700000230A22504600F00BF9049B01909845C5
:10D580004FF00A024FF000034146504609D100F027
:10D59000FFF880460490013566E7059D09F1010911
:10D5A000B0E700F0F5F80499804600230A225046BF
:10D5B00000F0EEF80490EEE7B8F1000FD8BF4FF09E
:10D5C000010806EB080B4FF00008019901225046B4
:10D5D00000F08EFA2146019000F0F6FA0028A5DC52
:10D5E00002D119F0010FA1D15D461BF8013D302B8E
:10D5F000FAD069E55E4599D131230137337063E58F
:10D600001D9B064E1BB106F108031D9A13603046A0
:10D6100011B0BDEC028BBDE8F08F00BF01FA01082C
:10D620000148FFF7C8B900BF700002240148FFF7A6
:10D63000C3B900BF7000022438B50546002941D0A7
:10D6400051F8043C0C1F002BB8BFE418FEF768F833
:10D650001D4A136833B9636014602846BDE838403A
:10D66000FEF764B8A34208D9206821188B4201BF95
:10D6700019685B6809182160EDE71A465B680BB111
:10D68000A342FAD911685018A0420BD12068014476
:10D69000501883421160E0D118685B6853600844F9
:10D6A0001060DAE702D90C232B60D6E72068211836
:10D6B0008B4204BF19685B68636004BF091821606E
:10D6C0005460CAE738BD00BF2CFF012470B5C6699D
:10D6D00004460D4676B91020FDF770FF0246E06162
:10D6E00020B9184B18486B21FDF7E6FEC0E901662A
:10D6F0000660C660E669F36883B1E369DB6853F8E6
:10D700002500B8B9012101FA05F6721D92002046E4
:10D71000FDF7F8FE60B1C0E901560EE021220421B8
:10D720002046FDF7EFFEE369F060DB68002BE4D1F3
:10D73000002070BD026843F825200023C0E90333B0
:10D74000F7E700BF40F8010894FA010870B5C66910
:10D7500005460C4676B91020FDF730FF0246E86119
:10D7600020B9094B09488F21FDF7A6FEC0E90166E3
:10D770000660C6603CB1EB696268DB6853F8221052
:10D78000216043F8224070BD40F8010894FA010876
:10D790002DE9F0410D6907460C461E4601F1140CB7
:10D7A0000020DCF8003099B202FB01611E0C0B0C6A
:10D7B00002FB063389B2013001EB034185424CF88C
:10D7C000041B4FEA1346ECDC0EB3A368AB4219DC32
:10D7D000616838460131FFF779FF804628B9024673
:10D7E0000C4B0D48BA21FDF767FE2269023204F1A5
:10D7F0000C0192000C30FFF7E8F821463846FFF79D
:10D80000A5FF444604EB850301355E612561204692
:10D81000BDE8F08183FA010894FA0108B0F5803F71
:10D82000034636BF030400201020B3F1807F3CBFC5
:10D830001B020830B3F1805F3CBF1B010430B3F121
:10D84000804F03D3002B0ADB013070479B0001D5CA
:10D85000023070475B0001D50330704720207047CD
:10D860000368024613F007000BD0D90721D49807AC
:10D8700049BF5B089B08012013605CBF1360022056
:10D88000704799B209B91B0C1020D9B209B90830F8
:10D890001B0A190704BF1B090430990704BF9B0822
:10D8A0000230D90703D45B0800F1010003D01360F4
:10D8B00070470020704720207047000010B50C46CC
:10D8C0000121FFF703FF024628B9054B054840F246
:10D8D0004511FDF7F1FD01234461036110BD00BF57
:10D8E00083FA010894FA01082DE9F04F14460A69F9
:10D8F00023699A42A8BF23460F46A4BF0C461F4681
:10D90000D4F810A0D7F81090A36861680AEB090654
:10D91000B34285B0B8BF0131FFF7D8FE30B9024637
:10D92000444B45484FF4B171FDF7C6FD00F11405B5
:10D9300005EB86082B460022434521D307F114014D
:10D9400004F1140202EB8A0201EB89030293131B18
:10D95000153B23F00303043304F11507BA4238BF23
:10D9600004230193029B03918B420CD8002E03DD0C
:10D9700058F8043D002B5BD0066105B0BDE8F08F80
:10D9800043F8042BD8E7B1F800A0BAF1000F24D077
:10D9900004F1140EA9464FF0000C5EF8047BD9F890
:10D9A00000301FFA87FB9BB20AFB0B334FEA174B81
:10D9B000D9F8007063444FEA174C0AFB0BC707EB1A
:10D9C00013479BB243EA0743724549F8043B4FEAC9
:10D9D000174CE2D8019B45F803C0039BB3F80290B3
:10D9E0000431B9F1000F21D02B6804F1140CAE46BC
:10D9F0004FF0000ABCF800B0BEF8027009FB0B77CC
:10DA000057449BB243EA07434EF8043B5CF8043B9F
:10DA10004FEA134ABEF8003009FB0A3303EB174301
:10DA200062454FEA134AE5D8019FEB51043599E767
:10DA3000013E9BE783FA010894FA01082DE9F843B7
:10DA4000154612F0030207460E4607D0254C013A50
:10DA5000002354F82220FFF79BFE0646AD103DD070
:10DA6000FC697CB91020FDF7A9FD0246F86128B9D0
:10DA70001D4B1E4840F2B311FDF71EFDC0E90144E5
:10DA80000460C460D7F81C80D8F808404CB940F254
:10DA900071213846FFF712FF0023C8F8080004463A
:10DAA00003604FF00009EB070AD53146224638469D
:10DAB000FFF71AFF314680463846FFF747FE4646D5
:10DAC0006D100BD0206838B9224621463846FFF742
:10DAD0000BFF2060C0F800900446E4E73046BDE844
:10DAE000F88300BF0CFB010840F8010894FA010814
:10DAF0002DE9F0470C464968236903EB6218A368D7
:10DB0000074691464FEA621A08F10106B3420BDB61
:10DB10003846FFF7DBFD054648B90246284B294841
:10DB20004FF4EF71FDF7C8FC01315B00EEE7002315
:10DB300000F1140100F110021846534533DB20694F
:10DB40002AEAEA7A04F1140319F01F0901EB8A01A9
:10DB500003EB800C2BD0C9F1200E8A4600221868F6
:10DB600000FA09F010434AF8040B53F8042B9C45C3
:10DB700022FA0EF2F3D8ACEB0403153B23F00303B7
:10DB8000043304F11500844538BF0423CA500AB198
:10DB900008F10206013E38462E612146FFF7D6FD08
:10DBA0002846BDE8F08742F8040F0133C5E7043981
:10DBB00053F8042B41F8042F9C45F9D8EAE700BF3D
:10DBC00083FA010894FA01080A6903460069801A79
:10DBD00030B50ED11433143103EB820401EB820112
:10DBE00054F8045D51F8042D954203D005D24FF04E
:10DBF000FF3030BDA342F3D3FBE70120F9E700007B
:10DC00002DE9F74F89460646114648461446FFF768
:10DC1000DBFF051E12D129463046FFF757FD0246AD
:10DC200028B93F4B40F237213E48FDF745FC012320
:10DC3000C0E90435104603B0BDE8F08FBCBF4B46C9
:10DC4000A1463046D9F80410BABF1C46012500256C
:10DC5000FFF73CFD024618B9314B40F24521E3E79E
:10DC6000D9F810702669C56009F1100309F114058F
:10DC700004F1140E00F1140B05EB87080EEB860679
:10DC80000193D9464FF0000C019B5EF8040B53F84A
:10DC900004AF01931FFA8AF3194683B2CB1A000C22
:10DCA0006344C0EB1A4000EB23409BB243EA0043BD
:10DCB000764549F8043B4FEA204CE5D8331B153B29
:10DCC00023F0030315340433A64238BF04231D4454
:10DCD0005B441E462C4644450ED308F10301491B04
:10DCE00021F00301033DA84538BF00210B4453F840
:10DCF000041D91B117619DE754F8041BE646080C1A
:10DD00001CFA81FC714400EB2C4089B241EA0041CD
:10DD100046F8041B4FEA204CDDE7013FE7E700BF70
:10DD200083FA010894FA01082DE9F7430F4601210F
:10DD300059EC108B1646FFF7C9FC044630B9024671
:10DD4000234B244840F20F31FDF7B6FBC9F30A55C7
:10DD5000C9F313030DB143F480130193B8F1000329
:10DD600023D068460093FFF77BFDDDE90012D0B1B8
:10DD7000C0F1200302FA03F30B43C2406361019236
:10DD8000019BA361002B0CBF012202222261A5B1DD
:10DD9000A5F2334505443D60C0F1350030602046B2
:10DDA00003B0BDE8F0836161EAE701A8FFF758FD21
:10DDB000019B636120300122E8E704EB8203A0F2BB
:10DDC000324038601869FFF729FDC0EB4210E5E7E3
:10DDD00083FA010894FA010851F8043C181F002B3B
:10DDE000BCBF0B58C01870472DE9F0478E681F461E
:10DDF000BE420B6882460C4690462DD8B1F90C20E5
:10DE000012F4906F26D06569096905EB4505A3EB0F
:10DE1000010905EBD5757B1C4B446D109D4238BF45
:10DE20001D46530527D52946FDF7FAFB064660B384
:10DE300021694A46FEF7C9FDA38923F4906343F0A4
:10DE40008003A381266165614E44A5EB0905266028
:10DE5000A5603E46BE4200D93E4620683246414655
:10DE6000FEF776FCA3689B1BA36023683344236002
:10DE70000020BDE8F0872A46FDF7D2FC06460028C0
:10DE8000E0D121695046FFF7D7FB0C23CAF80030D8
:10DE9000A38943F04003A3814FF0FF30E9E700007E
:10DEA0002DE9F04F98468B891B069DB007460D461D
:10DEB000144610D50B6973B94021FDF7B1FB2860FA
:10DEC000286130B90C233B604FF0FF301DB0BDE836
:10DED000F08F40236B610023099320238DF82930B4
:10DEE000CDF80C803023DFF89C818DF82A304FF07C
:10DEF000010923469A4613F8012B0AB1252AF9D1C4
:10DF0000BAEB040B0BD05B46224629463846FFF796
:10DF10006BFF013000F0A780099A5A4409929AF8E1
:10DF20000030002B00F09F8000234FF0FF32CDE93E
:10DF300005230AF1010A049307938DF853301A93CD
:10DF40005446052214F8011B4E48E2F7B9F9049A29
:10DF5000D8B9D00644BF20238DF85330110744BFF1
:10DF60002B238DF853309AF800302A2B15D0079ABE
:10DF7000544600204FF00A0C214611F8013B303B7B
:10DF8000092B4BD9B0B1079214E0A0EB080309FAB2
:10DF900003F313430493A246D2E7039B191D1B68A6
:10DFA0000391002BBBBF5B4242F002020793079331
:10DFB000B8BF049223782E2B0AD163782A2B32D152
:10DFC000039B1A1D1B68039243EAE3730234059313
:10DFD000DFF8C0A0217803225046E2F771F938B18A
:10DFE000049BA0EB0A0040228240134301340493B7
:10DFF00014F8011B24488DF828100622E2F760F976
:10E00000002836D0214B1BBB039B073323F00703AB
:10E0100008330393099B334409936AE70CFB0232EC
:10E020000C460120A8E700230134059319464FF060
:10E030000A0C204610F8012B303A092A03D9002B8C
:10E04000C6D00591C4E70CFB012104460123F0E78B
:10E0500003AB00932A460E4B04A93846FDF720FD7A
:10E06000421C0646D6D1AB895B063FF52DAF099819
:10E070002CE703AB00932A46054B04A93846FDF76D
:10E08000A3FFEDE708FC010812FC0108A1BA010892
:10E09000E9DD01080EFC01089368013B002B10B478
:10E0A000936008DA9469A34201DB0A2903D15DF881
:10E0B000044BFEF7A9BA1368581C10601970084683
:10E0C0005DF8044B7047F8B506460F461446D51860
:10E0D000AC4201D1002007E014F8011B3A4630465B
:10E0E000FFF7DAFF431CF3D1F8BD00002DE9F04F34
:10E0F0000D469DB014469846064618B1036A0BB902
:10E10000FEF71AF96B6ED90705D4AB899A0502D4CC
:10E11000A86DFEF750FCAB891B0701D52B699BB995
:10E1200029463046FEF7AEFA70B16B6EDC0704D5B7
:10E130004FF0FF301DB0BDE8F08FAB899805F7D4E4
:10E14000A86DFEF739FCF3E70023099320238DF82F
:10E150002930CDF80C803023DFF8AC818DF82A30DF
:10E160004FF0010923469A4613F8012B0AB1252ADC
:10E17000F9D1BAEB040B0BD05B4622462946304658
:10E18000FFF7A1FF013000F0A780099A5A440992D5
:10E190009AF80030002B00F09F8000234FF0FF32F0
:10E1A000CDE905230AF1010A049307938DF8533052
:10E1B0001A935446052214F8011B5348E2F780F8DD
:10E1C000049AD8B9D10644BF20238DF853301307E1
:10E1D00044BF2B238DF853309AF800302A2B15D0EA
:10E1E000079A544600204FF00A0C214611F8013BD3
:10E1F000303B092B4BD9B0B1079214E0A0EB0803D8
:10E2000009FA03F313430493A246D2E7039B191DB3
:10E210001B680391002BBBBF5B4242F002020793D5
:10E220000793B8BF049223782E2B0AD163782A2B48
:10E2300032D1039B1A1D1B68039243EAE373023435
:10E240000593DFF8D4A0217803225046E2F738F88E
:10E2500038B1049BA0EB0A004022824013430134F2
:10E26000049314F8011B29488DF828100622E2F7C0
:10E2700027F800283FD0264B1BBB039B073323F016
:10E28000070308330393099B3B4409936AE70CFB9C
:10E2900002320C460120A8E70023013405931946F9
:10E2A0004FF00A0C204610F8012B303A092A03D906
:10E2B000002BC6D00591C4E70CFB012104460123C5
:10E2C000F0E703AB00932A46124B04A93046FDF752
:10E2D000E7FB0746781CD6D16B6ED90705D4AB890E
:10E2E0009A0502D4A86DFEF767FBAB895B063FF584
:10E2F0001FAF09981EE703AB00932A46054B04A9FC
:10E300003046FDF761FEE4E708FC010812FC010855
:10E31000A1BA0108C7E001080EFC0108B1F90C2000
:10E320002DE9F041170705460C4656D44B68002BE3
:10E3300002DC0B6C002B3DDDE66A002E3AD0002398
:10E3400012F480522F68216A2B6025D0626DA38958
:10E35000580705D56368D21A636B0BB1236CD21AC8
:10E36000216AE66A00232846B047411C24D00023D6
:10E37000636023692360A389DA0400D56065616B5B
:10E380002F60B9B104F14403994202D02846FFF747
:10E3900053F9002363630DE001232846B047461C70
:10E3A0000246D4D12B68002BD1D01D2B01D0162BC7
:10E3B0002BD12F6000202FE02A68B4F90C3042B135
:10E3C0001D2A01D0162A22D100236360236923600D
:10E3D000D5E7626022692260CEE70F69002FE9D09D
:10E3E00093070E6808BF4B690F6018BF0023A6EBA8
:10E3F00007088B60B8F1000FDCDD216AA66A43468E
:10E400003A462846B047002808DCB4F90C3043F0FF
:10E410004003A3814FF0FF30BDE8F0810744A8EB33
:10E420000008E7E738B50B6905460C4613B9002527
:10E43000284638BD18B1036A0BB9FDF77DFFB4F962
:10E440000C30002BF3D0626ED00704D4990502D4AF
:10E45000A06DFEF7B0FA28462146FFF75FFF636E16
:10E46000DA070546E4D4A3899B05E1D4A06DFEF745
:10E47000A3FADDE770B50C46B1F90E10002996B08D
:10E4800015461E460DDAA38913F0800F4FF00001E8
:10E4900014BF40234FF48063002031602B6016B01E
:10E4A00070BD6A4600F078F80028ECDB019901F4B1
:10E4B0007041A1F50053594259414FF48063EBE795
:10E4C0008B89F7B59D0706460C4607D504F147032F
:10E4D000236023610123636103B0F0BD01AB6A4691
:10E4E000FFF7C8FF009F054639463046FDF798F80C
:10E4F00048B9B4F90C309A05EED423F0030343F085
:10E500000203A381E2E7A389206043F08003A38193
:10E51000019BC4E904075BB1B4F90E10304600F06A
:10E520004DF828B1A38923F0030343F00103A3812D
:10E53000A3891D43A581CFE71F2938B505460C46A1
:10E5400004D9162303604FF0FF3038BDC26B12B1FF
:10E5500052F821304BB9284600F052F822460146C5
:10E560002846BDE8384000F039B8012B0AD0591CC4
:10E5700003D1162303600120E7E7002142F82410AD
:10E58000204698470020E0E7024B01461868FFF755
:10E59000D3BF00BF3803002438B5074D002304461D
:10E5A000084611462B60E3F765FA431C02D12B683D
:10E5B00003B1236038BD00BF6C00022438B5064D9E
:10E5C0000023044608462B60E3F764FA431C02D19B
:10E5D0002B6803B1236038BD6C00022438B5074DA9
:10E5E00000230446084611462B60E3F7FFF9431C5D
:10E5F00002D12B6803B1236038BD00BF6C00022438
:10E60000E3F7ECB982B001B901A942B14BB113787B
:10E610000B601278101E18BF012002B07047104620
:10E62000FBE76FF00100F8E70346084641B1FF2A17
:10E6300004D98A221A604FF0FF3070470A70012017
:10E64000704700002DE9F047089D0C46002B4ED185
:10E6500094468C458646B2FA82F262D94AB1C2F13A
:10E660002003914020FA03F30CFA02FC194300FA4C
:10E6700002FE4FEA1C471FFA8CF6B1FBF7F44FEA93
:10E680001E4307FB141143EA014304FB06F19942C0
:10E690000AD91CEB030304F1FF3080F01281994288
:10E6A00040F20F81023C6344591A1FFA8EF3B1FB0A
:10E6B000F7F007FB101143EA014300FB06F69E4208
:10E6C0000AD91CEB030300F1FF3180F0FC809E426D
:10E6D00040F2F980634402389B1B40EA0440002169
:10E6E0001DB1D3400022C5E90032BDE8F0878B425E
:10E6F00005D90DB1C5E9000100210846F5E7B3FAD7
:10E7000083F1002946D1A34202D39042C0F0F080A9
:10E71000861A64EB03030120002DE6D0C5E90063EF
:10E72000E3E7002A40F09080A1EB0C044FEA1C487C
:10E730001FFA8CF70121B4FBF8F64FEA1E4308FBE1
:10E74000164443EA044307FB06F0984208D91CEB41
:10E75000030306F1FF3402D2984200F2CD80264630
:10E760001C1A1FFA8EF3B4FBF8F008FB104443EABE
:10E77000044300FB07F79F4208D91CEB030300F199
:10E78000FF3402D29F4200F2B0802046DB1B40EAF9
:10E790000640A5E7C1F120068B4022FA06F71F4389
:10E7A00020FA06FC04FA01F343EA0C03F44000FAF1
:10E7B00001F8380C4FEA1349B4FBF0FE1FFA87FC4E
:10E7C00000FB1E4449EA04440EFB0CF9A14502FA81
:10E7D00001F20AD93C190EF1FF3A80F08480A1457C
:10E7E00040F28180AEF1020E3C44A4EB09041FFA12
:10E7F00083F9B4FBF0F300FB134449EA044403FB40
:10E800000CFCA44507D93C1903F1FF3067D2A4459D
:10E8100065D9023B3C4443EA0E40A0FB0293A4EBC3
:10E820000C049C42CE469C4651D34ED055B1B8EB19
:10E830000E0364EB0C0404FA06F6CB401E43CC40F6
:10E84000C5E90064002150E7C2F1200320FA03F17A
:10E850000CFA02FC24FA03F394400C434FEA1C48E0
:10E8600000FA02FE1FFA8CF7B3FBF8F008FB103138
:10E87000230C43EA014300FB07F1994208D91CEB42
:10E88000030300F1FF362CD299422AD9023863449F
:10E890005B1AA4B2B3FBF8F108FB113344EA03445A
:10E8A00001FB07F3A34208D91CEB040401F1FF3676
:10E8B00013D2A34211D902396444E41A41EA004157
:10E8C00039E70446F0E6084606E7C845AED2B9EB9C
:10E8D000020E63EB070C0138A8E73146EDE703466B
:10E8E00099E73046D4E7D6467FE7634402384DE7E0
:10E8F0000646234608460FE7023E634430E700BF62
:10E90000F8B500BFF8BC08BC9E467047F8B500BF1C
:08E91000F8BC08BC9E467047EC
:10E918007374617274204150502048616E646C6554
:10E928000000000001020304050600004661696C4E
:10E93800656420746F207075626C697368206172F9
:10E948006D20666565646261636B2E004572726F47
:10E9580072206F6E206C696E652025643A202564EC
:10E968002E2041626F7274696E672E0A00000000E3
:10E978004572726F72206F6E2064656661756C7483
:10E9880020616C6C6F6361746F727320286C696EA0
:10E9980065202564290A0000756172742073657208
:10E9A800766F3A25642C2025642C2025640A000003
:10E9B800524F5320446F6D61696E2049443A256473
:10E9C8000A0000005265636F6E6E656374696E6756
:10E9D800206167656E742E2E2E00000053746172DC
:10E9E800742059425F4578616D706C655F4E6F6445
:10E9F8006500000059425F4578616D706C655F4E37
:10EA08006F64650061726D5F6A6F696E7400000003
:10EA180061726D365F6A6F696E74730061726D360C
:10EA28005F6A6F696E74735F666565646261636B64
:10EA3800000000006578656375746F725F636F75B9
:10EA48006E743A25640A0000524F53205461736B68
:10EA580020456E6400000000526573746172742072
:10EA680053797374656D2121210000006465666126
:10EA7800756C745461736B006D795461736B526F6C
:10EA880073000000696400006A6F696E740000001A
:10EA980074696D650000000061726D5F6D73677366
:10EAA8005F5F6D736700000041726D4A6F696E7435
:10EAB800000000006A6F696E743100006A6F696E49
:10EAC800743200006A6F696E743300006A6F696E91
:10EAD800743400006A6F696E743500006A6F696E7D
:10EAE8007436000074696D650000000061726D5F26
:10EAF8006D7367735F5F6D736700000041726D4AE5
:10EB08006F696E747300000049444C4500000000B2
:10EB1800546D722053766300546D725100000000EA
:10EB2800047DC12502000000FFD7F232000000007A
:10EB3800FFFD000058524345010F0000FFFE000092
:10EB480074EA010800000000000000000000000056
:10EB580000000000D00700000800000000000000CE
:10EB68000000000080EA010800000000000000002A
:10EB78000000000000000000E02E00001800000067
:10EB88000000000000000000000000000102030473
:10EB980001020304060708090006101600061016ED
:10EBA800010002000400060008000A000C00100022
:10EBB800200040008000000101010103070100005E
:10EBC8000804020408010101A0EA0108B0EA0108EA
:10EBD80003000000060000002400002485B6000899
:10EBE8009FB60008F4EA010804EB010807000000DA
:10EBF8000E000000E400002413B700082DB7000839
:10EC080061726D5F6D73677300000000726F7369E6
:10EC1800646C5F74797065737570706F72745F6916
:10EC28006E74726F7370656374696F6E5F635F5F34
:10EC38006765745F6D6573736167655F7479706527
:10EC48005F737570706F72745F68616E646C655F16
:10EC58005F61726D5F6D7367735F5F6D73675F5F31
:10EC680041726D4A6F696E7473000000726F736948
:10EC7800646C5F74797065737570706F72745F6DB2
:10EC88006963726F787263656464735F635F5F67FB
:10EC980065745F6D6573736167655F747970655FCF
:10ECA800737570706F72745F68616E646C655F5FB6
:10ECB80061726D5F6D7367735F5F6D73675F5F41EF
:10ECC800726D4A6F696E747300000000726F736929
:10ECD800646C5F74797065737570706F72745F6956
:10ECE8006E74726F7370656374696F6E5F63000032
:10ECF800726F7369646C5F74797065737570706F27
:10ED080072745F6D6963726F787263656464735F50
:10ED180063000000D4EC0108F8EC010802000000D0
:10ED280008EC01081CED010838ED010898020024E0
:10ED380014EC010874EC0108726F7369646C5F74F9
:10ED4800797065737570706F72745F696E74726FC5
:10ED58007370656374696F6E5F635F5F6765745F27
:10ED68006D6573736167655F747970655F737570DE
:10ED7800706F72745F68616E646C655F5F61726DFD
:10ED88005F6D7367735F5F6D73675F5F41726D4A35
:10ED98006F696E7400000000726F7369646C5F7451
:10EDA800797065737570706F72745F6D6963726F77
:10EDB800787263656464735F635F5F6765745F6DD2
:10EDC8006573736167655F747970655F737570707B
:10EDD8006F72745F68616E646C655F5F61726D5FAE
:10EDE8006D7367735F5F6D73675F5F41726D4A6FC5
:10EDF800696E7400D4EC0108F8EC01080200000008
:10EE080008EC0108FCED010818EE0108AC0200242A
:10EE180040ED0108A0ED010861726D5F6D736773C5
:10EE28003A3A6D736700000000000000000000001F
:10EE380000000000000000000000000000000000CA
:10EE480000000000000000000000000000000000BA
:10EE580000000000000000000000000000000000AA
:10EE6800000000000000000000000000000000009A
:10EE7800000000000000000000000000000000008A
:10EE8800000000000000000000000000000000007A
:10EE9800000000000000000000000000000000006A
:10EEA800000000000000000000000000000000005A
:10EEB8000000000000000000010000000500000044
:10EEC8000202000000000000000000000000000036
:10EED800000000000000000000000000000000002A
:10EEE800000000000000000000000000000000001A
:10EEF800000000000000000000000000000000000A
:10EF08000000000000000000010000000A000000EE
:10EF180001020000000000000000000000000000E6
:10EF280000000000000000000000000000000000D9
:10EF380000000000000000000000000000000000C9
:10EF480000000000000000000000000000000000B9
:10EF58000000000000000000524F535F4C4F434137
:10EF68004C484F53545F4F4E4C5900002E00000040
:10EF78002F0000002F257300257325730000000063
:10EF880025732F257300000000000000000000001A
:10EF98000000000000000000010000000A0000005E
:10EFA8000102000000000000000000000000000056
:10EFB8000000000000000000000000000000000049
:10EFC8000000000000000000000000000000000039
:10EFD8000000000000000000000000000000000029
:10EFE8000000000000000000524F535F5345435596
:10EFF800524954595F454E41424C450074727565FB
:10F0080000000000524F535F53454355524954592D
:10F018005F5354524154454759000000456E666F8E
:10F0280072636500656E636C61766573000000004D
:10F03800524F535F53454355524954595F4B4559B5
:10F0480053544F5245000000524F535F53454355A8
:10F05800524954595F454E434C4156455F4F5645BA
:10F068005252494445000000000000000000000022
:10F07800010000000A00000001020000000000007A
:10F088000000000000000000000000000000000078
:10F098000000000000000000000000000000000068
:10F0A8000000000000000000000000000000000058
:10F0B8000000000000000000000000000000000048
:10F0C80072636C5F76616C69646174655F656E63B9
:10F0D8006C6176655F6E616D655F776974685F7393
:10F0E800697A6528293A20756E6B6E6F776E207283
:10F0F8006D775F76616C69646174655F6E616D657B
:10F1080073706163655F776974685F73697A65288E
:10F118002920726573756C74202725642700000008
:10F1280000000000000000000000000000000000D7
:10F1380000000000000000000000000000000000C7
:10F1480000000000000000000000000000000000B7
:10F1580000000000000000000000000000000000A7
:10F168000000000000000000617267756D656E7434
:10F1780020656E765F6E616D65206973206E756CB3
:10F188006C000000617267756D656E7420656E763F
:10F198005F76616C7565206973206E756C6C000014
:10F1A800650000003A3A000025732573257325731E
:10F1B80025732573257300005F00000064647300E5
:10F1C80072740000726D775F76616C696461746552
:10F1D8005F6E616D65737061636528293A20756E8D
:10F1E8006B6E6F776E20726D775F76616C696461A4
:10F1F80074655F66756C6C5F746F7069635F6E6170
:10F208006D65282920726573756C7420272564271D
:10F2180000000000756E6B6E6F776E2072657375F7
:10F228006C7420636F646520666F7220726D77203E
:10F238006E616D6573706163652076616C69646188
:10F2480074696F6E000000006E616D6573706163B4
:10F2580065206D757374206E6F7420626520656D0E
:10F26800707479006E616D657370616365206D758A
:10F278007374206265206162736F6C7574652C20ED
:10F288006974206D757374206C6561642077697486
:10F2980068206120272F27006E616D657370616398
:10F2A80065206D757374206E6F7420656E642077A9
:10F2B800697468206120272F272C20756E6C657370
:10F2C80073206F6E6C79206120272F2700000000C3
:10F2D8006E616D657370616365206D757374206E02
:10F2E8006F7420636F6E7461696E20636861726108
:10F2F8006374657273206F74686572207468616ED8
:10F3080020616C7068616E756D65726963732C201D
:10F31800275F272C206F7220272F27006E616D65CD
:10F328007370616365206D757374206E6F742063EC
:10F338006F6E7461696E20726570656174656420B2
:10F34800272F27006E616D657370616365206D7589
:10F358007374206E6F742068617665206120746F05
:10F368006B656E20746861742073746172747320A5
:10F37800776974682061206E756D6265720000009F
:10F388006E616D6573706163652073686F756C6419
:10F39800206E6F74206578636565642027524D5729
:10F3A8005F4E414D4553504143455F4D41585F4E77
:10F3B800414D455F4C454E4754482700000000002A
:10F3C80050F201086CF20108A0F20108D8F2010815
:10F3D80024F301084CF3010888F30108756E6B6E7D
:10F3E8006F776E20726573756C7420636F64652027
:10F3F800666F7220726D77206E6F6465206E616D26
:10F40800652076616C69646174696F6E0000000044
:10F418006E6F6465206E616D65206D757374206E06
:10F428006F7420626520656D707479006E6F646515
:10F43800206E616D65206D757374206E6F74206326
:10F448006F6E7461696E206368617261637465725E
:10F4580073206F74686572207468616E20616C70C7
:10F4680068616E756D6572696373206F7220275FBE
:10F47800270000006E6F6465206E616D65206D75F4
:10F488007374206E6F74207374617274207769745A
:10F49800682061206E756D62657200006E6F64652C
:10F4A800206E616D65206C656E6774682073686F87
:10F4B800756C64206E6F74206578636565642027B9
:10F4C80032353527000000000000000018F401085C
:10F4D80034F401087CF40108A4F40108726F73691C
:10F4E800646C5F74797065737570706F72745F6344
:10F4F800000000000000C1C081C1400101C3C00379
:10F50800800241C201C6C006800741C70005C1C5C7
:10F5180081C4400401CCC00C800D41CD000FC1CF87
:10F5280081CE400E000AC1CA81CB400B01C9C00977
:10F53800800841C801D8C018801941D9001BC1DB17
:10F5480081DA401A001EC1DE81DF401F01DDC01DC7
:10F55800801C41DC0014C1D481D5401501D7C017E7
:10F56800801641D601D2C012801341D30011C1D1F7
:10F5780081D0401001F0C030803141F10033C1F337
:10F5880081F240320036C1F681F7403701F5C035C7
:10F59800803441F4003CC1FC81FD403D01FFC03F87
:10F5A800803E41FE01FAC03A803B41FB0039C1F977
:10F5B80081F840380028C1E881E9402901EBC02BD7
:10F5C800802A41EA01EEC02E802F41EF002DC1EDC7
:10F5D80081EC402C01E4C024802541E50027C1E7E7
:10F5E80081E640260022C1E281E3402301E1C021F7
:10F5F800802041E001A0C060806141A10063C1A3F7
:10F6080081A240620066C1A681A7406701A5C065C6
:10F61800806441A4006CC1AC81AD406D01AFC06F86
:10F62800806E41AE01AAC06A806B41AB0069C1A976
:10F6380081A840680078C1B881B9407901BBC07B16
:10F64800807A41BA01BEC07E807F41BF007DC1BDC6
:10F6580081BC407C01B4C074807541B50077C1B7E6
:10F6680081B640760072C1B281B3407301B1C071F6
:10F67800807041B00050C190819140510193C053B6
:10F68800805241920196C056805741970055C195C6
:10F6980081944054019CC05C805D419D005FC19F86
:10F6A800819E405E005AC19A819B405B0199C05976
:10F6B800805841980188C04880494189004BC18BD6
:10F6C800818A404A004EC18E818F404F018DC04DC6
:10F6D800804C418C0044C184818540450187C047E6
:10F6E800804641860182C042804341830041C181F6
:10F6F8008180404000000000000000000000000081
:10F708000000000000000000E9990108ED990108D7
:10F7180000000000000000000000000000000000E1
:10F72800ED990108F1990108F59901080000000018
:10F738000000000000000000F1990108F599010897
:10F74800F999010800000000000000000000000016
:10F7580000000000000000000000000000000000A1
:10F768000000000000000000000000000000000091
:10F778000000000000000000000000000000000081
:10F788000000000000000000000000000000000071
:10F798000000000000000000000000000000000061
:10F7A80000000000524F535F444F4D41494E5F499E
:10F7B8004400000025732F25732573007B6E6F644A
:10F7C800657D00007B6E737D000000007B6E616DBF
:10F7D8006573706163657D00000000000000000033
:10F7E80063647200726D775F6D6963726F787263BC
:10F7F8006564647300000000ECF701082C2066754E
:10F808006E6374696F6E3A20006173736572746910
:10F818006F6E2022257322206661696C65643A2028
:10F8280066696C6520222573222C206C696E652020
:10F838002564257325730A005245454E54206D6191
:10F848006C6C6F6320737563636565646564002F12
:10F858005F5F772F61726D2D6E6F6E652D656162CA
:10F86800692D6763632D787061636B2F61726D2DED
:10F878006E6F6E652D656162692D6763632D7870A3
:10F8880061636B2F6275696C642F77696E33322DF3
:10F898007836342F736F75726365732F6E65776C66
:10F8A80069622D63796777696E2F6E65776C696217
:10F8B8002F6C6962632F7374646C69622F72616E56
:10F8C800642E6300002020202020202020202828CB
:10F8D8002828282020202020202020202020202008
:10F8E8002020202020881010101010101010101048
:10F8F8001010101010040404040404040404041078
:10F908001010101010104141414141410101010105
:10F9180001010101010101010101010101010101CF
:10F9280010101010101042424242424202020202DB
:10F93800020202020202020202020202020202029F
:10F94800101010102000000000000000000000004F
:10F95800000000000000000000000000000000009F
:10F96800000000000000000000000000000000008F
:10F97800000000000000000000000000000000007F
:10F98800000000000000000000000000000000006F
:10F99800000000000000000000000000000000005F
:10F9A800000000000000000000000000000000004F
:10F9B800000000000000000000000000000000003F
:10F9C8000000000000494E4600696E66004E414E38
:10F9D800006E616E003000303132333435363738DE
:10F9E80039414243444546003031323334353637A5
:10F9F800383961626364656600496E66696E697468
:10FA080079004E614E002F5F5F772F61726D2D6E0A
:10FA18006F6E652D656162692D6763632D7870610E
:10FA2800636B2F61726D2D6E6F6E652D65616269F6
:10FA38002D6763632D787061636B2F6275696C64E1
:10FA48002F77696E33322D7836342F736F75726362
:10FA580065732F6E65776C69622D63796777696E58
:10FA68002F6E65776C69622F6C6962632F7374649B
:10FA78006C69622F64746F612E630042616C6C6FF5
:10FA88006320737563636565646564002F5F5F77E2
:10FA98002F61726D2D6E6F6E652D656162692D67C0
:10FAA80063632D787061636B2F61726D2D6E6F6E5D
:10FAB800652D656162692D6763632D787061636B7D
:10FAC8002F6275696C642F77696E33322D783634FE
:10FAD8002F736F75726365732F6E65776C69622D0E
:10FAE80063796777696E2F6E65776C69622F6C69C9
:10FAF80062632F7374646C69622F6D707265632E14
:10FB08006300000005000000190000007D000000EF
:10FB18000080E03779C34143176E05B5B5B8934601
:10FB2800F5F93FE9034F384D321D30F94877825ACD
:10FB38003CBF737FDD4F1575000000000000F03FEB
:10FB480000000000000024400000000000005940B0
:10FB58000000000000408F40000000000088C34003
:10FB680000000000006AF8400000000080842E4178
:10FB780000000000D01263410000000084D79741C4
:10FB88000000000065CDCD41000000205FA00242CA
:10FB9800000000E876483742000000A2941A6D423F
:10FBA800000040E59C30A2420000901EC4BCD64232
:10FBB80000003426F56B0C430080E03779C34143DD
:10FBC80000A0D8855734764300C84E676DC1AB4353
:10FBD800003D9160E458E143408CB5781DAF154471
:10FBE80050EFE2D6E41A4B4492D54D06CFF080444C
:10FBF800F64AE1C7022DB544B49DD9794378EA4461
:10FC0800232D302B2000686C4C00656667454647FD
:0CFC1800004300504F534958002E0000DC
:08FC24007C06FE7F01000000D8
:0CFC2C0069040008A5E50008D5E5000803
:04FC38004504000877
:10FC3C00D007D007D007D007CE051C0C1E01000042
:10FC4C00A80600240090D0030090D0031000000000
:10FC5C00010000008CEA0108080000000000000010
:10FC6C000000000000000000000000000000000088
:10FC7C000000000000000000000000000000000078
:10FC8C000000000000000000000000000000000068
:10FC9C0090EA01080B0000000000000000000000CA
:10FCAC000000000000000000000000000200000046
:10FCBC000000000000000000000000000000000038
:10FCCC0000000000000000000000000098EA01089D
:10FCDC000B0000000000000000000000000000000D
:10FCEC000000000000000000040000000000000004
:10FCFC0000000000000000000000000000000000F8
:10FD0C00000000000000000000000000D0EB010823
:10FD1C00BD530108BCEA01080B0000000000000004
:10FD2C0000000000000000000000000000000000C7
:10FD3C0000000000000000000000000000000000B7
:10FD4C0000000000000000000000000000000000A7
:10FD5C00C4EA01080B0000000000000000000000D5
:10FD6C000000000000000000000000000200000085
:10FD7C000000000000000000000000000000000077
:10FD8C00000000000000000000000000CCEA0108A8
:10FD9C000B0000000000000000000000000000004C
:10FDAC000000000000000000040000000000000043
:10FDBC000000000000000000000000000000000037
:10FDCC000000000000000000D4EA01080B00000055
:10FDDC000000000000000000000000000000000017
:10FDEC000000000006000000000000000000000001
:10FDFC0000000000000000000000000000000000F7
:10FE0C0000000000DCEA01080B000000000000000C
:10FE1C0000000000000000000000000000000000D6
:10FE2C0008000000000000000000000000000000BE
:10FE3C0000000000000000000000000000000000B6
:10FE4C00E4EA01080B0000000000000000000000C4
:10FE5C000000000000000000000000000A0000008C
:10FE6C000000000000000000000000000000000086
:10FE7C00000000000000000000000000ECEA010897
:10FE8C000B0000000000000000000000000000005B
:10FE9C0000000000000000000C000000000000004A
:10FEAC000000000000000000000000000000000046
:10FEBC00000000000000000000000000ECEB010856
:10FECC00BD530108AAAAAAAA45B7000875E70008FD
:10FEDC000000000024ED0108D1530108B5B600085C
:10FEEC0055E800080000000004EE0108D153010899
:10FEFC00F8EC0108CC020024BD53010820EE0108E7
:10FF0C0068EC0108A9E600085DE6000851E6000867
:10FF1C0045E6000861E70008F8EC0108F40200244B
:10FF2C00BD53010820EE010894ED0108D5E7000847
:10FF3C00B1E7000801E800087DE700082DE800089B
:10FF4C00252A0108212A01081D2A0108192A01085D
:10FF5C0000000000E4F40108D4EC010800000000EB
:10FF6C000300000030FF01243C03002400000000CB
:10FF7C0030FF012498FF012400000224000000003F
:10FF8C000000000000000000000000000000000065
:10FF9C000000000000000000000000000000000055
:10FFAC000000000000000000000000000000000045
:10FFBC0000000000000000004300000000000000F2
:10FFCC000000000000000000000000000000000025
:10FFDC0000000000000000004300000000000000D2
:10FFEC000000000000000000000000000000000005
:04FFFC000000000001
:020000040802F0
:1000000000000000430000000000000000000000AD
:1000100000000000000000000000000000000000E0
:10002000000000004300000000000000000000008D
:1000300000000000000000000000000000000000C0
:10004000000000004300000000000000000000006D
:1000500000000000000000000000000000000000A0
:10006000000000004300000000000000000000004D
:100070000000000000000000000000000000000080
:10008000000000004300000000000000000000002D
:100090000000000000000000000000000000000060
:1000A0000000000029E6010805E601080000000044
:1000B000CCF8010821FC01083FF801083FF80108CD
:1000C0003FF801083FF801083FF801083FF8010830
:1000D0003FF801083FF801083FF80108FFFFFFFF64
:1000E000FFFFFFFFFFFFFFFFFFFF00000100415385
:1000F000434949000000000000000000000000002B
:10010000000000000000000000000000000041535B
:10011000434949000000000000000000000000000A
:1001200000000000000000000000000000000000CF
:040000050800210DC1
:00000001FF
